alarm_id,timestamp,source_system,host,service,severity,alarm_type,message,veri_merkezi,kabin,ortam
ALM-01499,2026-09-10T01:30:20,OBM,ao-042-load,load-balancer,4,cert_expiry,Sertifika 26 gun icinde suresi dolacak,dc2,rack-A,prod
ALM-02839,2026-09-10T01:30:23,Zabbix,ao-014-session,session-service,2,network_flap,Arayuz ens192 link durumu 50 kez degisti,dc2,rack-C,prod
ALM-02927,2026-09-10T01:30:30,AppDynamics,ao-054-payment,payment-provider-gw,2,disk_warn,"Disk kullanimi uyari seviyesinde, yuzde 29 dolu",dc2,rack-A,prod
ALM-02545,2026-09-10T01:30:32,SyslogNG,ao-053-payment,payment-provider-gw,2,log_rotate,"Log rotasyonu beklenenden uzun surdu, 76 saniye",dc1,rack-C,prod
ALM-02229,2026-09-10T01:30:36,SyslogNG,ao-006-mobile,mobile-bff,4,network_flap,Arayuz eth0 link durumu 59 kez degisti,dc2,rack-A,prod
ALM-01638,2026-09-10T01:30:37,SyslogNG,ao-013-session,session-service,3,network_flap,Arayuz ens192 link durumu 31 kez degisti,dc1,rack-B,prod
ALM-02023,2026-09-10T01:30:38,OBM,ao-047-ntp,ntp-service,1,log_rotate,"Log rotasyonu beklenenden uzun surdu, 88 saniye",dc1,rack-C,prod
ALM-01706,2026-09-10T01:30:53,OBM,ao-045-dns,dns-resolver,3,mem_high,Bellek kullanimi yuzde 38 seviyesinde,dc1,rack-A,prod
ALM-01698,2026-09-10T01:30:55,Zabbix,ao-012-session,session-service,1,mem_high,Bellek kullanimi yuzde 52 seviyesinde,dc2,rack-A,prod
ALM-01738,2026-09-10T01:31:00,OBM,ao-032-subscriber,subscriber-db,2,cpu_high,CPU kullanimi yuzde 66,dc2,rack-C,prod
ALM-02966,2026-09-10T01:31:05,OBM,ao-020-billing,billing-service,1,ntp_drift,Saat sapmasi 22 ms,dc2,rack-C,prod
ALM-02076,2026-09-10T01:31:12,OBM,ao-046-dns,dns-resolver,1,ntp_drift,Saat sapmasi 28 ms,dc2,rack-B,prod
ALM-01358,2026-09-10T01:31:13,AppDynamics,ao-017-subscriber,subscriber-service,3,disk_warn,"Disk kullanimi uyari seviyesinde, yuzde 71 dolu",dc1,rack-C,prod
ALM-02387,2026-09-10T01:31:14,SyslogNG,ao-012-session,session-service,1,disk_warn,"Disk kullanimi uyari seviyesinde, yuzde 45 dolu",dc2,rack-A,prod
ALM-01582,2026-09-10T01:31:20,OBM,ao-033-subscriber,subscriber-db,2,network_flap,Arayuz bond0 link durumu 38 kez degisti,dc1,rack-A,prod
ALM-01825,2026-09-10T01:31:30,Zabbix,ao-034-billing,billing-db,1,backup_warn,Yedekleme isi 81 dakika gecikmeli tamamlandi,dc2,rack-B,prod
ALM-02469,2026-09-10T01:31:31,SyslogNG,ao-031-subscriber,subscriber-db,3,disk_warn,"Disk kullanimi uyari seviyesinde, yuzde 88 dolu",dc1,rack-B,prod
ALM-02170,2026-09-10T01:31:33,AppDynamics,ao-007-web,web-bff,2,disk_warn,"Disk kullanimi uyari seviyesinde, yuzde 20 dolu",dc1,rack-B,prod
ALM-01746,2026-09-10T01:31:39,Prometheus,ao-005-mobile,mobile-bff,1,ntp_drift,Saat sapmasi 37 ms,dc1,rack-C,prod
ALM-02590,2026-09-10T01:31:47,Zabbix,ao-028-order,order-service,1,backup_warn,Yedekleme isi 67 dakika gecikmeli tamamlandi,dc2,rack-B,prod
ALM-02181,2026-09-10T01:31:49,Prometheus,ao-015-subscriber,subscriber-service,2,latency_high,"Yanit suresi p99 esigi asti, 88 ms",dc1,rack-A,prod
ALM-02662,2026-09-10T01:31:49,AppDynamics,ao-004-mobile,mobile-bff,2,latency_high,"Yanit suresi p99 esigi asti, 44 ms",dc2,rack-B,prod
ALM-02582,2026-09-10T01:31:53,SyslogNG,ao-052-payment,payment-provider-gw,3,backup_warn,Yedekleme isi 51 dakika gecikmeli tamamlandi,dc2,rack-B,prod
ALM-01558,2026-09-10T01:31:56,SyslogNG,ao-051-report,report-batch,1,disk_warn,"Disk kullanimi uyari seviyesinde, yuzde 58 dolu",dc1,rack-A,prod
ALM-02716,2026-09-10T01:31:56,Prometheus,ao-018-billing,billing-service,2,latency_high,"Yanit suresi p99 esigi asti, 30 ms",dc2,rack-A,prod
ALM-01660,2026-09-10T01:31:57,AppDynamics,ao-033-subscriber,subscriber-db,1,network_flap,Arayuz eth0 link durumu 85 kez degisti,dc1,rack-A,prod
ALM-01506,2026-09-10T01:31:59,SyslogNG,ao-043-load,load-balancer,3,mem_high,Bellek kullanimi yuzde 85 seviyesinde,dc1,rack-B,prod
ALM-02691,2026-09-10T01:32:04,Zabbix,ao-054-payment,payment-provider-gw,3,latency_high,"Yanit suresi p99 esigi asti, 83 ms",dc2,rack-A,prod
ALM-01261,2026-09-10T01:32:06,OBM,ao-055-sms,sms-gateway,2,cert_expiry,Sertifika 49 gun icinde suresi dolacak,dc1,rack-B,prod
ALM-02418,2026-09-10T01:32:06,OBM,ao-043-load,load-balancer,3,backup_warn,Yedekleme isi 46 dakika gecikmeli tamamlandi,dc1,rack-B,prod
ALM-02152,2026-09-10T01:32:09,OBM,ao-004-mobile,mobile-bff,1,backup_warn,Yedekleme isi 27 dakika gecikmeli tamamlandi,dc2,rack-B,prod
ALM-02300,2026-09-10T01:32:22,AppDynamics,ao-049-invoice,invoice-batch,2,log_rotate,"Log rotasyonu beklenenden uzun surdu, 59 saniye",dc1,rack-B,prod
ALM-01681,2026-09-10T01:32:27,Prometheus,ao-018-billing,billing-service,3,cpu_high,CPU kullanimi yuzde 55,dc2,rack-A,prod
ALM-02115,2026-09-10T01:32:27,Zabbix,ao-050-reconciliation,reconciliation-batch,4,backup_warn,Yedekleme isi 54 dakika gecikmeli tamamlandi,dc2,rack-C,prod
ALM-02001,2026-09-10T01:32:32,Zabbix,ao-050-reconciliation,reconciliation-batch,3,cpu_high,CPU kullanimi yuzde 25,dc2,rack-C,prod
ALM-01459,2026-09-10T01:32:35,SyslogNG,ao-033-subscriber,subscriber-db,2,cert_expiry,Sertifika 30 gun icinde suresi dolacak,dc1,rack-A,prod
ALM-01426,2026-09-10T01:32:36,AppDynamics,ao-018-billing,billing-service,3,backup_warn,Yedekleme isi 75 dakika gecikmeli tamamlandi,dc2,rack-A,prod
ALM-01567,2026-09-10T01:32:36,OBM,ao-042-load,load-balancer,1,cert_expiry,Sertifika 46 gun icinde suresi dolacak,dc2,rack-A,prod
ALM-01830,2026-09-10T01:32:39,AppDynamics,ao-005-mobile,mobile-bff,1,log_rotate,"Log rotasyonu beklenenden uzun surdu, 38 saniye",dc1,rack-C,prod
ALM-02165,2026-09-10T01:32:44,Prometheus,ao-021-charging,charging-service,3,disk_warn,"Disk kullanimi uyari seviyesinde, yuzde 64 dolu",dc1,rack-A,prod
ALM-02242,2026-09-10T01:32:49,OBM,ao-003-api,api-gateway,1,backup_warn,Yedekleme isi 67 dakika gecikmeli tamamlandi,dc1,rack-A,prod
ALM-02419,2026-09-10T01:32:58,OBM,ao-046-dns,dns-resolver,3,ntp_drift,Saat sapmasi 70 ms,dc2,rack-B,prod
ALM-02038,2026-09-10T01:33:03,Zabbix,ao-033-subscriber,subscriber-db,1,mem_high,Bellek kullanimi yuzde 52 seviyesinde,dc1,rack-A,prod
ALM-02518,2026-09-10T01:33:03,OBM,ao-016-subscriber,subscriber-service,3,ntp_drift,Saat sapmasi 44 ms,dc2,rack-B,prod
ALM-02702,2026-09-10T01:33:07,Prometheus,ao-054-payment,payment-provider-gw,3,log_rotate,"Log rotasyonu beklenenden uzun surdu, 55 saniye",dc2,rack-A,prod
ALM-01836,2026-09-10T01:33:17,AppDynamics,ao-023-charging,charging-service,3,network_flap,Arayuz bond0 link durumu 83 kez degisti,dc1,rack-C,prod
ALM-02281,2026-09-10T01:33:17,Zabbix,ao-002-api,api-gateway,1,cert_expiry,Sertifika 24 gun icinde suresi dolacak,dc2,rack-C,prod
ALM-02970,2026-09-10T01:33:18,OBM,ao-043-load,load-balancer,2,ntp_drift,Saat sapmasi 80 ms,dc1,rack-B,prod
ALM-01861,2026-09-10T01:33:28,SyslogNG,ao-045-dns,dns-resolver,2,cpu_high,CPU kullanimi yuzde 83,dc1,rack-A,prod
ALM-02735,2026-09-10T01:33:29,SyslogNG,ao-052-payment,payment-provider-gw,2,network_flap,Arayuz bond0 link durumu 64 kez degisti,dc2,rack-B,prod
ALM-02766,2026-09-10T01:33:34,SyslogNG,ao-046-dns,dns-resolver,1,cert_expiry,Sertifika 75 gun icinde suresi dolacak,dc2,rack-B,prod
ALM-01251,2026-09-10T01:33:35,OBM,ao-009-auth,auth-service,4,cpu_high,CPU kullanimi yuzde 79,dc1,rack-A,prod
ALM-02895,2026-09-10T01:33:37,SyslogNG,ao-021-charging,charging-service,2,cert_expiry,Sertifika 49 gun icinde suresi dolacak,dc1,rack-A,prod
ALM-02740,2026-09-10T01:33:43,OBM,ao-023-charging,charging-service,1,cpu_high,CPU kullanimi yuzde 84,dc1,rack-C,prod
ALM-02893,2026-09-10T01:33:44,Prometheus,ao-040-message,message-queue,1,cpu_high,CPU kullanimi yuzde 20,dc2,rack-B,prod
ALM-01333,2026-09-10T01:33:45,Prometheus,ao-037-cache,cache-cluster,1,network_flap,Arayuz eth1 link durumu 31 kez degisti,dc1,rack-B,prod
ALM-01915,2026-09-10T01:33:46,SyslogNG,ao-030-notification,notification-service,2,network_flap,Arayuz bond0 link durumu 41 kez degisti,dc2,rack-A,prod
ALM-02048,2026-09-10T01:33:52,OBM,ao-016-subscriber,subscriber-service,3,disk_warn,"Disk kullanimi uyari seviyesinde, yuzde 27 dolu",dc2,rack-B,prod
ALM-02969,2026-09-10T01:34:00,OBM,ao-046-dns,dns-resolver,1,cpu_high,CPU kullanimi yuzde 36,dc2,rack-B,prod
ALM-02064,2026-09-10T01:34:07,AppDynamics,ao-028-order,order-service,2,log_rotate,"Log rotasyonu beklenenden uzun surdu, 49 saniye",dc2,rack-B,prod
ALM-02004,2026-09-10T01:34:12,AppDynamics,ao-005-mobile,mobile-bff,2,mem_high,Bellek kullanimi yuzde 41 seviyesinde,dc1,rack-C,prod
ALM-02634,2026-09-10T01:34:26,AppDynamics,ao-047-ntp,ntp-service,1,cpu_high,CPU kullanimi yuzde 57,dc1,rack-C,prod
ALM-01871,2026-09-10T01:34:29,OBM,ao-003-api,api-gateway,1,log_rotate,"Log rotasyonu beklenenden uzun surdu, 23 saniye",dc1,rack-A,prod
ALM-01622,2026-09-10T01:34:32,Zabbix,ao-046-dns,dns-resolver,2,disk_warn,"Disk kullanimi uyari seviyesinde, yuzde 50 dolu",dc2,rack-B,prod
ALM-01669,2026-09-10T01:34:32,Zabbix,ao-046-dns,dns-resolver,1,mem_high,Bellek kullanimi yuzde 86 seviyesinde,dc2,rack-B,prod
ALM-02151,2026-09-10T01:34:36,AppDynamics,ao-049-invoice,invoice-batch,2,disk_warn,"Disk kullanimi uyari seviyesinde, yuzde 86 dolu",dc1,rack-B,prod
ALM-01789,2026-09-10T01:34:39,AppDynamics,ao-025-payment,payment-service,2,cert_expiry,Sertifika 24 gun icinde suresi dolacak,dc1,rack-B,prod
ALM-01918,2026-09-10T01:34:47,OBM,ao-044-load,load-balancer,4,cert_expiry,Sertifika 84 gun icinde suresi dolacak,dc2,rack-C,prod
ALM-02626,2026-09-10T01:34:51,SyslogNG,ao-035-billing,billing-db,3,latency_high,"Yanit suresi p99 esigi asti, 29 ms",dc1,rack-C,prod
ALM-01543,2026-09-10T01:34:53,Zabbix,ao-023-charging,charging-service,3,log_rotate,"Log rotasyonu beklenenden uzun surdu, 61 saniye",dc1,rack-C,prod
ALM-02200,2026-09-10T01:34:57,Zabbix,ao-043-load,load-balancer,2,log_rotate,"Log rotasyonu beklenenden uzun surdu, 64 saniye",dc1,rack-B,prod
ALM-02113,2026-09-10T01:35:05,SyslogNG,ao-019-billing,billing-service,2,latency_high,"Yanit suresi p99 esigi asti, 58 ms",dc1,rack-B,prod
ALM-01632,2026-09-10T01:35:06,SyslogNG,ao-014-session,session-service,2,cert_expiry,Sertifika 62 gun icinde suresi dolacak,dc2,rack-C,prod
ALM-02573,2026-09-10T01:35:06,AppDynamics,ao-005-mobile,mobile-bff,1,cert_expiry,Sertifika 71 gun icinde suresi dolacak,dc1,rack-C,prod
ALM-01425,2026-09-10T01:35:08,SyslogNG,ao-012-session,session-service,2,latency_high,"Yanit suresi p99 esigi asti, 65 ms",dc2,rack-A,prod
ALM-02794,2026-09-10T01:35:10,Zabbix,ao-024-payment,payment-service,1,cpu_high,CPU kullanimi yuzde 38,dc2,rack-A,prod
ALM-00737,2026-09-10T01:35:11,Zabbix,ao-013-session,session-service,2,mem_high,Bellek kullanimi yuzde 60 seviyesinde,dc1,rack-B,prod
ALM-01639,2026-09-10T01:35:12,Zabbix,ao-033-subscriber,subscriber-db,2,network_flap,Arayuz ens192 link durumu 60 kez degisti,dc1,rack-A,prod
ALM-01352,2026-09-10T01:35:13,OBM,ao-006-mobile,mobile-bff,2,mem_high,Bellek kullanimi yuzde 21 seviyesinde,dc2,rack-A,prod
ALM-02043,2026-09-10T01:35:16,Prometheus,ao-048-batch,batch-scheduler,1,network_flap,Arayuz eth1 link durumu 36 kez degisti,dc2,rack-A,prod
ALM-02509,2026-09-10T01:35:18,Prometheus,ao-014-session,session-service,2,network_flap,Arayuz eth0 link durumu 24 kez degisti,dc2,rack-C,prod
ALM-00719,2026-09-10T01:35:19,Prometheus,ao-012-session,session-service,2,mem_high,Bellek kullanimi yuzde 60 seviyesinde,dc2,rack-A,prod
ALM-00755,2026-09-10T01:35:22,SyslogNG,ao-014-session,session-service,2,mem_high,Bellek kullanimi yuzde 60 seviyesinde,dc2,rack-C,prod
ALM-01392,2026-09-10T01:35:22,Zabbix,ao-047-ntp,ntp-service,3,log_rotate,"Log rotasyonu beklenenden uzun surdu, 75 saniye",dc1,rack-C,prod
ALM-01860,2026-09-10T01:35:23,SyslogNG,ao-043-load,load-balancer,2,mem_high,Bellek kullanimi yuzde 79 seviyesinde,dc1,rack-B,prod
ALM-01350,2026-09-10T01:35:27,AppDynamics,ao-038-cache,cache-cluster,2,latency_high,"Yanit suresi p99 esigi asti, 54 ms",dc2,rack-C,prod
ALM-01523,2026-09-10T01:35:33,SyslogNG,ao-011-auth,auth-service,2,disk_warn,"Disk kullanimi uyari seviyesinde, yuzde 75 dolu",dc1,rack-C,prod
ALM-02175,2026-09-10T01:35:34,Prometheus,ao-007-web,web-bff,3,ntp_drift,Saat sapmasi 25 ms,dc1,rack-B,prod
ALM-01400,2026-09-10T01:35:45,AppDynamics,ao-043-load,load-balancer,4,latency_high,"Yanit suresi p99 esigi asti, 39 ms",dc1,rack-B,prod
ALM-01795,2026-09-10T01:35:46,SyslogNG,ao-021-charging,charging-service,1,latency_high,"Yanit suresi p99 esigi asti, 30 ms",dc1,rack-A,prod
ALM-01965,2026-09-10T01:35:49,SyslogNG,ao-017-subscriber,subscriber-service,1,log_rotate,"Log rotasyonu beklenenden uzun surdu, 75 saniye",dc1,rack-C,prod
ALM-01810,2026-09-10T01:35:50,OBM,ao-038-cache,cache-cluster,1,network_flap,Arayuz ens192 link durumu 44 kez degisti,dc2,rack-C,prod
ALM-02510,2026-09-10T01:35:56,SyslogNG,ao-045-dns,dns-resolver,3,latency_high,"Yanit suresi p99 esigi asti, 75 ms",dc1,rack-A,prod
ALM-02754,2026-09-10T01:35:58,SyslogNG,ao-013-session,session-service,2,cert_expiry,Sertifika 39 gun icinde suresi dolacak,dc1,rack-B,prod
ALM-02739,2026-09-10T01:36:00,AppDynamics,ao-013-session,session-service,1,latency_high,"Yanit suresi p99 esigi asti, 47 ms",dc1,rack-B,prod
ALM-02007,2026-09-10T01:36:05,Zabbix,ao-003-api,api-gateway,2,cert_expiry,Sertifika 39 gun icinde suresi dolacak,dc1,rack-A,prod
ALM-01475,2026-09-10T01:36:10,AppDynamics,ao-001-api,api-gateway,1,disk_warn,"Disk kullanimi uyari seviyesinde, yuzde 49 dolu",dc1,rack-B,prod
ALM-02377,2026-09-10T01:36:17,Prometheus,ao-034-billing,billing-db,4,cpu_high,CPU kullanimi yuzde 52,dc2,rack-B,prod
ALM-02646,2026-09-10T01:36:19,Zabbix,ao-048-batch,batch-scheduler,3,ntp_drift,Saat sapmasi 56 ms,dc2,rack-A,prod
ALM-01769,2026-09-10T01:36:22,Prometheus,ao-019-billing,billing-service,2,latency_high,"Yanit suresi p99 esigi asti, 35 ms",dc1,rack-B,prod
ALM-02764,2026-09-10T01:36:25,AppDynamics,ao-021-charging,charging-service,2,latency_high,"Yanit suresi p99 esigi asti, 57 ms",dc1,rack-A,prod
ALM-02958,2026-09-10T01:36:27,OBM,ao-018-billing,billing-service,1,network_flap,Arayuz eth0 link durumu 78 kez degisti,dc2,rack-A,prod
ALM-01763,2026-09-10T01:36:31,SyslogNG,ao-027-order,order-service,2,network_flap,Arayuz ens192 link durumu 79 kez degisti,dc1,rack-A,prod
ALM-02426,2026-09-10T01:36:33,Prometheus,ao-037-cache,cache-cluster,3,mem_high,Bellek kullanimi yuzde 82 seviyesinde,dc1,rack-B,prod
ALM-01285,2026-09-10T01:36:35,AppDynamics,ao-042-load,load-balancer,3,disk_warn,"Disk kullanimi uyari seviyesinde, yuzde 73 dolu",dc2,rack-A,prod
ALM-02872,2026-09-10T01:36:36,Zabbix,ao-038-cache,cache-cluster,1,cert_expiry,Sertifika 57 gun icinde suresi dolacak,dc2,rack-C,prod
ALM-01260,2026-09-10T01:36:43,SyslogNG,ao-025-payment,payment-service,2,ntp_drift,Saat sapmasi 59 ms,dc1,rack-B,prod
ALM-01393,2026-09-10T01:36:44,Zabbix,ao-041-object,object-store,3,disk_warn,"Disk kullanimi uyari seviyesinde, yuzde 74 dolu",dc1,rack-C,prod
ALM-01376,2026-09-10T01:36:45,OBM,ao-018-billing,billing-service,3,disk_warn,"Disk kullanimi uyari seviyesinde, yuzde 75 dolu",dc2,rack-A,prod
ALM-01336,2026-09-10T01:36:51,AppDynamics,ao-056-kyc,kyc-provider-gw,2,mem_high,Bellek kullanimi yuzde 27 seviyesinde,dc2,rack-C,prod
ALM-02830,2026-09-10T01:36:52,OBM,ao-011-auth,auth-service,1,disk_warn,"Disk kullanimi uyari seviyesinde, yuzde 59 dolu",dc1,rack-C,prod
ALM-01557,2026-09-10T01:36:58,Prometheus,ao-014-session,session-service,4,ntp_drift,Saat sapmasi 55 ms,dc2,rack-C,prod
ALM-02502,2026-09-10T01:37:07,Prometheus,ao-029-catalog,catalog-service,1,latency_high,"Yanit suresi p99 esigi asti, 80 ms",dc1,rack-C,prod
ALM-02552,2026-09-10T01:37:07,AppDynamics,ao-013-session,session-service,1,latency_high,"Yanit suresi p99 esigi asti, 33 ms",dc1,rack-B,prod
ALM-02533,2026-09-10T01:37:09,SyslogNG,ao-034-billing,billing-db,2,cpu_high,CPU kullanimi yuzde 46,dc2,rack-B,prod
ALM-02899,2026-09-10T01:37:12,SyslogNG,ao-050-reconciliation,reconciliation-batch,1,backup_warn,Yedekleme isi 68 dakika gecikmeli tamamlandi,dc2,rack-C,prod
ALM-01806,2026-09-10T01:37:13,AppDynamics,ao-052-payment,payment-provider-gw,2,network_flap,Arayuz eth0 link durumu 46 kez degisti,dc2,rack-B,prod
ALM-01518,2026-09-10T01:37:14,OBM,ao-022-charging,charging-service,2,log_rotate,"Log rotasyonu beklenenden uzun surdu, 83 saniye",dc2,rack-B,prod
ALM-02222,2026-09-10T01:37:24,Prometheus,ao-040-message,message-queue,2,cpu_high,CPU kullanimi yuzde 33,dc2,rack-B,prod
ALM-01911,2026-09-10T01:37:25,AppDynamics,ao-017-subscriber,subscriber-service,4,mem_high,Bellek kullanimi yuzde 31 seviyesinde,dc1,rack-C,prod
ALM-02612,2026-09-10T01:37:30,Prometheus,ao-041-object,object-store,3,network_flap,Arayuz bond0 link durumu 71 kez degisti,dc1,rack-C,prod
ALM-02370,2026-09-10T01:37:32,AppDynamics,ao-006-mobile,mobile-bff,1,disk_warn,"Disk kullanimi uyari seviyesinde, yuzde 76 dolu",dc2,rack-A,prod
ALM-01341,2026-09-10T01:37:33,SyslogNG,ao-055-sms,sms-gateway,2,cpu_high,CPU kullanimi yuzde 45,dc1,rack-B,prod
ALM-02444,2026-09-10T01:37:36,Prometheus,ao-043-load,load-balancer,3,mem_high,Bellek kullanimi yuzde 38 seviyesinde,dc1,rack-B,prod
ALM-01781,2026-09-10T01:37:47,SyslogNG,ao-035-billing,billing-db,1,cpu_high,CPU kullanimi yuzde 73,dc1,rack-C,prod
ALM-02761,2026-09-10T01:37:49,AppDynamics,ao-035-billing,billing-db,1,latency_high,"Yanit suresi p99 esigi asti, 29 ms",dc1,rack-C,prod
ALM-01343,2026-09-10T01:37:52,OBM,ao-048-batch,batch-scheduler,2,latency_high,"Yanit suresi p99 esigi asti, 84 ms",dc2,rack-A,prod
ALM-02643,2026-09-10T01:37:54,SyslogNG,ao-048-batch,batch-scheduler,3,backup_warn,Yedekleme isi 38 dakika gecikmeli tamamlandi,dc2,rack-A,prod
ALM-02593,2026-09-10T01:37:58,SyslogNG,ao-025-payment,payment-service,4,network_flap,Arayuz eth0 link durumu 74 kez degisti,dc1,rack-B,prod
ALM-02198,2026-09-10T01:37:59,OBM,ao-003-api,api-gateway,1,ntp_drift,Saat sapmasi 55 ms,dc1,rack-A,prod
ALM-02529,2026-09-10T01:37:59,Zabbix,ao-016-subscriber,subscriber-service,3,cpu_high,CPU kullanimi yuzde 42,dc2,rack-B,prod
ALM-01487,2026-09-10T01:38:08,AppDynamics,ao-013-session,session-service,3,log_rotate,"Log rotasyonu beklenenden uzun surdu, 21 saniye",dc1,rack-B,prod
ALM-01389,2026-09-10T01:38:09,SyslogNG,ao-001-api,api-gateway,1,log_rotate,"Log rotasyonu beklenenden uzun surdu, 72 saniye",dc1,rack-B,prod
ALM-02263,2026-09-10T01:38:17,Prometheus,ao-039-message,message-queue,2,mem_high,Bellek kullanimi yuzde 72 seviyesinde,dc1,rack-A,prod
ALM-01437,2026-09-10T01:38:19,OBM,ao-009-auth,auth-service,2,ntp_drift,Saat sapmasi 38 ms,dc1,rack-A,prod
ALM-01663,2026-09-10T01:38:19,SyslogNG,ao-021-charging,charging-service,1,cert_expiry,Sertifika 64 gun icinde suresi dolacak,dc1,rack-A,prod
ALM-01929,2026-09-10T01:38:21,Prometheus,ao-029-catalog,catalog-service,3,disk_warn,"Disk kullanimi uyari seviyesinde, yuzde 28 dolu",dc1,rack-C,prod
ALM-01941,2026-09-10T01:38:24,SyslogNG,ao-047-ntp,ntp-service,2,mem_high,Bellek kullanimi yuzde 79 seviyesinde,dc1,rack-C,prod
ALM-02474,2026-09-10T01:38:24,Zabbix,ao-052-payment,payment-provider-gw,2,mem_high,Bellek kullanimi yuzde 73 seviyesinde,dc2,rack-B,prod
ALM-01241,2026-09-10T01:38:32,OBM,ao-052-payment,payment-provider-gw,1,mem_high,Bellek kullanimi yuzde 40 seviyesinde,dc2,rack-B,prod
ALM-02329,2026-09-10T01:38:33,Prometheus,ao-015-subscriber,subscriber-service,1,mem_high,Bellek kullanimi yuzde 87 seviyesinde,dc1,rack-A,prod
ALM-02596,2026-09-10T01:38:34,AppDynamics,ao-054-payment,payment-provider-gw,4,log_rotate,"Log rotasyonu beklenenden uzun surdu, 30 saniye",dc2,rack-A,prod
ALM-02952,2026-09-10T01:38:35,OBM,ao-034-billing,billing-db,2,cpu_high,CPU kullanimi yuzde 52,dc2,rack-B,prod
ALM-02302,2026-09-10T01:38:36,Prometheus,ao-005-mobile,mobile-bff,1,network_flap,Arayuz eth1 link durumu 35 kez degisti,dc1,rack-C,prod
ALM-01630,2026-09-10T01:38:37,OBM,ao-048-batch,batch-scheduler,2,network_flap,Arayuz eth1 link durumu 41 kez degisti,dc2,rack-A,prod
ALM-01423,2026-09-10T01:38:38,OBM,ao-026-payment,payment-service,4,ntp_drift,Saat sapmasi 71 ms,dc2,rack-C,prod
ALM-01304,2026-09-10T01:38:45,Zabbix,ao-018-billing,billing-service,2,disk_warn,"Disk kullanimi uyari seviyesinde, yuzde 36 dolu",dc2,rack-A,prod
ALM-01386,2026-09-10T01:38:47,Prometheus,ao-041-object,object-store,2,network_flap,Arayuz ens192 link durumu 43 kez degisti,dc1,rack-C,prod
ALM-01867,2026-09-10T01:38:58,AppDynamics,ao-029-catalog,catalog-service,2,ntp_drift,Saat sapmasi 62 ms,dc1,rack-C,prod
ALM-02773,2026-09-10T01:39:00,AppDynamics,ao-039-message,message-queue,2,ntp_drift,Saat sapmasi 80 ms,dc1,rack-A,prod
ALM-01672,2026-09-10T01:39:07,Zabbix,ao-017-subscriber,subscriber-service,3,log_rotate,"Log rotasyonu beklenenden uzun surdu, 69 saniye",dc1,rack-C,prod
ALM-02434,2026-09-10T01:39:07,AppDynamics,ao-035-billing,billing-db,3,cert_expiry,Sertifika 65 gun icinde suresi dolacak,dc1,rack-C,prod
ALM-02057,2026-09-10T01:39:10,OBM,ao-043-load,load-balancer,1,backup_warn,Yedekleme isi 74 dakika gecikmeli tamamlandi,dc1,rack-B,prod
ALM-01329,2026-09-10T01:39:11,OBM,ao-028-order,order-service,1,cpu_high,CPU kullanimi yuzde 22,dc2,rack-B,prod
ALM-01773,2026-09-10T01:39:12,AppDynamics,ao-052-payment,payment-provider-gw,2,latency_high,"Yanit suresi p99 esigi asti, 80 ms",dc2,rack-B,prod
ALM-02375,2026-09-10T01:39:16,AppDynamics,ao-018-billing,billing-service,2,cert_expiry,Sertifika 61 gun icinde suresi dolacak,dc2,rack-A,prod
ALM-01908,2026-09-10T01:39:21,Zabbix,ao-028-order,order-service,2,latency_high,"Yanit suresi p99 esigi asti, 37 ms",dc2,rack-B,prod
ALM-02534,2026-09-10T01:39:21,AppDynamics,ao-040-message,message-queue,1,network_flap,Arayuz bond0 link durumu 56 kez degisti,dc2,rack-B,prod
ALM-02539,2026-09-10T01:39:23,OBM,ao-035-billing,billing-db,3,latency_high,"Yanit suresi p99 esigi asti, 23 ms",dc1,rack-C,prod
ALM-02266,2026-09-10T01:39:27,Prometheus,ao-032-subscriber,subscriber-db,2,cert_expiry,Sertifika 79 gun icinde suresi dolacak,dc2,rack-C,prod
ALM-02867,2026-09-10T01:39:38,AppDynamics,ao-041-object,object-store,1,network_flap,Arayuz eth1 link durumu 31 kez degisti,dc1,rack-C,prod
ALM-00720,2026-09-10T01:39:39,Zabbix,ao-012-session,session-service,2,mem_high,Bellek kullanimi yuzde 62 seviyesinde,dc2,rack-A,prod
ALM-00756,2026-09-10T01:40:15,SyslogNG,ao-014-session,session-service,2,mem_high,Bellek kullanimi yuzde 62 seviyesinde,dc2,rack-C,prod
ALM-01707,2026-09-10T01:40:19,Zabbix,ao-008-web,web-bff,1,latency_high,"Yanit suresi p99 esigi asti, 57 ms",dc2,rack-C,prod
ALM-02136,2026-09-10T01:40:19,OBM,ao-038-cache,cache-cluster,3,ntp_drift,Saat sapmasi 68 ms,dc2,rack-C,prod
ALM-00738,2026-09-10T01:40:27,SyslogNG,ao-013-session,session-service,2,mem_high,Bellek kullanimi yuzde 62 seviyesinde,dc1,rack-B,prod
ALM-01673,2026-09-10T01:40:30,OBM,ao-046-dns,dns-resolver,3,backup_warn,Yedekleme isi 62 dakika gecikmeli tamamlandi,dc2,rack-B,prod
ALM-02351,2026-09-10T01:40:33,AppDynamics,ao-039-message,message-queue,3,cpu_high,CPU kullanimi yuzde 66,dc1,rack-A,prod
ALM-02694,2026-09-10T01:40:39,Zabbix,ao-032-subscriber,subscriber-db,3,ntp_drift,Saat sapmasi 27 ms,dc2,rack-C,prod
ALM-01840,2026-09-10T01:40:40,OBM,ao-031-subscriber,subscriber-db,3,log_rotate,"Log rotasyonu beklenenden uzun surdu, 29 saniye",dc1,rack-B,prod
ALM-02553,2026-09-10T01:40:43,SyslogNG,ao-003-api,api-gateway,2,cpu_high,CPU kullanimi yuzde 22,dc1,rack-A,prod
ALM-01575,2026-09-10T01:40:44,Zabbix,ao-022-charging,charging-service,1,ntp_drift,Saat sapmasi 79 ms,dc2,rack-B,prod
ALM-02807,2026-09-10T01:40:52,OBM,ao-038-cache,cache-cluster,1,ntp_drift,Saat sapmasi 84 ms,dc2,rack-C,prod
ALM-02884,2026-09-10T01:40:52,SyslogNG,ao-025-payment,payment-service,3,log_rotate,"Log rotasyonu beklenenden uzun surdu, 27 saniye",dc1,rack-B,prod
ALM-02295,2026-09-10T01:41:07,OBM,ao-012-session,session-service,2,log_rotate,"Log rotasyonu beklenenden uzun surdu, 23 saniye",dc2,rack-A,prod
ALM-01420,2026-09-10T01:41:08,AppDynamics,ao-012-session,session-service,1,mem_high,Bellek kullanimi yuzde 25 seviyesinde,dc2,rack-A,prod
ALM-02862,2026-09-10T01:41:10,AppDynamics,ao-054-payment,payment-provider-gw,1,ntp_drift,Saat sapmasi 60 ms,dc2,rack-A,prod
ALM-01713,2026-09-10T01:41:16,SyslogNG,ao-025-payment,payment-service,1,cpu_high,CPU kullanimi yuzde 73,dc1,rack-B,prod
ALM-02443,2026-09-10T01:41:18,Zabbix,ao-022-charging,charging-service,1,latency_high,"Yanit suresi p99 esigi asti, 62 ms",dc2,rack-B,prod
ALM-01553,2026-09-10T01:41:21,AppDynamics,ao-030-notification,notification-service,1,latency_high,"Yanit suresi p99 esigi asti, 66 ms",dc2,rack-A,prod
ALM-01240,2026-09-10T01:41:22,OBM,ao-028-order,order-service,3,backup_warn,Yedekleme isi 23 dakika gecikmeli tamamlandi,dc2,rack-B,prod
ALM-01981,2026-09-10T01:41:23,Zabbix,ao-004-mobile,mobile-bff,2,cpu_high,CPU kullanimi yuzde 55,dc2,rack-B,prod
ALM-01244,2026-09-10T01:41:40,Prometheus,ao-020-billing,billing-service,2,mem_high,Bellek kullanimi yuzde 57 seviyesinde,dc2,rack-C,prod
ALM-01332,2026-09-10T01:41:40,OBM,ao-022-charging,charging-service,2,network_flap,Arayuz eth0 link durumu 57 kez degisti,dc2,rack-B,prod
ALM-02738,2026-09-10T01:41:48,SyslogNG,ao-006-mobile,mobile-bff,3,latency_high,"Yanit suresi p99 esigi asti, 87 ms",dc2,rack-A,prod
ALM-01390,2026-09-10T01:42:00,AppDynamics,ao-032-subscriber,subscriber-db,1,mem_high,Bellek kullanimi yuzde 23 seviyesinde,dc2,rack-C,prod
ALM-00006,2026-09-10T01:42:13,Prometheus,ao-009-auth,auth-service,5,network_down,"Arayuz ens192 baglantisi koptu, link durumu DOWN",dc1,rack-A,prod
ALM-02831,2026-09-10T01:42:18,Prometheus,ao-038-cache,cache-cluster,1,disk_warn,"Disk kullanimi uyari seviyesinde, yuzde 71 dolu",dc2,rack-C,prod
ALM-02692,2026-09-10T01:42:20,Prometheus,ao-022-charging,charging-service,2,log_rotate,"Log rotasyonu beklenenden uzun surdu, 85 saniye",dc2,rack-B,prod
ALM-02924,2026-09-10T01:42:23,Zabbix,ao-030-notification,notification-service,3,mem_high,Bellek kullanimi yuzde 36 seviyesinde,dc2,rack-A,prod
ALM-00023,2026-09-10T01:42:24,OBM,ao-027-order,order-service,5,pkt_loss,"Paket kaybi tespit edildi, oran yuzde 84",dc1,rack-A,prod
ALM-00044,2026-09-10T01:42:25,SyslogNG,ao-045-dns,dns-resolver,4,network_flap,Arayuz eth1 link durumu 87 kez degisti,dc1,rack-A,prod
ALM-00030,2026-09-10T01:42:27,OBM,ao-033-subscriber,subscriber-db,5,network_flap,Arayuz bond0 link durumu 77 kez degisti,dc1,rack-A,prod
ALM-02751,2026-09-10T01:42:28,AppDynamics,ao-012-session,session-service,2,latency_high,"Yanit suresi p99 esigi asti, 68 ms",dc2,rack-A,prod
ALM-02873,2026-09-10T01:42:28,AppDynamics,ao-023-charging,charging-service,2,network_flap,Arayuz eth1 link durumu 84 kez degisti,dc1,rack-C,prod
ALM-01250,2026-09-10T01:42:30,OBM,ao-019-billing,billing-service,1,log_rotate,"Log rotasyonu beklenenden uzun surdu, 74 saniye",dc1,rack-B,prod
ALM-00015,2026-09-10T01:42:31,Zabbix,ao-021-charging,charging-service,4,network_flap,Arayuz eth1 link durumu 72 kez degisti,dc1,rack-A,prod
ALM-01720,2026-09-10T01:42:31,SyslogNG,ao-020-billing,billing-service,2,log_rotate,"Log rotasyonu beklenenden uzun surdu, 86 saniye",dc2,rack-C,prod
ALM-01655,2026-09-10T01:42:36,AppDynamics,ao-051-report,report-batch,2,network_flap,Arayuz ens192 link durumu 37 kez degisti,dc1,rack-A,prod
ALM-00029,2026-09-10T01:42:37,Prometheus,ao-033-subscriber,subscriber-db,5,pkt_loss,"Paket kaybi tespit edildi, oran yuzde 72",dc1,rack-A,prod
ALM-01736,2026-09-10T01:42:40,OBM,ao-011-auth,auth-service,1,cert_expiry,Sertifika 78 gun icinde suresi dolacak,dc1,rack-C,prod
ALM-01797,2026-09-10T01:42:40,SyslogNG,ao-011-auth,auth-service,1,disk_warn,"Disk kullanimi uyari seviyesinde, yuzde 27 dolu",dc1,rack-C,prod
ALM-00050,2026-09-10T01:42:41,Prometheus,ao-051-report,report-batch,4,network_flap,Arayuz eth0 link durumu 92 kez degisti,dc1,rack-A,prod
ALM-00011,2026-09-10T01:42:44,Zabbix,ao-015-subscriber,subscriber-service,5,pkt_loss,"Paket kaybi tespit edildi, oran yuzde 75",dc1,rack-A,prod
ALM-00037,2026-09-10T01:42:44,SyslogNG,ao-039-message,message-queue,5,network_flap,Arayuz eth0 link durumu 85 kez degisti,dc1,rack-A,prod
ALM-00024,2026-09-10T01:42:48,SyslogNG,ao-027-order,order-service,4,network_flap,Arayuz bond0 link durumu 97 kez degisti,dc1,rack-A,prod
ALM-00045,2026-09-10T01:42:48,SyslogNG,ao-045-dns,dns-resolver,5,network_flap,Arayuz eth0 link durumu 83 kez degisti,dc1,rack-A,prod
ALM-02558,2026-09-10T01:42:52,Zabbix,ao-031-subscriber,subscriber-db,1,disk_warn,"Disk kullanimi uyari seviyesinde, yuzde 44 dolu",dc1,rack-B,prod
ALM-00013,2026-09-10T01:42:53,Prometheus,ao-015-subscriber,subscriber-service,4,network_flap,Arayuz eth1 link durumu 92 kez degisti,dc1,rack-A,prod
ALM-00022,2026-09-10T01:42:54,SyslogNG,ao-027-order,order-service,5,network_down,"Arayuz bond0 baglantisi koptu, link durumu DOWN",dc1,rack-A,prod
ALM-00031,2026-09-10T01:42:54,OBM,ao-033-subscriber,subscriber-db,4,network_flap,Arayuz eth0 link durumu 76 kez degisti,dc1,rack-A,prod
ALM-00036,2026-09-10T01:42:54,SyslogNG,ao-039-message,message-queue,5,pkt_loss,"Paket kaybi tespit edildi, oran yuzde 85",dc1,rack-A,prod
ALM-00043,2026-09-10T01:42:55,AppDynamics,ao-045-dns,dns-resolver,5,pkt_loss,"Paket kaybi tespit edildi, oran yuzde 88",dc1,rack-A,prod
ALM-00003,2026-09-10T01:42:56,OBM,ao-003-api,api-gateway,5,network_down,"Arayuz eth1 baglantisi koptu, link durumu DOWN",dc1,rack-A,prod
ALM-02427,2026-09-10T01:42:56,OBM,ao-009-auth,auth-service,1,network_flap,Arayuz eth1 link durumu 55 kez degisti,dc1,rack-A,prod
ALM-00001,2026-09-10T01:42:58,AppDynamics,ao-003-api,api-gateway,4,network_flap,Arayuz eth1 link durumu 96 kez degisti,dc1,rack-A,prod
ALM-00007,2026-09-10T01:43:00,Prometheus,ao-009-auth,auth-service,5,network_down,"Arayuz eth1 baglantisi koptu, link durumu DOWN",dc1,rack-A,prod
ALM-00150,2026-09-10T01:43:00,Prometheus,ao-051-report,report-batch,5,latency_high,"Yanit suresi p99 esigi asti, 80 ms",dc1,rack-A,prod
ALM-00071,2026-09-10T01:43:01,Prometheus,ao-009-auth,auth-service,3,timeout,charging-service servisine yapilan cagri zaman asimina ugradi (71 ms),dc1,rack-A,prod
ALM-01441,2026-09-10T01:43:01,AppDynamics,ao-017-subscriber,subscriber-service,2,network_flap,Arayuz eth1 link durumu 70 kez degisti,dc1,rack-C,prod
ALM-00101,2026-09-10T01:43:02,SyslogNG,ao-027-order,order-service,3,conn_refused,"subscriber-service baglantisi reddedildi, hedef erisilemiyor",dc1,rack-A,prod
ALM-00012,2026-09-10T01:43:04,AppDynamics,ao-015-subscriber,subscriber-service,5,pkt_loss,"Paket kaybi tespit edildi, oran yuzde 77",dc1,rack-A,prod
ALM-00002,2026-09-10T01:43:08,OBM,ao-003-api,api-gateway,5,network_flap,Arayuz eth0 link durumu 94 kez degisti,dc1,rack-A,prod
ALM-00051,2026-09-10T01:43:08,Zabbix,ao-051-report,report-batch,5,network_flap,Arayuz eth0 link durumu 93 kez degisti,dc1,rack-A,prod
ALM-00135,2026-09-10T01:43:08,AppDynamics,ao-045-dns,dns-resolver,3,http_5xx,"HTTP 5xx hata orani esigi asti, oran yuzde 84",dc1,rack-A,prod
ALM-00008,2026-09-10T01:43:09,AppDynamics,ao-009-auth,auth-service,5,pkt_loss,"Paket kaybi tespit edildi, oran yuzde 95",dc1,rack-A,prod
ALM-01887,2026-09-10T01:43:10,AppDynamics,ao-033-subscriber,subscriber-db,2,cpu_high,CPU kullanimi yuzde 82,dc1,rack-A,prod
ALM-00052,2026-09-10T01:43:12,Prometheus,ao-051-report,report-batch,5,pkt_loss,"Paket kaybi tespit edildi, oran yuzde 77",dc1,rack-A,prod
ALM-00110,2026-09-10T01:43:12,Zabbix,ao-033-subscriber,subscriber-db,4,http_5xx,"HTTP 5xx hata orani esigi asti, oran yuzde 96",dc1,rack-A,prod
ALM-00126,2026-09-10T01:43:13,Prometheus,ao-039-message,message-queue,3,conn_refused,"auth-service baglantisi reddedildi, hedef erisilemiyor",dc1,rack-A,prod
ALM-01885,2026-09-10T01:43:13,Prometheus,ao-002-api,api-gateway,2,cpu_high,CPU kullanimi yuzde 80,dc2,rack-C,prod
ALM-02171,2026-09-10T01:43:14,AppDynamics,ao-034-billing,billing-db,3,disk_warn,"Disk kullanimi uyari seviyesinde, yuzde 66 dolu",dc2,rack-B,prod
ALM-01289,2026-09-10T01:43:16,SyslogNG,ao-039-message,message-queue,1,latency_high,"Yanit suresi p99 esigi asti, 32 ms",dc1,rack-A,prod
ALM-00016,2026-09-10T01:43:17,SyslogNG,ao-021-charging,charging-service,5,network_down,"Arayuz eth1 baglantisi koptu, link durumu DOWN",dc1,rack-A,prod
ALM-00053,2026-09-10T01:43:19,Prometheus,ao-051-report,report-batch,5,network_flap,Arayuz ens192 link durumu 87 kez degisti,dc1,rack-A,prod
ALM-02542,2026-09-10T01:43:24,Prometheus,ao-032-subscriber,subscriber-db,2,latency_high,"Yanit suresi p99 esigi asti, 44 ms",dc2,rack-C,prod
ALM-00018,2026-09-10T01:43:25,Prometheus,ao-021-charging,charging-service,4,pkt_loss,"Paket kaybi tespit edildi, oran yuzde 82",dc1,rack-A,prod
ALM-00091,2026-09-10T01:43:28,Prometheus,ao-021-charging,charging-service,5,latency_high,"Yanit suresi p99 esigi asti, 81 ms",dc1,rack-A,prod
ALM-00005,2026-09-10T01:43:37,AppDynamics,ao-003-api,api-gateway,5,network_down,"Arayuz eth1 baglantisi koptu, link durumu DOWN",dc1,rack-A,prod
ALM-00014,2026-09-10T01:43:37,Zabbix,ao-015-subscriber,subscriber-service,4,network_down,"Arayuz eth1 baglantisi koptu, link durumu DOWN",dc1,rack-A,prod
ALM-00056,2026-09-10T01:43:37,OBM,ao-003-api,api-gateway,5,latency_high,"Yanit suresi p99 esigi asti, 80 ms",dc1,rack-A,prod
ALM-02273,2026-09-10T01:43:38,Zabbix,ao-019-billing,billing-service,3,backup_warn,Yedekleme isi 63 dakika gecikmeli tamamlandi,dc1,rack-B,prod
ALM-02274,2026-09-10T01:43:43,OBM,ao-052-payment,payment-provider-gw,2,mem_high,Bellek kullanimi yuzde 37 seviyesinde,dc2,rack-B,prod
ALM-00004,2026-09-10T01:43:44,Prometheus,ao-003-api,api-gateway,4,pkt_loss,"Paket kaybi tespit edildi, oran yuzde 78",dc1,rack-A,prod
ALM-00017,2026-09-10T01:43:44,Zabbix,ao-021-charging,charging-service,4,pkt_loss,"Paket kaybi tespit edildi, oran yuzde 78",dc1,rack-A,prod
ALM-02616,2026-09-10T01:43:44,AppDynamics,ao-004-mobile,mobile-bff,2,backup_warn,Yedekleme isi 30 dakika gecikmeli tamamlandi,dc2,rack-B,prod
ALM-00025,2026-09-10T01:43:46,Zabbix,ao-027-order,order-service,5,network_down,"Arayuz eth0 baglantisi koptu, link durumu DOWN",dc1,rack-A,prod
ALM-01417,2026-09-10T01:43:46,Zabbix,ao-026-payment,payment-service,1,ntp_drift,Saat sapmasi 48 ms,dc2,rack-C,prod
ALM-02081,2026-09-10T01:43:46,SyslogNG,ao-001-api,api-gateway,1,ntp_drift,Saat sapmasi 43 ms,dc1,rack-B,prod
ALM-02967,2026-09-10T01:43:46,Zabbix,ao-018-billing,billing-service,1,log_rotate,"Log rotasyonu beklenenden uzun surdu, 67 saniye",dc2,rack-A,prod
ALM-00038,2026-09-10T01:43:47,OBM,ao-039-message,message-queue,5,pkt_loss,"Paket kaybi tespit edildi, oran yuzde 91",dc1,rack-A,prod
ALM-00046,2026-09-10T01:43:47,Zabbix,ao-045-dns,dns-resolver,5,pkt_loss,"Paket kaybi tespit edildi, oran yuzde 80",dc1,rack-A,prod
ALM-00026,2026-09-10T01:43:48,OBM,ao-027-order,order-service,5,pkt_loss,"Paket kaybi tespit edildi, oran yuzde 77",dc1,rack-A,prod
ALM-00111,2026-09-10T01:43:48,Zabbix,ao-033-subscriber,subscriber-db,4,conn_refused,"order-service baglantisi reddedildi, hedef erisilemiyor",dc1,rack-A,prod
ALM-00054,2026-09-10T01:43:49,Prometheus,ao-051-report,report-batch,5,pkt_loss,"Paket kaybi tespit edildi, oran yuzde 74",dc1,rack-A,prod
ALM-00010,2026-09-10T01:43:50,Zabbix,ao-009-auth,auth-service,5,network_flap,Arayuz bond0 link durumu 98 kez degisti,dc1,rack-A,prod
ALM-00032,2026-09-10T01:43:54,Zabbix,ao-033-subscriber,subscriber-db,5,network_flap,Arayuz ens192 link durumu 98 kez degisti,dc1,rack-A,prod
ALM-00080,2026-09-10T01:43:56,SyslogNG,ao-015-subscriber,subscriber-service,4,http_5xx,"HTTP 5xx hata orani esigi asti, oran yuzde 90",dc1,rack-A,prod
ALM-02629,2026-09-10T01:43:56,OBM,ao-052-payment,payment-provider-gw,2,mem_high,Bellek kullanimi yuzde 32 seviyesinde,dc2,rack-B,prod
ALM-00009,2026-09-10T01:43:57,OBM,ao-009-auth,auth-service,5,network_flap,Arayuz eth1 link durumu 80 kez degisti,dc1,rack-A,prod
ALM-00072,2026-09-10T01:43:58,Zabbix,ao-009-auth,auth-service,5,conn_refused,"message-queue baglantisi reddedildi, hedef erisilemiyor",dc1,rack-A,prod
ALM-00081,2026-09-10T01:43:58,Prometheus,ao-015-subscriber,subscriber-service,5,conn_refused,"message-queue baglantisi reddedildi, hedef erisilemiyor",dc1,rack-A,prod
ALM-01432,2026-09-10T01:43:59,AppDynamics,ao-022-charging,charging-service,2,log_rotate,"Log rotasyonu beklenenden uzun surdu, 40 saniye",dc2,rack-B,prod
ALM-00027,2026-09-10T01:44:04,AppDynamics,ao-027-order,order-service,4,pkt_loss,"Paket kaybi tespit edildi, oran yuzde 76",dc1,rack-A,prod
ALM-01819,2026-09-10T01:44:04,Zabbix,ao-018-billing,billing-service,1,mem_high,Bellek kullanimi yuzde 23 seviyesinde,dc2,rack-A,prod
ALM-00039,2026-09-10T01:44:06,AppDynamics,ao-039-message,message-queue,4,network_down,"Arayuz ens192 baglantisi koptu, link durumu DOWN",dc1,rack-A,prod
ALM-01488,2026-09-10T01:44:08,SyslogNG,ao-012-session,session-service,1,cert_expiry,Sertifika 61 gun icinde suresi dolacak,dc2,rack-A,prod
ALM-00020,2026-09-10T01:44:10,Prometheus,ao-021-charging,charging-service,5,network_flap,Arayuz ens192 link durumu 97 kez degisti,dc1,rack-A,prod
ALM-00047,2026-09-10T01:44:10,OBM,ao-045-dns,dns-resolver,4,pkt_loss,"Paket kaybi tespit edildi, oran yuzde 86",dc1,rack-A,prod
ALM-00136,2026-09-10T01:44:10,SyslogNG,ao-045-dns,dns-resolver,4,timeout,auth-service servisine yapilan cagri zaman asimina ugradi (70 ms),dc1,rack-A,prod
ALM-00019,2026-09-10T01:44:12,Prometheus,ao-021-charging,charging-service,5,network_flap,Arayuz ens192 link durumu 97 kez degisti,dc1,rack-A,prod
ALM-02763,2026-09-10T01:44:13,Prometheus,ao-038-cache,cache-cluster,2,latency_high,"Yanit suresi p99 esigi asti, 37 ms",dc2,rack-C,prod
ALM-00721,2026-09-10T01:44:14,Zabbix,ao-012-session,session-service,2,mem_high,Bellek kullanimi yuzde 64 seviyesinde,dc2,rack-A,prod
ALM-00092,2026-09-10T01:44:17,Prometheus,ao-021-charging,charging-service,4,conn_refused,"dns-resolver baglantisi reddedildi, hedef erisilemiyor",dc1,rack-A,prod
ALM-00128,2026-09-10T01:44:17,OBM,ao-039-message,message-queue,4,http_5xx,"HTTP 5xx hata orani esigi asti, oran yuzde 96",dc1,rack-A,prod
ALM-01430,2026-09-10T01:44:18,OBM,ao-050-reconciliation,reconciliation-batch,1,cert_expiry,Sertifika 77 gun icinde suresi dolacak,dc2,rack-C,prod
ALM-01726,2026-09-10T01:44:18,SyslogNG,ao-049-invoice,invoice-batch,1,disk_warn,"Disk kullanimi uyari seviyesinde, yuzde 84 dolu",dc1,rack-B,prod
ALM-00739,2026-09-10T01:44:19,Prometheus,ao-013-session,session-service,2,mem_high,Bellek kullanimi yuzde 64 seviyesinde,dc1,rack-B,prod
ALM-00055,2026-09-10T01:44:20,SyslogNG,ao-051-report,report-batch,5,network_flap,Arayuz eth0 link durumu 90 kez degisti,dc1,rack-A,prod
ALM-00057,2026-09-10T01:44:21,Prometheus,ao-003-api,api-gateway,4,http_5xx,"HTTP 5xx hata orani esigi asti, oran yuzde 81",dc1,rack-A,prod
ALM-00073,2026-09-10T01:44:21,Prometheus,ao-009-auth,auth-service,4,timeout,dns-resolver servisine yapilan cagri zaman asimina ugradi (99 ms),dc1,rack-A,prod
ALM-00082,2026-09-10T01:44:23,SyslogNG,ao-015-subscriber,subscriber-service,3,timeout,message-queue servisine yapilan cagri zaman asimina ugradi (98 ms),dc1,rack-A,prod
ALM-00127,2026-09-10T01:44:25,SyslogNG,ao-039-message,message-queue,4,conn_refused,"dns-resolver baglantisi reddedildi, hedef erisilemiyor",dc1,rack-A,prod
ALM-02915,2026-09-10T01:44:25,OBM,ao-029-catalog,catalog-service,2,mem_high,Bellek kullanimi yuzde 38 seviyesinde,dc1,rack-C,prod
ALM-00033,2026-09-10T01:44:26,Prometheus,ao-033-subscriber,subscriber-db,5,pkt_loss,"Paket kaybi tespit edildi, oran yuzde 92",dc1,rack-A,prod
ALM-00058,2026-09-10T01:44:33,SyslogNG,ao-003-api,api-gateway,4,http_5xx,"HTTP 5xx hata orani esigi asti, oran yuzde 87",dc1,rack-A,prod
ALM-00102,2026-09-10T01:44:33,OBM,ao-027-order,order-service,5,latency_high,"Yanit suresi p99 esigi asti, 87 ms",dc1,rack-A,prod
ALM-00103,2026-09-10T01:44:33,Zabbix,ao-027-order,order-service,4,timeout,subscriber-service servisine yapilan cagri zaman asimina ugradi (92 ms),dc1,rack-A,prod
ALM-00151,2026-09-10T01:44:33,AppDynamics,ao-051-report,report-batch,4,conn_refused,"charging-service baglantisi reddedildi, hedef erisilemiyor",dc1,rack-A,prod
ALM-00040,2026-09-10T01:44:34,Zabbix,ao-039-message,message-queue,5,network_down,"Arayuz ens192 baglantisi koptu, link durumu DOWN",dc1,rack-A,prod
ALM-00137,2026-09-10T01:44:34,SyslogNG,ao-045-dns,dns-resolver,3,latency_high,"Yanit suresi p99 esigi asti, 91 ms",dc1,rack-A,prod
ALM-02506,2026-09-10T01:44:37,SyslogNG,ao-017-subscriber,subscriber-service,2,ntp_drift,Saat sapmasi 87 ms,dc1,rack-C,prod
ALM-00112,2026-09-10T01:44:38,OBM,ao-033-subscriber,subscriber-db,5,conn_refused,"dns-resolver baglantisi reddedildi, hedef erisilemiyor",dc1,rack-A,prod
ALM-01472,2026-09-10T01:44:46,Zabbix,ao-045-dns,dns-resolver,3,network_flap,Arayuz eth0 link durumu 36 kez degisti,dc1,rack-A,prod
ALM-00093,2026-09-10T01:44:48,Zabbix,ao-021-charging,charging-service,4,timeout,message-queue servisine yapilan cagri zaman asimina ugradi (95 ms),dc1,rack-A,prod
ALM-00757,2026-09-10T01:44:48,OBM,ao-014-session,session-service,2,mem_high,Bellek kullanimi yuzde 64 seviyesinde,dc2,rack-C,prod
ALM-01524,2026-09-10T01:44:49,AppDynamics,ao-031-subscriber,subscriber-db,1,backup_warn,Yedekleme isi 22 dakika gecikmeli tamamlandi,dc1,rack-B,prod
ALM-00048,2026-09-10T01:44:50,Prometheus,ao-045-dns,dns-resolver,4,pkt_loss,"Paket kaybi tespit edildi, oran yuzde 86",dc1,rack-A,prod
ALM-00153,2026-09-10T01:44:50,OBM,ao-051-report,report-batch,4,timeout,auth-service servisine yapilan cagri zaman asimina ugradi (72 ms),dc1,rack-A,prod
ALM-01684,2026-09-10T01:44:51,Prometheus,ao-007-web,web-bff,2,ntp_drift,Saat sapmasi 56 ms,dc1,rack-B,prod
ALM-00034,2026-09-10T01:44:52,Zabbix,ao-033-subscriber,subscriber-db,4,network_down,"Arayuz eth1 baglantisi koptu, link durumu DOWN",dc1,rack-A,prod
ALM-00041,2026-09-10T01:44:58,Prometheus,ao-039-message,message-queue,5,pkt_loss,"Paket kaybi tespit edildi, oran yuzde 95",dc1,rack-A,prod
ALM-01787,2026-09-10T01:44:58,SyslogNG,ao-049-invoice,invoice-batch,4,cert_expiry,Sertifika 68 gun icinde suresi dolacak,dc1,rack-B,prod
ALM-00431,2026-09-10T01:45:00,OBM,ao-023-charging,charging-service,4,http_5xx,"HTTP 5xx hata orani esigi asti, oran yuzde 71",dc1,rack-C,prod
ALM-00283,2026-09-10T01:45:01,Zabbix,ao-003-api,api-gateway,3,timeout,dns-resolver servisine yapilan cagri zaman asimina ugradi (78 ms),dc1,rack-A,prod
ALM-00042,2026-09-10T01:45:02,SyslogNG,ao-039-message,message-queue,5,pkt_loss,"Paket kaybi tespit edildi, oran yuzde 94",dc1,rack-A,prod
ALM-00035,2026-09-10T01:45:03,SyslogNG,ao-033-subscriber,subscriber-db,5,pkt_loss,"Paket kaybi tespit edildi, oran yuzde 86",dc1,rack-A,prod
ALM-02372,2026-09-10T01:45:03,OBM,ao-052-payment,payment-provider-gw,1,mem_high,Bellek kullanimi yuzde 31 seviyesinde,dc2,rack-B,prod
ALM-00049,2026-09-10T01:45:04,OBM,ao-045-dns,dns-resolver,5,network_down,"Arayuz eth0 baglantisi koptu, link durumu DOWN",dc1,rack-A,prod
ALM-00152,2026-09-10T01:45:05,OBM,ao-051-report,report-batch,3,conn_refused,"order-service baglantisi reddedildi, hedef erisilemiyor",dc1,rack-A,prod
ALM-00273,2026-09-10T01:45:06,Zabbix,ao-002-api,api-gateway,3,http_5xx,"HTTP 5xx hata orani esigi asti, oran yuzde 81",dc2,rack-C,prod
ALM-00401,2026-09-10T01:45:07,OBM,ao-051-report,report-batch,4,timeout,subscriber-db servisine yapilan cagri zaman asimina ugradi (95 ms),dc1,rack-A,prod
ALM-01747,2026-09-10T01:45:07,SyslogNG,ao-051-report,report-batch,1,cert_expiry,Sertifika 58 gun icinde suresi dolacak,dc1,rack-A,prod
ALM-00104,2026-09-10T01:45:08,AppDynamics,ao-027-order,order-service,4,latency_high,"Yanit suresi p99 esigi asti, 98 ms",dc1,rack-A,prod
ALM-00376,2026-09-10T01:45:09,SyslogNG,ao-016-subscriber,subscriber-service,3,timeout,subscriber-db servisine yapilan cagri zaman asimina ugradi (83 ms),dc2,rack-B,prod
ALM-00028,2026-09-10T01:45:10,AppDynamics,ao-027-order,order-service,5,network_flap,Arayuz bond0 link durumu 87 kez degisti,dc1,rack-A,prod
ALM-01626,2026-09-10T01:45:10,Zabbix,ao-053-payment,payment-provider-gw,3,cpu_high,CPU kullanimi yuzde 74,dc1,rack-C,prod
ALM-00113,2026-09-10T01:45:11,SyslogNG,ao-033-subscriber,subscriber-db,4,http_5xx,"HTTP 5xx hata orani esigi asti, oran yuzde 73",dc1,rack-A,prod
ALM-00365,2026-09-10T01:45:12,Zabbix,ao-015-subscriber,subscriber-service,3,latency_high,"Yanit suresi p99 esigi asti, 83 ms",dc1,rack-A,prod
ALM-00197,2026-09-10T01:45:13,AppDynamics,ao-007-web,web-bff,3,timeout,api-gateway servisine yapilan cagri zaman asimina ugradi (98 ms),dc1,rack-B,prod
ALM-00290,2026-09-10T01:45:13,Zabbix,ao-015-subscriber,subscriber-service,3,thread_pool,Is parcacigi havuzu doluluk orani yuzde 75,dc1,rack-A,prod
ALM-00439,2026-09-10T01:45:13,AppDynamics,ao-027-order,order-service,4,thread_pool,Is parcacigi havuzu doluluk orani yuzde 80,dc1,rack-A,prod
ALM-00299,2026-09-10T01:45:14,SyslogNG,ao-016-subscriber,subscriber-service,3,http_5xx,"HTTP 5xx hata orani esigi asti, oran yuzde 79",dc2,rack-B,prod
ALM-00241,2026-09-10T01:45:15,OBM,ao-018-billing,billing-service,3,timeout,charging-service servisine yapilan cagri zaman asimina ugradi (98 ms),dc2,rack-A,prod
ALM-00021,2026-09-10T01:45:17,Zabbix,ao-021-charging,charging-service,4,network_flap,Arayuz bond0 link durumu 78 kez degisti,dc1,rack-A,prod
ALM-00306,2026-09-10T01:45:17,Prometheus,ao-017-subscriber,subscriber-service,3,http_5xx,"HTTP 5xx hata orani esigi asti, oran yuzde 75",dc1,rack-C,prod
ALM-00074,2026-09-10T01:45:20,Prometheus,ao-009-auth,auth-service,4,conn_refused,"subscriber-service baglantisi reddedildi, hedef erisilemiyor",dc1,rack-A,prod
ALM-00424,2026-09-10T01:45:21,AppDynamics,ao-022-charging,charging-service,3,timeout,subscriber-service servisine yapilan cagri zaman asimina ugradi (93 ms),dc2,rack-B,prod
ALM-02462,2026-09-10T01:45:21,OBM,ao-034-billing,billing-db,2,ntp_drift,Saat sapmasi 57 ms,dc2,rack-B,prod
ALM-00162,2026-09-10T01:45:23,OBM,ao-004-mobile,mobile-bff,3,thread_pool,Is parcacigi havuzu doluluk orani yuzde 86,dc2,rack-B,prod
ALM-01439,2026-09-10T01:45:24,SyslogNG,ao-032-subscriber,subscriber-db,2,ntp_drift,Saat sapmasi 47 ms,dc2,rack-C,prod
ALM-01847,2026-09-10T01:45:24,Prometheus,ao-015-subscriber,subscriber-service,2,cert_expiry,Sertifika 38 gun icinde suresi dolacak,dc1,rack-A,prod
ALM-00083,2026-09-10T01:45:25,SyslogNG,ao-015-subscriber,subscriber-service,4,timeout,auth-service servisine yapilan cagri zaman asimina ugradi (82 ms),dc1,rack-A,prod
ALM-00129,2026-09-10T01:45:26,AppDynamics,ao-039-message,message-queue,4,http_5xx,"HTTP 5xx hata orani esigi asti, oran yuzde 94",dc1,rack-A,prod
ALM-01503,2026-09-10T01:45:26,Zabbix,ao-028-order,order-service,3,cpu_high,CPU kullanimi yuzde 76,dc2,rack-B,prod
ALM-00105,2026-09-10T01:45:27,Zabbix,ao-027-order,order-service,4,timeout,report-batch servisine yapilan cagri zaman asimina ugradi (86 ms),dc1,rack-A,prod
ALM-00233,2026-09-10T01:45:27,Zabbix,ao-003-api,api-gateway,3,http_5xx,"HTTP 5xx hata orani esigi asti, oran yuzde 99",dc1,rack-A,prod
ALM-00394,2026-09-10T01:45:27,Prometheus,ao-050-reconciliation,reconciliation-batch,4,http_5xx,"HTTP 5xx hata orani esigi asti, oran yuzde 72",dc2,rack-C,prod
ALM-00446,2026-09-10T01:45:27,Prometheus,ao-028-order,order-service,3,timeout,subscriber-service servisine yapilan cagri zaman asimina ugradi (79 ms),dc2,rack-B,prod
ALM-00174,2026-09-10T01:45:28,AppDynamics,ao-005-mobile,mobile-bff,4,latency_high,"Yanit suresi p99 esigi asti, 72 ms",dc1,rack-C,prod
ALM-02785,2026-09-10T01:45:28,AppDynamics,ao-008-web,web-bff,2,log_rotate,"Log rotasyonu beklenenden uzun surdu, 43 saniye",dc2,rack-C,prod
ALM-01714,2026-09-10T01:45:29,AppDynamics,ao-037-cache,cache-cluster,4,latency_high,"Yanit suresi p99 esigi asti, 87 ms",dc1,rack-B,prod
ALM-00205,2026-09-10T01:45:30,Prometheus,ao-008-web,web-bff,3,timeout,api-gateway servisine yapilan cagri zaman asimina ugradi (92 ms),dc2,rack-C,prod
ALM-00217,2026-09-10T01:45:30,Zabbix,ao-001-api,api-gateway,4,latency_high,"Yanit suresi p99 esigi asti, 90 ms",dc1,rack-B,prod
ALM-02971,2026-09-10T01:45:31,Zabbix,ao-056-kyc,kyc-provider-gw,2,cpu_high,CPU kullanimi yuzde 83,dc2,rack-C,prod
ALM-00138,2026-09-10T01:45:32,AppDynamics,ao-045-dns,dns-resolver,5,conn_refused,"order-service baglantisi reddedildi, hedef erisilemiyor",dc1,rack-A,prod
ALM-00084,2026-09-10T01:45:36,SyslogNG,ao-015-subscriber,subscriber-service,4,http_5xx,"HTTP 5xx hata orani esigi asti, oran yuzde 91",dc1,rack-A,prod
ALM-00130,2026-09-10T01:45:36,AppDynamics,ao-039-message,message-queue,4,timeout,subscriber-db servisine yapilan cagri zaman asimina ugradi (85 ms),dc1,rack-A,prod
ALM-00059,2026-09-10T01:45:37,SyslogNG,ao-003-api,api-gateway,4,latency_high,"Yanit suresi p99 esigi asti, 86 ms",dc1,rack-A,prod
ALM-00350,2026-09-10T01:45:37,Zabbix,ao-005-mobile,mobile-bff,4,latency_high,"Yanit suresi p99 esigi asti, 98 ms",dc1,rack-C,prod
ALM-01983,2026-09-10T01:45:40,OBM,ao-001-api,api-gateway,1,cpu_high,CPU kullanimi yuzde 65,dc1,rack-B,prod
ALM-00094,2026-09-10T01:45:41,Zabbix,ao-021-charging,charging-service,3,timeout,subscriber-db servisine yapilan cagri zaman asimina ugradi (98 ms),dc1,rack-A,prod
ALM-00384,2026-09-10T01:45:42,SyslogNG,ao-017-subscriber,subscriber-service,4,latency_high,"Yanit suresi p99 esigi asti, 86 ms",dc1,rack-C,prod
ALM-02902,2026-09-10T01:45:42,Zabbix,ao-038-cache,cache-cluster,1,ntp_drift,Saat sapmasi 47 ms,dc2,rack-C,prod
ALM-00185,2026-09-10T01:45:44,SyslogNG,ao-006-mobile,mobile-bff,3,http_5xx,"HTTP 5xx hata orani esigi asti, oran yuzde 91",dc2,rack-A,prod
ALM-02693,2026-09-10T01:45:44,Prometheus,ao-051-report,report-batch,2,ntp_drift,Saat sapmasi 84 ms,dc1,rack-A,prod
ALM-00248,2026-09-10T01:45:45,SyslogNG,ao-019-billing,billing-service,3,http_5xx,"HTTP 5xx hata orani esigi asti, oran yuzde 77",dc1,rack-B,prod
ALM-00265,2026-09-10T01:45:45,Prometheus,ao-001-api,api-gateway,4,latency_high,"Yanit suresi p99 esigi asti, 78 ms",dc1,rack-B,prod
ALM-01982,2026-09-10T01:45:45,AppDynamics,ao-045-dns,dns-resolver,1,cpu_high,CPU kullanimi yuzde 22,dc1,rack-A,prod
ALM-00223,2026-09-10T01:45:46,SyslogNG,ao-002-api,api-gateway,4,timeout,auth-service servisine yapilan cagri zaman asimina ugradi (72 ms),dc2,rack-C,prod
ALM-00316,2026-09-10T01:45:46,OBM,ao-030-notification,notification-service,3,http_5xx,"HTTP 5xx hata orani esigi asti, oran yuzde 72",dc2,rack-A,prod
ALM-01257,2026-09-10T01:45:47,Prometheus,ao-029-catalog,catalog-service,2,disk_warn,"Disk kullanimi uyari seviyesinde, yuzde 33 dolu",dc1,rack-C,prod
ALM-02058,2026-09-10T01:45:48,OBM,ao-041-object,object-store,2,mem_high,Bellek kullanimi yuzde 38 seviyesinde,dc1,rack-C,prod
ALM-00291,2026-09-10T01:45:49,SyslogNG,ao-015-subscriber,subscriber-service,4,thread_pool,Is parcacigi havuzu doluluk orani yuzde 88,dc1,rack-A,prod
ALM-02765,2026-09-10T01:45:49,Zabbix,ao-015-subscriber,subscriber-service,1,disk_warn,"Disk kullanimi uyari seviyesinde, yuzde 86 dolu",dc1,rack-A,prod
ALM-00114,2026-09-10T01:45:50,Prometheus,ao-033-subscriber,subscriber-db,3,http_5xx,"HTTP 5xx hata orani esigi asti, oran yuzde 97",dc1,rack-A,prod
ALM-00257,2026-09-10T01:45:50,OBM,ao-020-billing,billing-service,4,latency_high,"Yanit suresi p99 esigi asti, 74 ms",dc2,rack-C,prod
ALM-00351,2026-09-10T01:45:51,OBM,ao-005-mobile,mobile-bff,4,latency_high,"Yanit suresi p99 esigi asti, 82 ms",dc1,rack-C,prod
ALM-00358,2026-09-10T01:45:51,AppDynamics,ao-006-mobile,mobile-bff,4,http_5xx,"HTTP 5xx hata orani esigi asti, oran yuzde 86",dc2,rack-A,prod
ALM-00249,2026-09-10T01:45:52,Zabbix,ao-019-billing,billing-service,3,http_5xx,"HTTP 5xx hata orani esigi asti, oran yuzde 79",dc1,rack-B,prod
ALM-00256,2026-09-10T01:45:52,AppDynamics,ao-020-billing,billing-service,3,thread_pool,Is parcacigi havuzu doluluk orani yuzde 87,dc2,rack-C,prod
ALM-00284,2026-09-10T01:45:52,OBM,ao-003-api,api-gateway,3,timeout,dns-resolver servisine yapilan cagri zaman asimina ugradi (89 ms),dc1,rack-A,prod
ALM-00307,2026-09-10T01:45:52,Zabbix,ao-017-subscriber,subscriber-service,3,timeout,dns-resolver servisine yapilan cagri zaman asimina ugradi (94 ms),dc1,rack-C,prod
ALM-00344,2026-09-10T01:45:52,AppDynamics,ao-004-mobile,mobile-bff,3,timeout,order-service servisine yapilan cagri zaman asimina ugradi (99 ms),dc2,rack-B,prod
ALM-00154,2026-09-10T01:45:54,Prometheus,ao-051-report,report-batch,4,timeout,message-queue servisine yapilan cagri zaman asimina ugradi (84 ms),dc1,rack-A,prod
ALM-01320,2026-09-10T01:45:54,SyslogNG,ao-053-payment,payment-provider-gw,4,mem_high,Bellek kullanimi yuzde 26 seviyesinde,dc1,rack-C,prod
ALM-00328,2026-09-10T01:45:55,Prometheus,ao-027-order,order-service,3,latency_high,"Yanit suresi p99 esigi asti, 87 ms",dc1,rack-A,prod
ALM-00175,2026-09-10T01:45:56,AppDynamics,ao-005-mobile,mobile-bff,4,thread_pool,Is parcacigi havuzu doluluk orani yuzde 72,dc1,rack-C,prod
ALM-00095,2026-09-10T01:45:57,Prometheus,ao-021-charging,charging-service,4,http_5xx,"HTTP 5xx hata orani esigi asti, oran yuzde 97",dc1,rack-A,prod
ALM-00334,2026-09-10T01:45:58,Prometheus,ao-028-order,order-service,4,thread_pool,Is parcacigi havuzu doluluk orani yuzde 92,dc2,rack-B,prod
ALM-00413,2026-09-10T01:45:58,Zabbix,ao-021-charging,charging-service,4,http_5xx,"HTTP 5xx hata orani esigi asti, oran yuzde 88",dc1,rack-A,prod
ALM-00206,2026-09-10T01:45:59,Prometheus,ao-008-web,web-bff,3,thread_pool,Is parcacigi havuzu doluluk orani yuzde 73,dc2,rack-C,prod
ALM-02253,2026-09-10T01:46:00,SyslogNG,ao-006-mobile,mobile-bff,2,log_rotate,"Log rotasyonu beklenenden uzun surdu, 69 saniye",dc2,rack-A,prod
ALM-00060,2026-09-10T01:46:03,SyslogNG,ao-003-api,api-gateway,5,latency_high,"Yanit suresi p99 esigi asti, 87 ms",dc1,rack-A,prod
ALM-00218,2026-09-10T01:46:03,SyslogNG,ao-001-api,api-gateway,3,http_5xx,"HTTP 5xx hata orani esigi asti, oran yuzde 99",dc1,rack-B,prod
ALM-00377,2026-09-10T01:46:03,AppDynamics,ao-016-subscriber,subscriber-service,4,http_5xx,"HTTP 5xx hata orani esigi asti, oran yuzde 82",dc2,rack-B,prod
ALM-00317,2026-09-10T01:46:05,Zabbix,ao-030-notification,notification-service,4,thread_pool,Is parcacigi havuzu doluluk orani yuzde 84,dc2,rack-A,prod
ALM-00139,2026-09-10T01:46:06,OBM,ao-045-dns,dns-resolver,4,timeout,api-gateway servisine yapilan cagri zaman asimina ugradi (99 ms),dc1,rack-A,prod
ALM-00300,2026-09-10T01:46:06,OBM,ao-016-subscriber,subscriber-service,3,http_5xx,"HTTP 5xx hata orani esigi asti, oran yuzde 95",dc2,rack-B,prod
ALM-00224,2026-09-10T01:46:07,Prometheus,ao-002-api,api-gateway,3,latency_high,"Yanit suresi p99 esigi asti, 93 ms",dc2,rack-C,prod
ALM-00447,2026-09-10T01:46:07,SyslogNG,ao-028-order,order-service,3,http_5xx,"HTTP 5xx hata orani esigi asti, oran yuzde 94",dc2,rack-B,prod
ALM-00115,2026-09-10T01:46:10,SyslogNG,ao-033-subscriber,subscriber-db,4,latency_high,"Yanit suresi p99 esigi asti, 93 ms",dc1,rack-A,prod
ALM-00075,2026-09-10T01:46:11,AppDynamics,ao-009-auth,auth-service,4,conn_refused,"auth-service baglantisi reddedildi, hedef erisilemiyor",dc1,rack-A,prod
ALM-01429,2026-09-10T01:46:12,SyslogNG,ao-045-dns,dns-resolver,2,log_rotate,"Log rotasyonu beklenenden uzun surdu, 45 saniye",dc1,rack-A,prod
ALM-02648,2026-09-10T01:46:12,Prometheus,ao-035-billing,billing-db,1,cert_expiry,Sertifika 86 gun icinde suresi dolacak,dc1,rack-C,prod
ALM-00266,2026-09-10T01:46:14,Prometheus,ao-001-api,api-gateway,3,timeout,dns-resolver servisine yapilan cagri zaman asimina ugradi (96 ms),dc1,rack-B,prod
ALM-00096,2026-09-10T01:46:17,SyslogNG,ao-021-charging,charging-service,4,http_5xx,"HTTP 5xx hata orani esigi asti, oran yuzde 90",dc1,rack-A,prod
ALM-00329,2026-09-10T01:46:17,OBM,ao-027-order,order-service,3,thread_pool,Is parcacigi havuzu doluluk orani yuzde 99,dc1,rack-A,prod
ALM-00395,2026-09-10T01:46:17,Zabbix,ao-050-reconciliation,reconciliation-batch,3,thread_pool,Is parcacigi havuzu doluluk orani yuzde 88,dc2,rack-C,prod
ALM-00085,2026-09-10T01:46:19,Prometheus,ao-015-subscriber,subscriber-service,4,http_5xx,"HTTP 5xx hata orani esigi asti, oran yuzde 79",dc1,rack-A,prod
ALM-00345,2026-09-10T01:46:20,Zabbix,ao-004-mobile,mobile-bff,4,thread_pool,Is parcacigi havuzu doluluk orani yuzde 99,dc2,rack-B,prod
ALM-00359,2026-09-10T01:46:21,Prometheus,ao-006-mobile,mobile-bff,4,http_5xx,"HTTP 5xx hata orani esigi asti, oran yuzde 74",dc2,rack-A,prod
ALM-00140,2026-09-10T01:46:22,AppDynamics,ao-045-dns,dns-resolver,5,timeout,subscriber-db servisine yapilan cagri zaman asimina ugradi (81 ms),dc1,rack-A,prod
ALM-00155,2026-09-10T01:46:23,SyslogNG,ao-051-report,report-batch,5,http_5xx,"HTTP 5xx hata orani esigi asti, oran yuzde 90",dc1,rack-A,prod
ALM-02031,2026-09-10T01:46:23,Prometheus,ao-042-load,load-balancer,3,latency_high,"Yanit suresi p99 esigi asti, 83 ms",dc2,rack-A,prod
ALM-00335,2026-09-10T01:46:24,Prometheus,ao-028-order,order-service,3,timeout,message-queue servisine yapilan cagri zaman asimina ugradi (85 ms),dc2,rack-B,prod
ALM-00106,2026-09-10T01:46:25,SyslogNG,ao-027-order,order-service,3,conn_refused,"dns-resolver baglantisi reddedildi, hedef erisilemiyor",dc1,rack-A,prod
ALM-00425,2026-09-10T01:46:27,AppDynamics,ao-022-charging,charging-service,3,timeout,subscriber-service servisine yapilan cagri zaman asimina ugradi (74 ms),dc2,rack-B,prod
ALM-00366,2026-09-10T01:46:28,Zabbix,ao-015-subscriber,subscriber-service,4,http_5xx,"HTTP 5xx hata orani esigi asti, oran yuzde 87",dc1,rack-A,prod
ALM-00198,2026-09-10T01:46:29,OBM,ao-007-web,web-bff,4,latency_high,"Yanit suresi p99 esigi asti, 94 ms",dc1,rack-B,prod
ALM-00274,2026-09-10T01:46:29,OBM,ao-002-api,api-gateway,3,latency_high,"Yanit suresi p99 esigi asti, 95 ms",dc2,rack-C,prod
ALM-00131,2026-09-10T01:46:31,OBM,ao-039-message,message-queue,4,timeout,charging-service servisine yapilan cagri zaman asimina ugradi (78 ms),dc1,rack-A,prod
ALM-00402,2026-09-10T01:46:33,AppDynamics,ao-051-report,report-batch,3,timeout,subscriber-db servisine yapilan cagri zaman asimina ugradi (90 ms),dc1,rack-A,prod
ALM-02802,2026-09-10T01:46:33,AppDynamics,ao-034-billing,billing-db,1,cpu_high,CPU kullanimi yuzde 66,dc2,rack-B,prod
ALM-00432,2026-09-10T01:46:34,SyslogNG,ao-023-charging,charging-service,4,thread_pool,Is parcacigi havuzu doluluk orani yuzde 75,dc1,rack-C,prod
ALM-00062,2026-09-10T01:46:36,OBM,ao-003-api,api-gateway,4,timeout,message-queue servisine yapilan cagri zaman asimina ugradi (79 ms),dc1,rack-A,prod
ALM-00107,2026-09-10T01:46:36,Zabbix,ao-027-order,order-service,3,http_5xx,"HTTP 5xx hata orani esigi asti, oran yuzde 87",dc1,rack-A,prod
ALM-00163,2026-09-10T01:46:36,AppDynamics,ao-004-mobile,mobile-bff,3,thread_pool,Is parcacigi havuzu doluluk orani yuzde 92,dc2,rack-B,prod
ALM-00186,2026-09-10T01:46:37,SyslogNG,ao-006-mobile,mobile-bff,4,timeout,api-gateway servisine yapilan cagri zaman asimina ugradi (95 ms),dc2,rack-A,prod
ALM-00275,2026-09-10T01:46:37,AppDynamics,ao-002-api,api-gateway,4,latency_high,"Yanit suresi p99 esigi asti, 76 ms",dc2,rack-C,prod
ALM-02753,2026-09-10T01:46:37,AppDynamics,ao-014-session,session-service,2,latency_high,"Yanit suresi p99 esigi asti, 65 ms",dc2,rack-C,prod
ALM-00234,2026-09-10T01:46:38,Prometheus,ao-003-api,api-gateway,3,latency_high,"Yanit suresi p99 esigi asti, 78 ms",dc1,rack-A,prod
ALM-00242,2026-09-10T01:46:39,Zabbix,ao-018-billing,billing-service,3,thread_pool,Is parcacigi havuzu doluluk orani yuzde 73,dc2,rack-A,prod
ALM-00292,2026-09-10T01:46:39,Prometheus,ao-015-subscriber,subscriber-service,3,thread_pool,Is parcacigi havuzu doluluk orani yuzde 77,dc1,rack-A,prod
ALM-00061,2026-09-10T01:46:42,Prometheus,ao-003-api,api-gateway,4,latency_high,"Yanit suresi p99 esigi asti, 99 ms",dc1,rack-A,prod
ALM-00385,2026-09-10T01:46:42,AppDynamics,ao-017-subscriber,subscriber-service,4,thread_pool,Is parcacigi havuzu doluluk orani yuzde 97,dc1,rack-C,prod
ALM-00076,2026-09-10T01:46:43,Prometheus,ao-009-auth,auth-service,5,conn_refused,"subscriber-service baglantisi reddedildi, hedef erisilemiyor",dc1,rack-A,prod
ALM-00318,2026-09-10T01:46:43,Prometheus,ao-030-notification,notification-service,3,timeout,message-queue servisine yapilan cagri zaman asimina ugradi (74 ms),dc2,rack-A,prod
ALM-00414,2026-09-10T01:46:44,Zabbix,ao-021-charging,charging-service,3,http_5xx,"HTTP 5xx hata orani esigi asti, oran yuzde 82",dc1,rack-A,prod
ALM-00440,2026-09-10T01:46:44,OBM,ao-027-order,order-service,3,http_5xx,"HTTP 5xx hata orani esigi asti, oran yuzde 97",dc1,rack-A,prod
ALM-01427,2026-09-10T01:46:44,Prometheus,ao-056-kyc,kyc-provider-gw,3,latency_high,"Yanit suresi p99 esigi asti, 40 ms",dc2,rack-C,prod
ALM-00308,2026-09-10T01:46:47,AppDynamics,ao-017-subscriber,subscriber-service,4,latency_high,"Yanit suresi p99 esigi asti, 77 ms",dc1,rack-C,prod
ALM-00433,2026-09-10T01:46:47,OBM,ao-023-charging,charging-service,3,http_5xx,"HTTP 5xx hata orani esigi asti, oran yuzde 72",dc1,rack-C,prod
ALM-01356,2026-09-10T01:46:48,AppDynamics,ao-042-load,load-balancer,2,log_rotate,"Log rotasyonu beklenenden uzun surdu, 62 saniye",dc2,rack-A,prod
ALM-00141,2026-09-10T01:46:50,SyslogNG,ao-045-dns,dns-resolver,5,timeout,subscriber-db servisine yapilan cagri zaman asimina ugradi (93 ms),dc1,rack-A,prod
ALM-00132,2026-09-10T01:46:51,OBM,ao-039-message,message-queue,4,http_5xx,"HTTP 5xx hata orani esigi asti, oran yuzde 72",dc1,rack-A,prod
ALM-00346,2026-09-10T01:46:51,Zabbix,ao-004-mobile,mobile-bff,4,http_5xx,"HTTP 5xx hata orani esigi asti, oran yuzde 79",dc2,rack-B,prod
ALM-00176,2026-09-10T01:46:53,AppDynamics,ao-005-mobile,mobile-bff,4,thread_pool,Is parcacigi havuzu doluluk orani yuzde 88,dc1,rack-C,prod
ALM-00386,2026-09-10T01:46:53,Prometheus,ao-017-subscriber,subscriber-service,3,thread_pool,Is parcacigi havuzu doluluk orani yuzde 72,dc1,rack-C,prod
ALM-00207,2026-09-10T01:46:55,Zabbix,ao-008-web,web-bff,3,thread_pool,Is parcacigi havuzu doluluk orani yuzde 78,dc2,rack-C,prod
ALM-00330,2026-09-10T01:46:55,AppDynamics,ao-027-order,order-service,3,timeout,message-queue servisine yapilan cagri zaman asimina ugradi (74 ms),dc1,rack-A,prod
ALM-00225,2026-09-10T01:46:57,Zabbix,ao-002-api,api-gateway,3,thread_pool,Is parcacigi havuzu doluluk orani yuzde 72,dc2,rack-C,prod
ALM-00396,2026-09-10T01:46:57,OBM,ao-050-reconciliation,reconciliation-batch,3,thread_pool,Is parcacigi havuzu doluluk orani yuzde 80,dc2,rack-C,prod
ALM-00086,2026-09-10T01:46:59,Zabbix,ao-015-subscriber,subscriber-service,4,http_5xx,"HTTP 5xx hata orani esigi asti, oran yuzde 82",dc1,rack-A,prod
ALM-00164,2026-09-10T01:46:59,SyslogNG,ao-004-mobile,mobile-bff,3,thread_pool,Is parcacigi havuzu doluluk orani yuzde 88,dc2,rack-B,prod
ALM-00199,2026-09-10T01:46:59,Zabbix,ao-007-web,web-bff,3,http_5xx,"HTTP 5xx hata orani esigi asti, oran yuzde 71",dc1,rack-B,prod
ALM-02844,2026-09-10T01:46:59,SyslogNG,ao-030-notification,notification-service,2,latency_high,"Yanit suresi p99 esigi asti, 35 ms",dc2,rack-A,prod
ALM-02984,2026-09-10T01:46:59,AppDynamics,ao-039-message,message-queue,2,backup_warn,Yedekleme isi 70 dakika gecikmeli tamamlandi,dc1,rack-A,prod
ALM-00258,2026-09-10T01:47:03,Prometheus,ao-020-billing,billing-service,3,http_5xx,"HTTP 5xx hata orani esigi asti, oran yuzde 79",dc2,rack-C,prod
ALM-00097,2026-09-10T01:47:06,Prometheus,ao-021-charging,charging-service,4,http_5xx,"HTTP 5xx hata orani esigi asti, oran yuzde 89",dc1,rack-A,prod
ALM-00336,2026-09-10T01:47:07,Prometheus,ao-028-order,order-service,3,thread_pool,Is parcacigi havuzu doluluk orani yuzde 83,dc2,rack-B,prod
ALM-00116,2026-09-10T01:47:08,Zabbix,ao-033-subscriber,subscriber-db,4,latency_high,"Yanit suresi p99 esigi asti, 78 ms",dc1,rack-A,prod
ALM-00415,2026-09-10T01:47:08,OBM,ao-021-charging,charging-service,4,latency_high,"Yanit suresi p99 esigi asti, 97 ms",dc1,rack-A,prod
ALM-00077,2026-09-10T01:47:11,SyslogNG,ao-009-auth,auth-service,5,latency_high,"Yanit suresi p99 esigi asti, 70 ms",dc1,rack-A,prod
ALM-00108,2026-09-10T01:47:12,SyslogNG,ao-027-order,order-service,3,timeout,subscriber-service servisine yapilan cagri zaman asimina ugradi (93 ms),dc1,rack-A,prod
ALM-00360,2026-09-10T01:47:14,Prometheus,ao-006-mobile,mobile-bff,3,latency_high,"Yanit suresi p99 esigi asti, 76 ms",dc2,rack-A,prod
ALM-01679,2026-09-10T01:47:14,Prometheus,ao-046-dns,dns-resolver,1,ntp_drift,Saat sapmasi 23 ms,dc2,rack-B,prod
ALM-00378,2026-09-10T01:47:16,Prometheus,ao-016-subscriber,subscriber-service,3,latency_high,"Yanit suresi p99 esigi asti, 85 ms",dc2,rack-B,prod
ALM-00301,2026-09-10T01:47:18,SyslogNG,ao-016-subscriber,subscriber-service,3,http_5xx,"HTTP 5xx hata orani esigi asti, oran yuzde 79",dc2,rack-B,prod
ALM-00285,2026-09-10T01:47:20,Prometheus,ao-003-api,api-gateway,3,timeout,dns-resolver servisine yapilan cagri zaman asimina ugradi (94 ms),dc1,rack-A,prod
ALM-01360,2026-09-10T01:47:21,Prometheus,ao-001-api,api-gateway,3,disk_warn,"Disk kullanimi uyari seviyesinde, yuzde 32 dolu",dc1,rack-B,prod
ALM-01411,2026-09-10T01:47:21,OBM,ao-019-billing,billing-service,1,latency_high,"Yanit suresi p99 esigi asti, 35 ms",dc1,rack-B,prod
ALM-00142,2026-09-10T01:47:24,OBM,ao-045-dns,dns-resolver,5,latency_high,"Yanit suresi p99 esigi asti, 70 ms",dc1,rack-A,prod
ALM-00403,2026-09-10T01:47:24,OBM,ao-051-report,report-batch,4,thread_pool,Is parcacigi havuzu doluluk orani yuzde 99,dc1,rack-A,prod
ALM-00235,2026-09-10T01:47:25,SyslogNG,ao-003-api,api-gateway,4,timeout,auth-service servisine yapilan cagri zaman asimina ugradi (82 ms),dc1,rack-A,prod
ALM-00267,2026-09-10T01:47:25,Prometheus,ao-001-api,api-gateway,3,thread_pool,Is parcacigi havuzu doluluk orani yuzde 83,dc1,rack-B,prod
ALM-00352,2026-09-10T01:47:26,SyslogNG,ao-005-mobile,mobile-bff,4,timeout,order-service servisine yapilan cagri zaman asimina ugradi (99 ms),dc1,rack-C,prod
ALM-00426,2026-09-10T01:47:27,Prometheus,ao-022-charging,charging-service,3,http_5xx,"HTTP 5xx hata orani esigi asti, oran yuzde 81",dc2,rack-B,prod
ALM-00427,2026-09-10T01:47:27,AppDynamics,ao-022-charging,charging-service,3,latency_high,"Yanit suresi p99 esigi asti, 86 ms",dc2,rack-B,prod
ALM-00098,2026-09-10T01:47:28,AppDynamics,ao-021-charging,charging-service,5,conn_refused,"auth-service baglantisi reddedildi, hedef erisilemiyor",dc1,rack-A,prod
ALM-00416,2026-09-10T01:47:29,OBM,ao-021-charging,charging-service,3,thread_pool,Is parcacigi havuzu doluluk orani yuzde 96,dc1,rack-A,prod
ALM-00448,2026-09-10T01:47:29,Zabbix,ao-028-order,order-service,3,http_5xx,"HTTP 5xx hata orani esigi asti, oran yuzde 80",dc2,rack-B,prod
ALM-00219,2026-09-10T01:47:30,Zabbix,ao-001-api,api-gateway,3,thread_pool,Is parcacigi havuzu doluluk orani yuzde 99,dc1,rack-B,prod
ALM-01340,2026-09-10T01:47:30,SyslogNG,ao-031-subscriber,subscriber-db,3,backup_warn,Yedekleme isi 29 dakika gecikmeli tamamlandi,dc1,rack-B,prod
ALM-02917,2026-09-10T01:47:30,Zabbix,ao-001-api,api-gateway,3,disk_warn,"Disk kullanimi uyari seviyesinde, yuzde 31 dolu",dc1,rack-B,prod
ALM-00063,2026-09-10T01:47:32,AppDynamics,ao-003-api,api-gateway,4,http_5xx,"HTTP 5xx hata orani esigi asti, oran yuzde 85",dc1,rack-A,prod
ALM-00156,2026-09-10T01:47:32,OBM,ao-051-report,report-batch,3,latency_high,"Yanit suresi p99 esigi asti, 96 ms",dc1,rack-A,prod
ALM-00187,2026-09-10T01:47:32,SyslogNG,ao-006-mobile,mobile-bff,3,latency_high,"Yanit suresi p99 esigi asti, 90 ms",dc2,rack-A,prod
ALM-00250,2026-09-10T01:47:32,Zabbix,ao-019-billing,billing-service,3,latency_high,"Yanit suresi p99 esigi asti, 94 ms",dc1,rack-B,prod
ALM-00441,2026-09-10T01:47:33,Zabbix,ao-027-order,order-service,3,thread_pool,Is parcacigi havuzu doluluk orani yuzde 96,dc1,rack-A,prod
ALM-00243,2026-09-10T01:47:34,SyslogNG,ao-018-billing,billing-service,3,latency_high,"Yanit suresi p99 esigi asti, 98 ms",dc2,rack-A,prod
ALM-01985,2026-09-10T01:47:34,AppDynamics,ao-027-order,order-service,2,log_rotate,"Log rotasyonu beklenenden uzun surdu, 27 saniye",dc1,rack-A,prod
ALM-02096,2026-09-10T01:47:34,Prometheus,ao-031-subscriber,subscriber-db,1,mem_high,Bellek kullanimi yuzde 65 seviyesinde,dc1,rack-B,prod
ALM-00367,2026-09-10T01:47:35,AppDynamics,ao-015-subscriber,subscriber-service,3,http_5xx,"HTTP 5xx hata orani esigi asti, oran yuzde 91",dc1,rack-A,prod
ALM-00117,2026-09-10T01:47:37,AppDynamics,ao-033-subscriber,subscriber-db,4,http_5xx,"HTTP 5xx hata orani esigi asti, oran yuzde 74",dc1,rack-A,prod
ALM-02199,2026-09-10T01:47:38,SyslogNG,ao-020-billing,billing-service,2,mem_high,Bellek kullanimi yuzde 82 seviyesinde,dc2,rack-C,prod
ALM-00251,2026-09-10T01:47:39,SyslogNG,ao-019-billing,billing-service,3,thread_pool,Is parcacigi havuzu doluluk orani yuzde 97,dc1,rack-B,prod
ALM-01709,2026-09-10T01:47:39,OBM,ao-037-cache,cache-cluster,1,network_flap,Arayuz ens192 link durumu 49 kez degisti,dc1,rack-B,prod
ALM-00220,2026-09-10T01:47:41,SyslogNG,ao-001-api,api-gateway,3,http_5xx,"HTTP 5xx hata orani esigi asti, oran yuzde 96",dc1,rack-B,prod
ALM-00133,2026-09-10T01:47:42,OBM,ao-039-message,message-queue,5,conn_refused,"subscriber-service baglantisi reddedildi, hedef erisilemiyor",dc1,rack-A,prod
ALM-00276,2026-09-10T01:47:43,OBM,ao-002-api,api-gateway,3,http_5xx,"HTTP 5xx hata orani esigi asti, oran yuzde 90",dc2,rack-C,prod
ALM-02550,2026-09-10T01:47:43,OBM,ao-017-subscriber,subscriber-service,1,network_flap,Arayuz eth0 link durumu 72 kez degisti,dc1,rack-C,prod
ALM-02796,2026-09-10T01:47:43,AppDynamics,ao-044-load,load-balancer,1,log_rotate,"Log rotasyonu beklenenden uzun surdu, 78 saniye",dc2,rack-C,prod
ALM-00286,2026-09-10T01:47:44,Prometheus,ao-003-api,api-gateway,3,thread_pool,Is parcacigi havuzu doluluk orani yuzde 73,dc1,rack-A,prod
ALM-01565,2026-09-10T01:47:44,Prometheus,ao-050-reconciliation,reconciliation-batch,2,mem_high,Bellek kullanimi yuzde 30 seviyesinde,dc2,rack-C,prod
ALM-01894,2026-09-10T01:47:44,Prometheus,ao-024-payment,payment-service,3,disk_warn,"Disk kullanimi uyari seviyesinde, yuzde 21 dolu",dc2,rack-A,prod
ALM-01924,2026-09-10T01:47:44,Zabbix,ao-056-kyc,kyc-provider-gw,1,mem_high,Bellek kullanimi yuzde 38 seviyesinde,dc2,rack-C,prod
ALM-00337,2026-09-10T01:47:45,SyslogNG,ao-028-order,order-service,3,timeout,message-queue servisine yapilan cagri zaman asimina ugradi (70 ms),dc2,rack-B,prod
ALM-01366,2026-09-10T01:47:45,SyslogNG,ao-002-api,api-gateway,3,ntp_drift,Saat sapmasi 85 ms,dc2,rack-C,prod
ALM-02930,2026-09-10T01:47:45,Zabbix,ao-044-load,load-balancer,2,latency_high,"Yanit suresi p99 esigi asti, 82 ms",dc2,rack-C,prod
ALM-00353,2026-09-10T01:47:46,SyslogNG,ao-005-mobile,mobile-bff,4,timeout,order-service servisine yapilan cagri zaman asimina ugradi (85 ms),dc1,rack-C,prod
ALM-02452,2026-09-10T01:47:46,Zabbix,ao-034-billing,billing-db,2,cpu_high,CPU kullanimi yuzde 67,dc2,rack-B,prod
ALM-00200,2026-09-10T01:47:47,AppDynamics,ao-007-web,web-bff,3,timeout,api-gateway servisine yapilan cagri zaman asimina ugradi (84 ms),dc1,rack-B,prod
ALM-00143,2026-09-10T01:47:49,Zabbix,ao-045-dns,dns-resolver,4,latency_high,"Yanit suresi p99 esigi asti, 75 ms",dc1,rack-A,prod
ALM-00449,2026-09-10T01:47:51,OBM,ao-028-order,order-service,3,timeout,subscriber-service servisine yapilan cagri zaman asimina ugradi (88 ms),dc2,rack-B,prod
ALM-00331,2026-09-10T01:47:52,AppDynamics,ao-027-order,order-service,3,timeout,message-queue servisine yapilan cagri zaman asimina ugradi (72 ms),dc1,rack-A,prod
ALM-00109,2026-09-10T01:47:53,Zabbix,ao-027-order,order-service,4,http_5xx,"HTTP 5xx hata orani esigi asti, oran yuzde 74",dc1,rack-A,prod
ALM-00442,2026-09-10T01:47:53,OBM,ao-027-order,order-service,3,http_5xx,"HTTP 5xx hata orani esigi asti, oran yuzde 71",dc1,rack-A,prod
ALM-00078,2026-09-10T01:47:54,SyslogNG,ao-009-auth,auth-service,4,conn_refused,"subscriber-service baglantisi reddedildi, hedef erisilemiyor",dc1,rack-A,prod
ALM-00387,2026-09-10T01:47:54,Prometheus,ao-017-subscriber,subscriber-service,4,timeout,subscriber-db servisine yapilan cagri zaman asimina ugradi (82 ms),dc1,rack-C,prod
ALM-00302,2026-09-10T01:47:55,OBM,ao-016-subscriber,subscriber-service,3,latency_high,"Yanit suresi p99 esigi asti, 85 ms",dc2,rack-B,prod
ALM-00293,2026-09-10T01:47:56,AppDynamics,ao-015-subscriber,subscriber-service,4,timeout,dns-resolver servisine yapilan cagri zaman asimina ugradi (77 ms),dc1,rack-A,prod
ALM-00244,2026-09-10T01:47:57,SyslogNG,ao-018-billing,billing-service,3,timeout,charging-service servisine yapilan cagri zaman asimina ugradi (87 ms),dc2,rack-A,prod
ALM-00319,2026-09-10T01:47:58,SyslogNG,ao-030-notification,notification-service,3,latency_high,"Yanit suresi p99 esigi asti, 92 ms",dc2,rack-A,prod
ALM-00087,2026-09-10T01:47:59,Prometheus,ao-015-subscriber,subscriber-service,3,latency_high,"Yanit suresi p99 esigi asti, 72 ms",dc1,rack-A,prod
ALM-00259,2026-09-10T01:47:59,Zabbix,ao-020-billing,billing-service,3,http_5xx,"HTTP 5xx hata orani esigi asti, oran yuzde 87",dc2,rack-C,prod
ALM-00347,2026-09-10T01:47:59,AppDynamics,ao-004-mobile,mobile-bff,3,latency_high,"Yanit suresi p99 esigi asti, 79 ms",dc2,rack-B,prod
ALM-00226,2026-09-10T01:48:00,SyslogNG,ao-002-api,api-gateway,4,timeout,auth-service servisine yapilan cagri zaman asimina ugradi (77 ms),dc2,rack-C,prod
ALM-01431,2026-09-10T01:48:00,Prometheus,ao-033-subscriber,subscriber-db,2,latency_high,"Yanit suresi p99 esigi asti, 34 ms",dc1,rack-A,prod
ALM-00157,2026-09-10T01:48:01,OBM,ao-051-report,report-batch,4,latency_high,"Yanit suresi p99 esigi asti, 82 ms",dc1,rack-A,prod
ALM-00268,2026-09-10T01:48:01,SyslogNG,ao-001-api,api-gateway,3,thread_pool,Is parcacigi havuzu doluluk orani yuzde 87,dc1,rack-B,prod
ALM-00188,2026-09-10T01:48:02,OBM,ao-006-mobile,mobile-bff,3,thread_pool,Is parcacigi havuzu doluluk orani yuzde 87,dc2,rack-A,prod
ALM-00309,2026-09-10T01:48:03,OBM,ao-017-subscriber,subscriber-service,3,timeout,dns-resolver servisine yapilan cagri zaman asimina ugradi (82 ms),dc1,rack-C,prod
ALM-01538,2026-09-10T01:48:03,SyslogNG,ao-037-cache,cache-cluster,1,ntp_drift,Saat sapmasi 67 ms,dc1,rack-B,prod
ALM-00368,2026-09-10T01:48:06,Zabbix,ao-015-subscriber,subscriber-service,3,thread_pool,Is parcacigi havuzu doluluk orani yuzde 94,dc1,rack-A,prod
ALM-00079,2026-09-10T01:48:07,SyslogNG,ao-009-auth,auth-service,4,latency_high,"Yanit suresi p99 esigi asti, 86 ms",dc1,rack-A,prod
ALM-00165,2026-09-10T01:48:09,OBM,ao-004-mobile,mobile-bff,3,thread_pool,Is parcacigi havuzu doluluk orani yuzde 71,dc2,rack-B,prod
ALM-00434,2026-09-10T01:48:09,AppDynamics,ao-023-charging,charging-service,3,thread_pool,Is parcacigi havuzu doluluk orani yuzde 84,dc1,rack-C,prod
ALM-00404,2026-09-10T01:48:11,Zabbix,ao-051-report,report-batch,3,http_5xx,"HTTP 5xx hata orani esigi asti, oran yuzde 79",dc1,rack-A,prod
ALM-00236,2026-09-10T01:48:12,SyslogNG,ao-003-api,api-gateway,3,timeout,auth-service servisine yapilan cagri zaman asimina ugradi (86 ms),dc1,rack-A,prod
ALM-00158,2026-09-10T01:48:14,SyslogNG,ao-051-report,report-batch,4,latency_high,"Yanit suresi p99 esigi asti, 89 ms",dc1,rack-A,prod
ALM-00269,2026-09-10T01:48:14,OBM,ao-001-api,api-gateway,3,timeout,dns-resolver servisine yapilan cagri zaman asimina ugradi (97 ms),dc1,rack-B,prod
ALM-00361,2026-09-10T01:48:14,OBM,ao-006-mobile,mobile-bff,3,timeout,order-service servisine yapilan cagri zaman asimina ugradi (84 ms),dc2,rack-A,prod
ALM-00398,2026-09-10T01:48:14,AppDynamics,ao-050-reconciliation,reconciliation-batch,3,thread_pool,Is parcacigi havuzu doluluk orani yuzde 75,dc2,rack-C,prod
ALM-00227,2026-09-10T01:48:16,SyslogNG,ao-002-api,api-gateway,3,http_5xx,"HTTP 5xx hata orani esigi asti, oran yuzde 91",dc2,rack-C,prod
ALM-00237,2026-09-10T01:48:16,Prometheus,ao-003-api,api-gateway,3,timeout,auth-service servisine yapilan cagri zaman asimina ugradi (78 ms),dc1,rack-A,prod
ALM-00332,2026-09-10T01:48:16,Prometheus,ao-027-order,order-service,4,timeout,message-queue servisine yapilan cagri zaman asimina ugradi (88 ms),dc1,rack-A,prod
ALM-00379,2026-09-10T01:48:16,AppDynamics,ao-016-subscriber,subscriber-service,3,thread_pool,Is parcacigi havuzu doluluk orani yuzde 82,dc2,rack-B,prod
ALM-00177,2026-09-10T01:48:20,Zabbix,ao-005-mobile,mobile-bff,4,thread_pool,Is parcacigi havuzu doluluk orani yuzde 79,dc1,rack-C,prod
ALM-00208,2026-09-10T01:48:20,AppDynamics,ao-008-web,web-bff,3,latency_high,"Yanit suresi p99 esigi asti, 88 ms",dc2,rack-C,prod
ALM-00397,2026-09-10T01:48:21,OBM,ao-050-reconciliation,reconciliation-batch,3,http_5xx,"HTTP 5xx hata orani esigi asti, oran yuzde 81",dc2,rack-C,prod
ALM-02182,2026-09-10T01:48:21,Prometheus,ao-008-web,web-bff,1,latency_high,"Yanit suresi p99 esigi asti, 32 ms",dc2,rack-C,prod
ALM-00417,2026-09-10T01:48:24,Zabbix,ao-021-charging,charging-service,3,thread_pool,Is parcacigi havuzu doluluk orani yuzde 89,dc1,rack-A,prod
ALM-00428,2026-09-10T01:48:24,Zabbix,ao-022-charging,charging-service,4,thread_pool,Is parcacigi havuzu doluluk orani yuzde 76,dc2,rack-B,prod
ALM-00189,2026-09-10T01:48:25,Zabbix,ao-006-mobile,mobile-bff,3,timeout,api-gateway servisine yapilan cagri zaman asimina ugradi (98 ms),dc2,rack-A,prod
ALM-00088,2026-09-10T01:48:28,AppDynamics,ao-015-subscriber,subscriber-service,4,timeout,subscriber-service servisine yapilan cagri zaman asimina ugradi (84 ms),dc1,rack-A,prod
ALM-00221,2026-09-10T01:48:28,Prometheus,ao-001-api,api-gateway,3,timeout,auth-service servisine yapilan cagri zaman asimina ugradi (81 ms),dc1,rack-B,prod
ALM-01568,2026-09-10T01:48:28,Prometheus,ao-036-billing,billing-db,1,mem_high,Bellek kullanimi yuzde 83 seviyesinde,dc2,rack-A,prod
ALM-00134,2026-09-10T01:48:29,AppDynamics,ao-039-message,message-queue,5,timeout,message-queue servisine yapilan cagri zaman asimina ugradi (71 ms),dc1,rack-A,prod
ALM-00303,2026-09-10T01:48:29,OBM,ao-016-subscriber,subscriber-service,3,thread_pool,Is parcacigi havuzu doluluk orani yuzde 82,dc2,rack-B,prod
ALM-00348,2026-09-10T01:48:31,OBM,ao-004-mobile,mobile-bff,4,thread_pool,Is parcacigi havuzu doluluk orani yuzde 71,dc2,rack-B,prod
ALM-02514,2026-09-10T01:48:31,Prometheus,ao-023-charging,charging-service,2,backup_warn,Yedekleme isi 58 dakika gecikmeli tamamlandi,dc1,rack-C,prod
ALM-02758,2026-09-10T01:48:32,Prometheus,ao-035-billing,billing-db,3,cert_expiry,Sertifika 26 gun icinde suresi dolacak,dc1,rack-C,prod
ALM-00144,2026-09-10T01:48:34,AppDynamics,ao-045-dns,dns-resolver,3,conn_refused,"api-gateway baglantisi reddedildi, hedef erisilemiyor",dc1,rack-A,prod
ALM-00209,2026-09-10T01:48:34,Zabbix,ao-008-web,web-bff,3,thread_pool,Is parcacigi havuzu doluluk orani yuzde 74,dc2,rack-C,prod
ALM-00089,2026-09-10T01:48:36,Zabbix,ao-015-subscriber,subscriber-service,5,conn_refused,"auth-service baglantisi reddedildi, hedef erisilemiyor",dc1,rack-A,prod
ALM-00064,2026-09-10T01:48:37,AppDynamics,ao-003-api,api-gateway,3,http_5xx,"HTTP 5xx hata orani esigi asti, oran yuzde 90",dc1,rack-A,prod
ALM-00260,2026-09-10T01:48:37,OBM,ao-020-billing,billing-service,4,latency_high,"Yanit suresi p99 esigi asti, 80 ms",dc2,rack-C,prod
ALM-00099,2026-09-10T01:48:39,Prometheus,ao-021-charging,charging-service,3,conn_refused,"subscriber-db baglantisi reddedildi, hedef erisilemiyor",dc1,rack-A,prod
ALM-02706,2026-09-10T01:48:39,Prometheus,ao-004-mobile,mobile-bff,2,backup_warn,Yedekleme isi 38 dakika gecikmeli tamamlandi,dc2,rack-B,prod
ALM-02729,2026-09-10T01:48:39,SyslogNG,ao-056-kyc,kyc-provider-gw,1,latency_high,"Yanit suresi p99 esigi asti, 28 ms",dc2,rack-C,prod
ALM-00369,2026-09-10T01:48:40,AppDynamics,ao-015-subscriber,subscriber-service,4,timeout,subscriber-db servisine yapilan cagri zaman asimina ugradi (88 ms),dc1,rack-A,prod
ALM-02799,2026-09-10T01:48:40,Prometheus,ao-037-cache,cache-cluster,2,ntp_drift,Saat sapmasi 48 ms,dc1,rack-B,prod
ALM-00287,2026-09-10T01:48:41,SyslogNG,ao-003-api,api-gateway,3,latency_high,"Yanit suresi p99 esigi asti, 91 ms",dc1,rack-A,prod
ALM-00118,2026-09-10T01:48:43,Prometheus,ao-033-subscriber,subscriber-db,4,http_5xx,"HTTP 5xx hata orani esigi asti, oran yuzde 97",dc1,rack-A,prod
ALM-00388,2026-09-10T01:48:43,AppDynamics,ao-017-subscriber,subscriber-service,3,http_5xx,"HTTP 5xx hata orani esigi asti, oran yuzde 90",dc1,rack-C,prod
ALM-02653,2026-09-10T01:48:43,Zabbix,ao-021-charging,charging-service,2,latency_high,"Yanit suresi p99 esigi asti, 87 ms",dc1,rack-A,prod
ALM-00450,2026-09-10T01:48:45,Prometheus,ao-028-order,order-service,3,thread_pool,Is parcacigi havuzu doluluk orani yuzde 76,dc2,rack-B,prod
ALM-00159,2026-09-10T01:48:46,SyslogNG,ao-051-report,report-batch,5,http_5xx,"HTTP 5xx hata orani esigi asti, oran yuzde 99",dc1,rack-A,prod
ALM-00354,2026-09-10T01:48:46,Prometheus,ao-005-mobile,mobile-bff,4,thread_pool,Is parcacigi havuzu doluluk orani yuzde 71,dc1,rack-C,prod
ALM-02094,2026-09-10T01:48:46,Prometheus,ao-044-load,load-balancer,2,cpu_high,CPU kullanimi yuzde 27,dc2,rack-C,prod
ALM-02384,2026-09-10T01:48:46,Prometheus,ao-050-reconciliation,reconciliation-batch,3,backup_warn,Yedekleme isi 54 dakika gecikmeli tamamlandi,dc2,rack-C,prod
ALM-00338,2026-09-10T01:48:48,SyslogNG,ao-028-order,order-service,4,latency_high,"Yanit suresi p99 esigi asti, 82 ms",dc2,rack-B,prod
ALM-00758,2026-09-10T01:48:48,Zabbix,ao-014-session,session-service,2,mem_high,Bellek kullanimi yuzde 66 seviyesinde,dc2,rack-C,prod
ALM-00065,2026-09-10T01:48:51,SyslogNG,ao-003-api,api-gateway,4,timeout,dns-resolver servisine yapilan cagri zaman asimina ugradi (88 ms),dc1,rack-A,prod
ALM-00245,2026-09-10T01:48:51,Zabbix,ao-018-billing,billing-service,4,timeout,charging-service servisine yapilan cagri zaman asimina ugradi (89 ms),dc2,rack-A,prod
ALM-00443,2026-09-10T01:48:52,Prometheus,ao-027-order,order-service,3,http_5xx,"HTTP 5xx hata orani esigi asti, oran yuzde 71",dc1,rack-A,prod
ALM-01481,2026-09-10T01:48:52,Prometheus,ao-016-subscriber,subscriber-service,1,cpu_high,CPU kullanimi yuzde 59,dc2,rack-B,prod
ALM-02179,2026-09-10T01:48:52,AppDynamics,ao-018-billing,billing-service,4,ntp_drift,Saat sapmasi 50 ms,dc2,rack-A,prod
ALM-00100,2026-09-10T01:48:53,Zabbix,ao-021-charging,charging-service,4,timeout,charging-service servisine yapilan cagri zaman asimina ugradi (86 ms),dc1,rack-A,prod
ALM-00252,2026-09-10T01:48:53,Zabbix,ao-019-billing,billing-service,3,timeout,charging-service servisine yapilan cagri zaman asimina ugradi (94 ms),dc1,rack-B,prod
ALM-00362,2026-09-10T01:48:55,Prometheus,ao-006-mobile,mobile-bff,4,timeout,order-service servisine yapilan cagri zaman asimina ugradi (86 ms),dc2,rack-A,prod
ALM-00320,2026-09-10T01:48:56,SyslogNG,ao-030-notification,notification-service,4,latency_high,"Yanit suresi p99 esigi asti, 87 ms",dc2,rack-A,prod
ALM-00178,2026-09-10T01:48:57,Zabbix,ao-005-mobile,mobile-bff,3,thread_pool,Is parcacigi havuzu doluluk orani yuzde 85,dc1,rack-C,prod
ALM-00722,2026-09-10T01:48:59,Prometheus,ao-012-session,session-service,2,mem_high,Bellek kullanimi yuzde 66 seviyesinde,dc2,rack-A,prod
ALM-00166,2026-09-10T01:49:00,Zabbix,ao-004-mobile,mobile-bff,3,latency_high,"Yanit suresi p99 esigi asti, 97 ms",dc2,rack-B,prod
ALM-00380,2026-09-10T01:49:00,AppDynamics,ao-016-subscriber,subscriber-service,3,latency_high,"Yanit suresi p99 esigi asti, 79 ms",dc2,rack-B,prod
ALM-00310,2026-09-10T01:49:01,OBM,ao-017-subscriber,subscriber-service,3,http_5xx,"HTTP 5xx hata orani esigi asti, oran yuzde 94",dc1,rack-C,prod
ALM-00381,2026-09-10T01:49:01,AppDynamics,ao-016-subscriber,subscriber-service,3,timeout,subscriber-db servisine yapilan cagri zaman asimina ugradi (88 ms),dc2,rack-B,prod
ALM-00405,2026-09-10T01:49:02,Zabbix,ao-051-report,report-batch,3,http_5xx,"HTTP 5xx hata orani esigi asti, oran yuzde 83",dc1,rack-A,prod
ALM-00201,2026-09-10T01:49:03,AppDynamics,ao-007-web,web-bff,4,http_5xx,"HTTP 5xx hata orani esigi asti, oran yuzde 73",dc1,rack-B,prod
ALM-00294,2026-09-10T01:49:03,AppDynamics,ao-015-subscriber,subscriber-service,3,http_5xx,"HTTP 5xx hata orani esigi asti, oran yuzde 98",dc1,rack-A,prod
ALM-01879,2026-09-10T01:49:03,Prometheus,ao-040-message,message-queue,2,mem_high,Bellek kullanimi yuzde 85 seviyesinde,dc2,rack-B,prod
ALM-01884,2026-09-10T01:49:03,SyslogNG,ao-043-load,load-balancer,2,disk_warn,"Disk kullanimi uyari seviyesinde, yuzde 53 dolu",dc1,rack-B,prod
ALM-00277,2026-09-10T01:49:04,Zabbix,ao-002-api,api-gateway,4,thread_pool,Is parcacigi havuzu doluluk orani yuzde 92,dc2,rack-C,prod
ALM-00406,2026-09-10T01:49:04,OBM,ao-051-report,report-batch,3,latency_high,"Yanit suresi p99 esigi asti, 98 ms",dc1,rack-A,prod
ALM-00119,2026-09-10T01:49:05,AppDynamics,ao-033-subscriber,subscriber-db,4,latency_high,"Yanit suresi p99 esigi asti, 78 ms",dc1,rack-A,prod
ALM-00167,2026-09-10T01:49:05,SyslogNG,ao-004-mobile,mobile-bff,4,http_5xx,"HTTP 5xx hata orani esigi asti, oran yuzde 91",dc2,rack-B,prod
ALM-00435,2026-09-10T01:49:08,SyslogNG,ao-023-charging,charging-service,4,timeout,subscriber-service servisine yapilan cagri zaman asimina ugradi (76 ms),dc1,rack-C,prod
ALM-02241,2026-09-10T01:49:08,AppDynamics,ao-024-payment,payment-service,3,log_rotate,"Log rotasyonu beklenenden uzun surdu, 32 saniye",dc2,rack-A,prod
ALM-00179,2026-09-10T01:49:09,OBM,ao-005-mobile,mobile-bff,3,latency_high,"Yanit suresi p99 esigi asti, 76 ms",dc1,rack-C,prod
ALM-00246,2026-09-10T01:49:09,Prometheus,ao-018-billing,billing-service,3,latency_high,"Yanit suresi p99 esigi asti, 71 ms",dc2,rack-A,prod
ALM-00321,2026-09-10T01:49:09,SyslogNG,ao-030-notification,notification-service,4,thread_pool,Is parcacigi havuzu doluluk orani yuzde 78,dc2,rack-A,prod
ALM-01346,2026-09-10T01:49:10,SyslogNG,ao-030-notification,notification-service,2,backup_warn,Yedekleme isi 81 dakika gecikmeli tamamlandi,dc2,rack-A,prod
ALM-00190,2026-09-10T01:49:13,Zabbix,ao-006-mobile,mobile-bff,4,thread_pool,Is parcacigi havuzu doluluk orani yuzde 72,dc2,rack-A,prod
ALM-00278,2026-09-10T01:49:15,SyslogNG,ao-002-api,api-gateway,3,http_5xx,"HTTP 5xx hata orani esigi asti, oran yuzde 94",dc2,rack-C,prod
ALM-00145,2026-09-10T01:49:16,Prometheus,ao-045-dns,dns-resolver,4,timeout,subscriber-service servisine yapilan cagri zaman asimina ugradi (70 ms),dc1,rack-A,prod
ALM-00363,2026-09-10T01:49:16,Zabbix,ao-006-mobile,mobile-bff,3,timeout,order-service servisine yapilan cagri zaman asimina ugradi (86 ms),dc2,rack-A,prod
ALM-00370,2026-09-10T01:49:16,SyslogNG,ao-015-subscriber,subscriber-service,4,latency_high,"Yanit suresi p99 esigi asti, 83 ms",dc1,rack-A,prod
ALM-00288,2026-09-10T01:49:17,AppDynamics,ao-003-api,api-gateway,3,timeout,dns-resolver servisine yapilan cagri zaman asimina ugradi (70 ms),dc1,rack-A,prod
ALM-00740,2026-09-10T01:49:17,AppDynamics,ao-013-session,session-service,2,mem_high,Bellek kullanimi yuzde 66 seviyesinde,dc1,rack-B,prod
ALM-01737,2026-09-10T01:49:17,Zabbix,ao-056-kyc,kyc-provider-gw,3,disk_warn,"Disk kullanimi uyari seviyesinde, yuzde 41 dolu",dc2,rack-C,prod
ALM-00295,2026-09-10T01:49:18,AppDynamics,ao-015-subscriber,subscriber-service,3,thread_pool,Is parcacigi havuzu doluluk orani yuzde 80,dc1,rack-A,prod
ALM-00436,2026-09-10T01:49:18,Prometheus,ao-023-charging,charging-service,4,http_5xx,"HTTP 5xx hata orani esigi asti, oran yuzde 73",dc1,rack-C,prod
ALM-00090,2026-09-10T01:49:20,OBM,ao-015-subscriber,subscriber-service,3,timeout,api-gateway servisine yapilan cagri zaman asimina ugradi (98 ms),dc1,rack-A,prod
ALM-02642,2026-09-10T01:49:20,Zabbix,ao-025-payment,payment-service,1,network_flap,Arayuz eth0 link durumu 38 kez degisti,dc1,rack-B,prod
ALM-00228,2026-09-10T01:49:21,SyslogNG,ao-002-api,api-gateway,3,http_5xx,"HTTP 5xx hata orani esigi asti, oran yuzde 70",dc2,rack-C,prod
ALM-00389,2026-09-10T01:49:21,SyslogNG,ao-017-subscriber,subscriber-service,3,http_5xx,"HTTP 5xx hata orani esigi asti, oran yuzde 98",dc1,rack-C,prod
ALM-00399,2026-09-10T01:49:22,Prometheus,ao-050-reconciliation,reconciliation-batch,4,thread_pool,Is parcacigi havuzu doluluk orani yuzde 79,dc2,rack-C,prod
ALM-01351,2026-09-10T01:49:22,OBM,ao-029-catalog,catalog-service,4,ntp_drift,Saat sapmasi 48 ms,dc1,rack-C,prod
ALM-00253,2026-09-10T01:49:23,SyslogNG,ao-019-billing,billing-service,4,timeout,charging-service servisine yapilan cagri zaman asimina ugradi (74 ms),dc1,rack-B,prod
ALM-00418,2026-09-10T01:49:23,AppDynamics,ao-021-charging,charging-service,3,http_5xx,"HTTP 5xx hata orani esigi asti, oran yuzde 86",dc1,rack-A,prod
ALM-00339,2026-09-10T01:49:25,Prometheus,ao-028-order,order-service,4,latency_high,"Yanit suresi p99 esigi asti, 99 ms",dc2,rack-B,prod
ALM-00304,2026-09-10T01:49:27,SyslogNG,ao-016-subscriber,subscriber-service,4,latency_high,"Yanit suresi p99 esigi asti, 95 ms",dc2,rack-B,prod
ALM-00311,2026-09-10T01:49:27,Prometheus,ao-017-subscriber,subscriber-service,4,latency_high,"Yanit suresi p99 esigi asti, 86 ms",dc1,rack-C,prod
ALM-00160,2026-09-10T01:49:28,Zabbix,ao-051-report,report-batch,3,conn_refused,"report-batch baglantisi reddedildi, hedef erisilemiyor",dc1,rack-A,prod
ALM-00202,2026-09-10T01:49:29,SyslogNG,ao-007-web,web-bff,3,timeout,api-gateway servisine yapilan cagri zaman asimina ugradi (98 ms),dc1,rack-B,prod
ALM-00222,2026-09-10T01:49:30,AppDynamics,ao-001-api,api-gateway,4,latency_high,"Yanit suresi p99 esigi asti, 89 ms",dc1,rack-B,prod
ALM-00120,2026-09-10T01:49:32,AppDynamics,ao-033-subscriber,subscriber-db,4,conn_refused,"dns-resolver baglantisi reddedildi, hedef erisilemiyor",dc1,rack-A,prod
ALM-00066,2026-09-10T01:49:36,Prometheus,ao-003-api,api-gateway,3,timeout,auth-service servisine yapilan cagri zaman asimina ugradi (92 ms),dc1,rack-A,prod
ALM-02603,2026-09-10T01:49:36,SyslogNG,ao-016-subscriber,subscriber-service,1,cert_expiry,Sertifika 73 gun icinde suresi dolacak,dc2,rack-B,prod
ALM-00429,2026-09-10T01:49:38,Prometheus,ao-022-charging,charging-service,3,timeout,subscriber-service servisine yapilan cagri zaman asimina ugradi (75 ms),dc2,rack-B,prod
ALM-00261,2026-09-10T01:49:39,Zabbix,ao-020-billing,billing-service,3,http_5xx,"HTTP 5xx hata orani esigi asti, oran yuzde 91",dc2,rack-C,prod
ALM-00238,2026-09-10T01:49:40,Zabbix,ao-003-api,api-gateway,4,timeout,auth-service servisine yapilan cagri zaman asimina ugradi (75 ms),dc1,rack-A,prod
ALM-00444,2026-09-10T01:49:40,Zabbix,ao-027-order,order-service,3,thread_pool,Is parcacigi havuzu doluluk orani yuzde 99,dc1,rack-A,prod
ALM-00210,2026-09-10T01:49:41,Zabbix,ao-008-web,web-bff,3,latency_high,"Yanit suresi p99 esigi asti, 75 ms",dc2,rack-C,prod
ALM-00451,2026-09-10T01:49:41,Zabbix,ao-028-order,order-service,3,timeout,subscriber-service servisine yapilan cagri zaman asimina ugradi (81 ms),dc2,rack-B,prod
ALM-00146,2026-09-10T01:49:43,Prometheus,ao-045-dns,dns-resolver,4,conn_refused,"auth-service baglantisi reddedildi, hedef erisilemiyor",dc1,rack-A,prod
ALM-02814,2026-09-10T01:49:45,Zabbix,ao-054-payment,payment-provider-gw,2,log_rotate,"Log rotasyonu beklenenden uzun surdu, 85 saniye",dc2,rack-A,prod
ALM-01940,2026-09-10T01:49:46,OBM,ao-023-charging,charging-service,2,cert_expiry,Sertifika 43 gun icinde suresi dolacak,dc1,rack-C,prod
ALM-02651,2026-09-10T01:49:46,Prometheus,ao-009-auth,auth-service,2,backup_warn,Yedekleme isi 53 dakika gecikmeli tamamlandi,dc1,rack-A,prod
ALM-00270,2026-09-10T01:49:47,Zabbix,ao-001-api,api-gateway,4,latency_high,"Yanit suresi p99 esigi asti, 99 ms",dc1,rack-B,prod
ALM-00180,2026-09-10T01:49:51,SyslogNG,ao-005-mobile,mobile-bff,4,thread_pool,Is parcacigi havuzu doluluk orani yuzde 89,dc1,rack-C,prod
ALM-00382,2026-09-10T01:49:51,Prometheus,ao-016-subscriber,subscriber-service,3,thread_pool,Is parcacigi havuzu doluluk orani yuzde 86,dc2,rack-B,prod
ALM-00371,2026-09-10T01:49:52,Zabbix,ao-015-subscriber,subscriber-service,3,latency_high,"Yanit suresi p99 esigi asti, 95 ms",dc1,rack-A,prod
ALM-00247,2026-09-10T01:49:53,SyslogNG,ao-018-billing,billing-service,3,thread_pool,Is parcacigi havuzu doluluk orani yuzde 86,dc2,rack-A,prod
ALM-00262,2026-09-10T01:49:54,Zabbix,ao-020-billing,billing-service,3,timeout,charging-service servisine yapilan cagri zaman asimina ugradi (71 ms),dc2,rack-C,prod
ALM-00312,2026-09-10T01:49:55,SyslogNG,ao-017-subscriber,subscriber-service,3,timeout,dns-resolver servisine yapilan cagri zaman asimina ugradi (91 ms),dc1,rack-C,prod
ALM-00349,2026-09-10T01:49:55,AppDynamics,ao-004-mobile,mobile-bff,3,thread_pool,Is parcacigi havuzu doluluk orani yuzde 96,dc2,rack-B,prod
ALM-00390,2026-09-10T01:49:55,Prometheus,ao-017-subscriber,subscriber-service,3,latency_high,"Yanit suresi p99 esigi asti, 74 ms",dc1,rack-C,prod
ALM-00437,2026-09-10T01:49:55,OBM,ao-023-charging,charging-service,3,latency_high,"Yanit suresi p99 esigi asti, 83 ms",dc1,rack-C,prod
ALM-00445,2026-09-10T01:49:55,SyslogNG,ao-027-order,order-service,3,http_5xx,"HTTP 5xx hata orani esigi asti, oran yuzde 85",dc1,rack-A,prod
ALM-00333,2026-09-10T01:49:56,AppDynamics,ao-027-order,order-service,3,thread_pool,Is parcacigi havuzu doluluk orani yuzde 98,dc1,rack-A,prod
ALM-00355,2026-09-10T01:49:58,SyslogNG,ao-005-mobile,mobile-bff,4,thread_pool,Is parcacigi havuzu doluluk orani yuzde 96,dc1,rack-C,prod
ALM-02804,2026-09-10T01:49:58,Zabbix,ao-006-mobile,mobile-bff,2,backup_warn,Yedekleme isi 70 dakika gecikmeli tamamlandi,dc2,rack-A,prod
ALM-00239,2026-09-10T01:50:01,Zabbix,ao-003-api,api-gateway,3,thread_pool,Is parcacigi havuzu doluluk orani yuzde 83,dc1,rack-A,prod
ALM-00296,2026-09-10T01:50:01,SyslogNG,ao-015-subscriber,subscriber-service,3,thread_pool,Is parcacigi havuzu doluluk orani yuzde 76,dc1,rack-A,prod
ALM-00322,2026-09-10T01:50:03,SyslogNG,ao-030-notification,notification-service,4,timeout,message-queue servisine yapilan cagri zaman asimina ugradi (86 ms),dc2,rack-A,prod
ALM-02838,2026-09-10T01:50:06,OBM,ao-027-order,order-service,2,network_flap,Arayuz ens192 link durumu 73 kez degisti,dc1,rack-A,prod
ALM-00364,2026-09-10T01:50:07,Prometheus,ao-006-mobile,mobile-bff,4,timeout,order-service servisine yapilan cagri zaman asimina ugradi (94 ms),dc2,rack-A,prod
ALM-01450,2026-09-10T01:50:07,OBM,ao-010-auth,auth-service,2,disk_warn,"Disk kullanimi uyari seviyesinde, yuzde 30 dolu",dc2,rack-B,prod
ALM-00254,2026-09-10T01:50:09,Prometheus,ao-019-billing,billing-service,3,latency_high,"Yanit suresi p99 esigi asti, 73 ms",dc1,rack-B,prod
ALM-02994,2026-09-10T01:50:09,SyslogNG,ao-048-batch,batch-scheduler,1,cert_expiry,Sertifika 84 gun icinde suresi dolacak,dc2,rack-A,prod
ALM-00168,2026-09-10T01:50:10,OBM,ao-004-mobile,mobile-bff,3,thread_pool,Is parcacigi havuzu doluluk orani yuzde 70,dc2,rack-B,prod
ALM-00289,2026-09-10T01:50:11,SyslogNG,ao-003-api,api-gateway,4,latency_high,"Yanit suresi p99 esigi asti, 98 ms",dc1,rack-A,prod
ALM-00340,2026-09-10T01:50:11,AppDynamics,ao-028-order,order-service,4,latency_high,"Yanit suresi p99 esigi asti, 73 ms",dc2,rack-B,prod
ALM-01471,2026-09-10T01:50:11,OBM,ao-014-session,session-service,2,ntp_drift,Saat sapmasi 48 ms,dc2,rack-C,prod
ALM-00356,2026-09-10T01:50:12,Zabbix,ao-005-mobile,mobile-bff,4,http_5xx,"HTTP 5xx hata orani esigi asti, oran yuzde 79",dc1,rack-C,prod
ALM-00452,2026-09-10T01:50:16,Zabbix,ao-028-order,order-service,3,timeout,subscriber-service servisine yapilan cagri zaman asimina ugradi (85 ms),dc2,rack-B,prod
ALM-00191,2026-09-10T01:50:17,Zabbix,ao-006-mobile,mobile-bff,4,http_5xx,"HTTP 5xx hata orani esigi asti, oran yuzde 76",dc2,rack-A,prod
ALM-00203,2026-09-10T01:50:17,Prometheus,ao-007-web,web-bff,3,timeout,api-gateway servisine yapilan cagri zaman asimina ugradi (84 ms),dc1,rack-B,prod
ALM-00305,2026-09-10T01:50:17,SyslogNG,ao-016-subscriber,subscriber-service,3,latency_high,"Yanit suresi p99 esigi asti, 82 ms",dc2,rack-B,prod
ALM-00067,2026-09-10T01:50:19,Zabbix,ao-003-api,api-gateway,4,conn_refused,"api-gateway baglantisi reddedildi, hedef erisilemiyor",dc1,rack-A,prod
ALM-00271,2026-09-10T01:50:19,SyslogNG,ao-001-api,api-gateway,4,latency_high,"Yanit suresi p99 esigi asti, 95 ms",dc1,rack-B,prod
ALM-00430,2026-09-10T01:50:22,AppDynamics,ao-022-charging,charging-service,3,timeout,subscriber-service servisine yapilan cagri zaman asimina ugradi (91 ms),dc2,rack-B,prod
ALM-02504,2026-09-10T01:50:23,Zabbix,ao-045-dns,dns-resolver,4,cert_expiry,Sertifika 49 gun icinde suresi dolacak,dc1,rack-A,prod
ALM-00121,2026-09-10T01:50:25,OBM,ao-033-subscriber,subscriber-db,4,http_5xx,"HTTP 5xx hata orani esigi asti, oran yuzde 75",dc1,rack-A,prod
ALM-00279,2026-09-10T01:50:26,SyslogNG,ao-002-api,api-gateway,4,thread_pool,Is parcacigi havuzu doluluk orani yuzde 78,dc2,rack-C,prod
ALM-00419,2026-09-10T01:50:28,Zabbix,ao-021-charging,charging-service,3,timeout,subscriber-service servisine yapilan cagri zaman asimina ugradi (74 ms),dc1,rack-A,prod
ALM-00161,2026-09-10T01:50:29,Zabbix,ao-051-report,report-batch,5,latency_high,"Yanit suresi p99 esigi asti, 86 ms",dc1,rack-A,prod
ALM-02568,2026-09-10T01:50:29,SyslogNG,ao-037-cache,cache-cluster,2,cpu_high,CPU kullanimi yuzde 38,dc1,rack-B,prod
ALM-00400,2026-09-10T01:50:33,SyslogNG,ao-050-reconciliation,reconciliation-batch,3,latency_high,"Yanit suresi p99 esigi asti, 71 ms",dc2,rack-C,prod
ALM-00068,2026-09-10T01:50:35,SyslogNG,ao-003-api,api-gateway,3,timeout,charging-service servisine yapilan cagri zaman asimina ugradi (99 ms),dc1,rack-A,prod
ALM-02290,2026-09-10T01:50:36,Prometheus,ao-008-web,web-bff,3,backup_warn,Yedekleme isi 80 dakika gecikmeli tamamlandi,dc2,rack-C,prod
ALM-00383,2026-09-10T01:50:37,Zabbix,ao-016-subscriber,subscriber-service,3,timeout,subscriber-db servisine yapilan cagri zaman asimina ugradi (83 ms),dc2,rack-B,prod
ALM-00420,2026-09-10T01:50:37,Prometheus,ao-021-charging,charging-service,3,http_5xx,"HTTP 5xx hata orani esigi asti, oran yuzde 71",dc1,rack-A,prod
ALM-00229,2026-09-10T01:50:38,AppDynamics,ao-002-api,api-gateway,3,timeout,auth-service servisine yapilan cagri zaman asimina ugradi (92 ms),dc2,rack-C,prod
ALM-00372,2026-09-10T01:50:39,OBM,ao-015-subscriber,subscriber-service,3,timeout,subscriber-db servisine yapilan cagri zaman asimina ugradi (91 ms),dc1,rack-A,prod
ALM-00263,2026-09-10T01:50:40,AppDynamics,ao-020-billing,billing-service,3,timeout,charging-service servisine yapilan cagri zaman asimina ugradi (87 ms),dc2,rack-C,prod
ALM-00407,2026-09-10T01:50:40,Prometheus,ao-051-report,report-batch,3,http_5xx,"HTTP 5xx hata orani esigi asti, oran yuzde 85",dc1,rack-A,prod
ALM-00211,2026-09-10T01:50:41,Prometheus,ao-008-web,web-bff,4,thread_pool,Is parcacigi havuzu doluluk orani yuzde 97,dc2,rack-C,prod
ALM-00280,2026-09-10T01:50:41,OBM,ao-002-api,api-gateway,4,thread_pool,Is parcacigi havuzu doluluk orani yuzde 91,dc2,rack-C,prod
ALM-00147,2026-09-10T01:50:49,AppDynamics,ao-045-dns,dns-resolver,4,latency_high,"Yanit suresi p99 esigi asti, 94 ms",dc1,rack-A,prod
ALM-01963,2026-09-10T01:50:49,OBM,ao-049-invoice,invoice-batch,3,cert_expiry,Sertifika 26 gun icinde suresi dolacak,dc1,rack-B,prod
ALM-00148,2026-09-10T01:50:50,OBM,ao-045-dns,dns-resolver,4,conn_refused,"order-service baglantisi reddedildi, hedef erisilemiyor",dc1,rack-A,prod
ALM-00341,2026-09-10T01:50:51,Prometheus,ao-028-order,order-service,4,thread_pool,Is parcacigi havuzu doluluk orani yuzde 77,dc2,rack-B,prod
ALM-00323,2026-09-10T01:50:52,Prometheus,ao-030-notification,notification-service,3,latency_high,"Yanit suresi p99 esigi asti, 77 ms",dc2,rack-A,prod
ALM-00408,2026-09-10T01:50:52,OBM,ao-051-report,report-batch,3,thread_pool,Is parcacigi havuzu doluluk orani yuzde 71,dc1,rack-A,prod
ALM-02231,2026-09-10T01:50:52,OBM,ao-022-charging,charging-service,2,mem_high,Bellek kullanimi yuzde 73 seviyesinde,dc2,rack-B,prod
ALM-00212,2026-09-10T01:50:53,OBM,ao-008-web,web-bff,3,thread_pool,Is parcacigi havuzu doluluk orani yuzde 70,dc2,rack-C,prod
ALM-00453,2026-09-10T01:50:55,SyslogNG,ao-028-order,order-service,4,latency_high,"Yanit suresi p99 esigi asti, 85 ms",dc2,rack-B,prod
ALM-02638,2026-09-10T01:50:57,Zabbix,ao-049-invoice,invoice-batch,2,latency_high,"Yanit suresi p99 esigi asti, 22 ms",dc1,rack-B,prod
ALM-02934,2026-09-10T01:50:59,AppDynamics,ao-015-subscriber,subscriber-service,1,disk_warn,"Disk kullanimi uyari seviyesinde, yuzde 30 dolu",dc1,rack-A,prod
ALM-00122,2026-09-10T01:51:01,OBM,ao-033-subscriber,subscriber-db,3,timeout,charging-service servisine yapilan cagri zaman asimina ugradi (90 ms),dc1,rack-A,prod
ALM-00069,2026-09-10T01:51:04,OBM,ao-003-api,api-gateway,5,conn_refused,"dns-resolver baglantisi reddedildi, hedef erisilemiyor",dc1,rack-A,prod
ALM-00297,2026-09-10T01:51:04,AppDynamics,ao-015-subscriber,subscriber-service,3,thread_pool,Is parcacigi havuzu doluluk orani yuzde 97,dc1,rack-A,prod
ALM-00192,2026-09-10T01:51:05,Prometheus,ao-006-mobile,mobile-bff,3,http_5xx,"HTTP 5xx hata orani esigi asti, oran yuzde 70",dc2,rack-A,prod
ALM-00438,2026-09-10T01:51:05,OBM,ao-023-charging,charging-service,3,http_5xx,"HTTP 5xx hata orani esigi asti, oran yuzde 77",dc1,rack-C,prod
ALM-00169,2026-09-10T01:51:09,Prometheus,ao-004-mobile,mobile-bff,3,timeout,api-gateway servisine yapilan cagri zaman asimina ugradi (76 ms),dc2,rack-B,prod
ALM-02322,2026-09-10T01:51:10,SyslogNG,ao-003-api,api-gateway,3,disk_warn,"Disk kullanimi uyari seviyesinde, yuzde 67 dolu",dc1,rack-A,prod
ALM-00123,2026-09-10T01:51:11,SyslogNG,ao-033-subscriber,subscriber-db,4,timeout,dns-resolver servisine yapilan cagri zaman asimina ugradi (74 ms),dc1,rack-A,prod
ALM-00230,2026-09-10T01:51:12,AppDynamics,ao-002-api,api-gateway,3,thread_pool,Is parcacigi havuzu doluluk orani yuzde 78,dc2,rack-C,prod
ALM-01627,2026-09-10T01:51:12,SyslogNG,ao-025-payment,payment-service,2,cpu_high,CPU kullanimi yuzde 42,dc1,rack-B,prod
ALM-00391,2026-09-10T01:51:16,OBM,ao-017-subscriber,subscriber-service,3,http_5xx,"HTTP 5xx hata orani esigi asti, oran yuzde 73",dc1,rack-C,prod
ALM-00272,2026-09-10T01:51:18,SyslogNG,ao-001-api,api-gateway,4,http_5xx,"HTTP 5xx hata orani esigi asti, oran yuzde 81",dc1,rack-B,prod
ALM-00255,2026-09-10T01:51:20,OBM,ao-019-billing,billing-service,4,http_5xx,"HTTP 5xx hata orani esigi asti, oran yuzde 74",dc1,rack-B,prod
ALM-00357,2026-09-10T01:51:21,Zabbix,ao-005-mobile,mobile-bff,4,latency_high,"Yanit suresi p99 esigi asti, 81 ms",dc1,rack-C,prod
ALM-00240,2026-09-10T01:51:27,OBM,ao-003-api,api-gateway,3,timeout,auth-service servisine yapilan cagri zaman asimina ugradi (71 ms),dc1,rack-A,prod
ALM-00313,2026-09-10T01:51:27,OBM,ao-017-subscriber,subscriber-service,4,http_5xx,"HTTP 5xx hata orani esigi asti, oran yuzde 93",dc1,rack-C,prod
ALM-01368,2026-09-10T01:51:27,AppDynamics,ao-041-object,object-store,1,cpu_high,CPU kullanimi yuzde 62,dc1,rack-C,prod
ALM-00281,2026-09-10T01:51:28,OBM,ao-002-api,api-gateway,4,http_5xx,"HTTP 5xx hata orani esigi asti, oran yuzde 82",dc2,rack-C,prod
ALM-00373,2026-09-10T01:51:28,SyslogNG,ao-015-subscriber,subscriber-service,3,timeout,subscriber-db servisine yapilan cagri zaman asimina ugradi (99 ms),dc1,rack-A,prod
ALM-00204,2026-09-10T01:51:30,OBM,ao-007-web,web-bff,3,http_5xx,"HTTP 5xx hata orani esigi asti, oran yuzde 99",dc1,rack-B,prod
ALM-01803,2026-09-10T01:51:32,OBM,ao-005-mobile,mobile-bff,2,ntp_drift,Saat sapmasi 28 ms,dc1,rack-C,prod
ALM-01839,2026-09-10T01:51:32,OBM,ao-005-mobile,mobile-bff,2,backup_warn,Yedekleme isi 83 dakika gecikmeli tamamlandi,dc1,rack-C,prod
ALM-02261,2026-09-10T01:51:33,Prometheus,ao-036-billing,billing-db,2,cpu_high,CPU kullanimi yuzde 40,dc2,rack-A,prod
ALM-00181,2026-09-10T01:51:34,Zabbix,ao-005-mobile,mobile-bff,3,http_5xx,"HTTP 5xx hata orani esigi asti, oran yuzde 92",dc1,rack-C,prod
ALM-00213,2026-09-10T01:51:34,OBM,ao-008-web,web-bff,3,http_5xx,"HTTP 5xx hata orani esigi asti, oran yuzde 74",dc2,rack-C,prod
ALM-02940,2026-09-10T01:51:38,SyslogNG,ao-049-invoice,invoice-batch,2,backup_warn,Yedekleme isi 50 dakika gecikmeli tamamlandi,dc1,rack-B,prod
ALM-00392,2026-09-10T01:51:39,Zabbix,ao-017-subscriber,subscriber-service,3,http_5xx,"HTTP 5xx hata orani esigi asti, oran yuzde 80",dc1,rack-C,prod
ALM-00314,2026-09-10T01:51:40,OBM,ao-017-subscriber,subscriber-service,4,http_5xx,"HTTP 5xx hata orani esigi asti, oran yuzde 72",dc1,rack-C,prod
ALM-00124,2026-09-10T01:51:44,Zabbix,ao-033-subscriber,subscriber-db,5,latency_high,"Yanit suresi p99 esigi asti, 85 ms",dc1,rack-A,prod
ALM-01767,2026-09-10T01:51:46,OBM,ao-005-mobile,mobile-bff,4,network_flap,Arayuz ens192 link durumu 57 kez degisti,dc1,rack-C,prod
ALM-00454,2026-09-10T01:51:48,Zabbix,ao-028-order,order-service,3,timeout,subscriber-service servisine yapilan cagri zaman asimina ugradi (83 ms),dc2,rack-B,prod
ALM-02699,2026-09-10T01:51:54,OBM,ao-054-payment,payment-provider-gw,1,mem_high,Bellek kullanimi yuzde 47 seviyesinde,dc2,rack-A,prod
ALM-00342,2026-09-10T01:51:55,AppDynamics,ao-028-order,order-service,3,http_5xx,"HTTP 5xx hata orani esigi asti, oran yuzde 98",dc2,rack-B,prod
ALM-01657,2026-09-10T01:51:56,AppDynamics,ao-056-kyc,kyc-provider-gw,2,cert_expiry,Sertifika 80 gun icinde suresi dolacak,dc2,rack-C,prod
ALM-00409,2026-09-10T01:51:58,Prometheus,ao-051-report,report-batch,4,latency_high,"Yanit suresi p99 esigi asti, 99 ms",dc1,rack-A,prod
ALM-01502,2026-09-10T01:51:58,OBM,ao-044-load,load-balancer,1,ntp_drift,Saat sapmasi 32 ms,dc2,rack-C,prod
ALM-02776,2026-09-10T01:51:58,Zabbix,ao-008-web,web-bff,2,mem_high,Bellek kullanimi yuzde 22 seviyesinde,dc2,rack-C,prod
ALM-00170,2026-09-10T01:52:03,SyslogNG,ao-004-mobile,mobile-bff,4,http_5xx,"HTTP 5xx hata orani esigi asti, oran yuzde 91",dc2,rack-B,prod
ALM-00324,2026-09-10T01:52:04,AppDynamics,ao-030-notification,notification-service,4,http_5xx,"HTTP 5xx hata orani esigi asti, oran yuzde 94",dc2,rack-A,prod
ALM-01654,2026-09-10T01:52:05,Zabbix,ao-007-web,web-bff,3,cert_expiry,Sertifika 28 gun icinde suresi dolacak,dc1,rack-B,prod
ALM-00070,2026-09-10T01:52:06,SyslogNG,ao-003-api,api-gateway,4,http_5xx,"HTTP 5xx hata orani esigi asti, oran yuzde 89",dc1,rack-A,prod
ALM-00193,2026-09-10T01:52:06,AppDynamics,ao-006-mobile,mobile-bff,3,thread_pool,Is parcacigi havuzu doluluk orani yuzde 90,dc2,rack-A,prod
ALM-00264,2026-09-10T01:52:07,Zabbix,ao-020-billing,billing-service,3,http_5xx,"HTTP 5xx hata orani esigi asti, oran yuzde 80",dc2,rack-C,prod
ALM-02812,2026-09-10T01:52:07,Prometheus,ao-024-payment,payment-service,3,disk_warn,"Disk kullanimi uyari seviyesinde, yuzde 53 dolu",dc2,rack-A,prod
ALM-00214,2026-09-10T01:52:13,Zabbix,ao-008-web,web-bff,3,timeout,api-gateway servisine yapilan cagri zaman asimina ugradi (94 ms),dc2,rack-C,prod
ALM-00231,2026-09-10T01:52:13,OBM,ao-002-api,api-gateway,3,thread_pool,Is parcacigi havuzu doluluk orani yuzde 93,dc2,rack-C,prod
ALM-02720,2026-09-10T01:52:13,SyslogNG,ao-037-cache,cache-cluster,3,network_flap,Arayuz bond0 link durumu 65 kez degisti,dc1,rack-B,prod
ALM-00149,2026-09-10T01:52:14,Prometheus,ao-045-dns,dns-resolver,4,conn_refused,"dns-resolver baglantisi reddedildi, hedef erisilemiyor",dc1,rack-A,prod
ALM-00182,2026-09-10T01:52:16,Prometheus,ao-005-mobile,mobile-bff,3,thread_pool,Is parcacigi havuzu doluluk orani yuzde 76,dc1,rack-C,prod
ALM-00315,2026-09-10T01:52:16,Prometheus,ao-017-subscriber,subscriber-service,3,latency_high,"Yanit suresi p99 esigi asti, 71 ms",dc1,rack-C,prod
ALM-01440,2026-09-10T01:52:16,AppDynamics,ao-028-order,order-service,2,log_rotate,"Log rotasyonu beklenenden uzun surdu, 36 saniye",dc2,rack-B,prod
ALM-00422,2026-09-10T01:52:17,SyslogNG,ao-021-charging,charging-service,4,thread_pool,Is parcacigi havuzu doluluk orani yuzde 84,dc1,rack-A,prod
ALM-00298,2026-09-10T01:52:22,Zabbix,ao-015-subscriber,subscriber-service,3,timeout,dns-resolver servisine yapilan cagri zaman asimina ugradi (87 ms),dc1,rack-A,prod
ALM-00421,2026-09-10T01:52:22,Prometheus,ao-021-charging,charging-service,3,http_5xx,"HTTP 5xx hata orani esigi asti, oran yuzde 95",dc1,rack-A,prod
ALM-00125,2026-09-10T01:52:26,SyslogNG,ao-033-subscriber,subscriber-db,5,http_5xx,"HTTP 5xx hata orani esigi asti, oran yuzde 99",dc1,rack-A,prod
ALM-00171,2026-09-10T01:52:27,OBM,ao-004-mobile,mobile-bff,3,timeout,api-gateway servisine yapilan cagri zaman asimina ugradi (82 ms),dc2,rack-B,prod
ALM-00455,2026-09-10T01:52:29,OBM,ao-028-order,order-service,3,timeout,subscriber-service servisine yapilan cagri zaman asimina ugradi (76 ms),dc2,rack-B,prod
ALM-00393,2026-09-10T01:52:34,Zabbix,ao-017-subscriber,subscriber-service,3,latency_high,"Yanit suresi p99 esigi asti, 89 ms",dc1,rack-C,prod
ALM-01259,2026-09-10T01:52:37,OBM,ao-040-message,message-queue,3,backup_warn,Yedekleme isi 74 dakika gecikmeli tamamlandi,dc2,rack-B,prod
ALM-02943,2026-09-10T01:52:37,SyslogNG,ao-051-report,report-batch,2,cpu_high,CPU kullanimi yuzde 25,dc1,rack-A,prod
ALM-00232,2026-09-10T01:52:38,AppDynamics,ao-002-api,api-gateway,3,thread_pool,Is parcacigi havuzu doluluk orani yuzde 97,dc2,rack-C,prod
ALM-00374,2026-09-10T01:52:39,Prometheus,ao-015-subscriber,subscriber-service,3,timeout,subscriber-db servisine yapilan cagri zaman asimina ugradi (76 ms),dc1,rack-A,prod
ALM-00410,2026-09-10T01:52:43,Zabbix,ao-051-report,report-batch,4,http_5xx,"HTTP 5xx hata orani esigi asti, oran yuzde 93",dc1,rack-A,prod
ALM-02289,2026-09-10T01:52:43,Prometheus,ao-045-dns,dns-resolver,1,disk_warn,"Disk kullanimi uyari seviyesinde, yuzde 38 dolu",dc1,rack-A,prod
ALM-01813,2026-09-10T01:52:47,OBM,ao-045-dns,dns-resolver,2,latency_high,"Yanit suresi p99 esigi asti, 33 ms",dc1,rack-A,prod
ALM-00325,2026-09-10T01:52:50,Prometheus,ao-030-notification,notification-service,3,latency_high,"Yanit suresi p99 esigi asti, 95 ms",dc2,rack-A,prod
ALM-02296,2026-09-10T01:52:52,OBM,ao-012-session,session-service,1,cert_expiry,Sertifika 49 gun icinde suresi dolacak,dc2,rack-A,prod
ALM-00194,2026-09-10T01:52:59,Zabbix,ao-006-mobile,mobile-bff,3,timeout,api-gateway servisine yapilan cagri zaman asimina ugradi (98 ms),dc2,rack-A,prod
ALM-00172,2026-09-10T01:53:00,AppDynamics,ao-004-mobile,mobile-bff,4,latency_high,"Yanit suresi p99 esigi asti, 98 ms",dc2,rack-B,prod
ALM-02251,2026-09-10T01:53:03,OBM,ao-010-auth,auth-service,4,disk_warn,"Disk kullanimi uyari seviyesinde, yuzde 55 dolu",dc2,rack-B,prod
ALM-00184,2026-09-10T01:53:05,AppDynamics,ao-005-mobile,mobile-bff,3,timeout,api-gateway servisine yapilan cagri zaman asimina ugradi (93 ms),dc1,rack-C,prod
ALM-02563,2026-09-10T01:53:06,AppDynamics,ao-047-ntp,ntp-service,2,ntp_drift,Saat sapmasi 26 ms,dc1,rack-C,prod
ALM-00723,2026-09-10T01:53:07,OBM,ao-012-session,session-service,2,mem_high,Bellek kullanimi yuzde 68 seviyesinde,dc2,rack-A,prod
ALM-00282,2026-09-10T01:53:09,Zabbix,ao-002-api,api-gateway,4,timeout,dns-resolver servisine yapilan cagri zaman asimina ugradi (80 ms),dc2,rack-C,prod
ALM-00183,2026-09-10T01:53:10,Prometheus,ao-005-mobile,mobile-bff,4,timeout,api-gateway servisine yapilan cagri zaman asimina ugradi (88 ms),dc1,rack-C,prod
ALM-00343,2026-09-10T01:53:11,SyslogNG,ao-028-order,order-service,3,thread_pool,Is parcacigi havuzu doluluk orani yuzde 76,dc2,rack-B,prod
ALM-00215,2026-09-10T01:53:13,Prometheus,ao-008-web,web-bff,3,http_5xx,"HTTP 5xx hata orani esigi asti, oran yuzde 75",dc2,rack-C,prod
ALM-00759,2026-09-10T01:53:16,OBM,ao-014-session,session-service,2,mem_high,Bellek kullanimi yuzde 68 seviyesinde,dc2,rack-C,prod
ALM-02458,2026-09-10T01:53:17,Prometheus,ao-010-auth,auth-service,2,ntp_drift,Saat sapmasi 21 ms,dc2,rack-B,prod
ALM-00741,2026-09-10T01:53:22,SyslogNG,ao-013-session,session-service,2,mem_high,Bellek kullanimi yuzde 68 seviyesinde,dc1,rack-B,prod
ALM-02822,2026-09-10T01:53:24,SyslogNG,ao-024-payment,payment-service,1,latency_high,"Yanit suresi p99 esigi asti, 43 ms",dc2,rack-A,prod
ALM-00423,2026-09-10T01:53:25,Prometheus,ao-021-charging,charging-service,3,thread_pool,Is parcacigi havuzu doluluk orani yuzde 76,dc1,rack-A,prod
ALM-02326,2026-09-10T01:53:25,Zabbix,ao-003-api,api-gateway,3,network_flap,Arayuz bond0 link durumu 52 kez degisti,dc1,rack-A,prod
ALM-02371,2026-09-10T01:53:28,OBM,ao-014-session,session-service,2,mem_high,Bellek kullanimi yuzde 58 seviyesinde,dc2,rack-C,prod
ALM-02363,2026-09-10T01:53:33,AppDynamics,ao-002-api,api-gateway,2,backup_warn,Yedekleme isi 83 dakika gecikmeli tamamlandi,dc2,rack-C,prod
ALM-01732,2026-09-10T01:53:36,Prometheus,ao-022-charging,charging-service,3,cpu_high,CPU kullanimi yuzde 21,dc2,rack-B,prod
ALM-02160,2026-09-10T01:53:36,SyslogNG,ao-038-cache,cache-cluster,1,latency_high,"Yanit suresi p99 esigi asti, 25 ms",dc2,rack-C,prod
ALM-00195,2026-09-10T01:53:37,AppDynamics,ao-006-mobile,mobile-bff,3,timeout,api-gateway servisine yapilan cagri zaman asimina ugradi (78 ms),dc2,rack-A,prod
ALM-02328,2026-09-10T01:53:38,Prometheus,ao-013-session,session-service,1,cpu_high,CPU kullanimi yuzde 87,dc1,rack-B,prod
ALM-00375,2026-09-10T01:53:40,OBM,ao-015-subscriber,subscriber-service,4,thread_pool,Is parcacigi havuzu doluluk orani yuzde 91,dc1,rack-A,prod
ALM-01905,2026-09-10T01:53:40,Prometheus,ao-032-subscriber,subscriber-db,1,mem_high,Bellek kullanimi yuzde 76 seviyesinde,dc2,rack-C,prod
ALM-02285,2026-09-10T01:53:41,AppDynamics,ao-003-api,api-gateway,3,network_flap,Arayuz ens192 link durumu 73 kez degisti,dc1,rack-A,prod
ALM-01246,2026-09-10T01:53:45,SyslogNG,ao-040-message,message-queue,1,log_rotate,"Log rotasyonu beklenenden uzun surdu, 65 saniye",dc2,rack-B,prod
ALM-00456,2026-09-10T01:53:48,Prometheus,ao-028-order,order-service,4,timeout,subscriber-service servisine yapilan cagri zaman asimina ugradi (96 ms),dc2,rack-B,prod
ALM-01286,2026-09-10T01:53:48,SyslogNG,ao-009-auth,auth-service,2,ntp_drift,Saat sapmasi 56 ms,dc1,rack-A,prod
ALM-02587,2026-09-10T01:53:48,Zabbix,ao-054-payment,payment-provider-gw,2,disk_warn,"Disk kullanimi uyari seviyesinde, yuzde 77 dolu",dc2,rack-A,prod
ALM-02813,2026-09-10T01:53:48,AppDynamics,ao-012-session,session-service,2,cert_expiry,Sertifika 71 gun icinde suresi dolacak,dc2,rack-A,prod
ALM-00326,2026-09-10T01:53:52,SyslogNG,ao-030-notification,notification-service,3,timeout,message-queue servisine yapilan cagri zaman asimina ugradi (97 ms),dc2,rack-A,prod
ALM-00411,2026-09-10T01:53:52,SyslogNG,ao-051-report,report-batch,3,latency_high,"Yanit suresi p99 esigi asti, 97 ms",dc1,rack-A,prod
ALM-02704,2026-09-10T01:53:52,AppDynamics,ao-001-api,api-gateway,1,mem_high,Bellek kullanimi yuzde 38 seviyesinde,dc1,rack-B,prod
ALM-02878,2026-09-10T01:53:52,OBM,ao-015-subscriber,subscriber-service,2,network_flap,Arayuz eth0 link durumu 75 kez degisti,dc1,rack-A,prod
ALM-00173,2026-09-10T01:53:53,AppDynamics,ao-004-mobile,mobile-bff,3,latency_high,"Yanit suresi p99 esigi asti, 73 ms",dc2,rack-B,prod
ALM-01611,2026-09-10T01:53:54,AppDynamics,ao-027-order,order-service,3,log_rotate,"Log rotasyonu beklenenden uzun surdu, 20 saniye",dc1,rack-A,prod
ALM-02676,2026-09-10T01:53:57,Zabbix,ao-043-load,load-balancer,2,disk_warn,"Disk kullanimi uyari seviyesinde, yuzde 61 dolu",dc1,rack-B,prod
ALM-01816,2026-09-10T01:53:58,Zabbix,ao-029-catalog,catalog-service,2,log_rotate,"Log rotasyonu beklenenden uzun surdu, 53 saniye",dc1,rack-C,prod
ALM-00216,2026-09-10T01:54:08,OBM,ao-008-web,web-bff,3,timeout,api-gateway servisine yapilan cagri zaman asimina ugradi (84 ms),dc2,rack-C,prod
ALM-00327,2026-09-10T01:54:11,OBM,ao-030-notification,notification-service,3,thread_pool,Is parcacigi havuzu doluluk orani yuzde 96,dc2,rack-A,prod
ALM-02499,2026-09-10T01:54:11,OBM,ao-039-message,message-queue,1,disk_warn,"Disk kullanimi uyari seviyesinde, yuzde 78 dolu",dc1,rack-A,prod
ALM-01428,2026-09-10T01:54:15,OBM,ao-031-subscriber,subscriber-db,1,log_rotate,"Log rotasyonu beklenenden uzun surdu, 79 saniye",dc1,rack-B,prod
ALM-02046,2026-09-10T01:54:23,OBM,ao-014-session,session-service,3,latency_high,"Yanit suresi p99 esigi asti, 44 ms",dc2,rack-C,prod
ALM-00457,2026-09-10T01:54:24,Prometheus,ao-028-order,order-service,3,latency_high,"Yanit suresi p99 esigi asti, 71 ms",dc2,rack-B,prod
ALM-01357,2026-09-10T01:54:24,SyslogNG,ao-024-payment,payment-service,1,cert_expiry,Sertifika 22 gun icinde suresi dolacak,dc2,rack-A,prod
ALM-00412,2026-09-10T01:54:25,Prometheus,ao-051-report,report-batch,3,http_5xx,"HTTP 5xx hata orani esigi asti, oran yuzde 90",dc1,rack-A,prod
ALM-02998,2026-09-10T01:54:28,Zabbix,ao-037-cache,cache-cluster,2,log_rotate,"Log rotasyonu beklenenden uzun surdu, 77 saniye",dc1,rack-B,prod
ALM-02929,2026-09-10T01:54:30,OBM,ao-046-dns,dns-resolver,1,disk_warn,"Disk kullanimi uyari seviyesinde, yuzde 78 dolu",dc2,rack-B,prod
ALM-00196,2026-09-10T01:54:32,Zabbix,ao-006-mobile,mobile-bff,4,latency_high,"Yanit suresi p99 esigi asti, 75 ms",dc2,rack-A,prod
ALM-02117,2026-09-10T01:54:32,Zabbix,ao-041-object,object-store,2,cpu_high,CPU kullanimi yuzde 69,dc1,rack-C,prod
ALM-02528,2026-09-10T01:54:34,SyslogNG,ao-010-auth,auth-service,2,log_rotate,"Log rotasyonu beklenenden uzun surdu, 53 saniye",dc2,rack-B,prod
ALM-02851,2026-09-10T01:54:35,Prometheus,ao-048-batch,batch-scheduler,2,backup_warn,Yedekleme isi 85 dakika gecikmeli tamamlandi,dc2,rack-A,prod
ALM-01609,2026-09-10T01:54:40,Prometheus,ao-056-kyc,kyc-provider-gw,2,network_flap,Arayuz ens192 link durumu 71 kez degisti,dc2,rack-C,prod
ALM-02801,2026-09-10T01:54:40,Zabbix,ao-008-web,web-bff,3,cert_expiry,Sertifika 21 gun icinde suresi dolacak,dc2,rack-C,prod
ALM-01689,2026-09-10T01:54:43,SyslogNG,ao-022-charging,charging-service,3,log_rotate,"Log rotasyonu beklenenden uzun surdu, 25 saniye",dc2,rack-B,prod
ALM-02016,2026-09-10T01:54:44,AppDynamics,ao-030-notification,notification-service,3,mem_high,Bellek kullanimi yuzde 28 seviyesinde,dc2,rack-A,prod
ALM-02441,2026-09-10T01:54:51,Prometheus,ao-041-object,object-store,1,cert_expiry,Sertifika 66 gun icinde suresi dolacak,dc1,rack-C,prod
ALM-01563,2026-09-10T01:54:52,Prometheus,ao-035-billing,billing-db,3,mem_high,Bellek kullanimi yuzde 41 seviyesinde,dc1,rack-C,prod
ALM-01892,2026-09-10T01:54:54,SyslogNG,ao-046-dns,dns-resolver,2,disk_warn,"Disk kullanimi uyari seviyesinde, yuzde 27 dolu",dc2,rack-B,prod
ALM-01279,2026-09-10T01:54:56,Zabbix,ao-016-subscriber,subscriber-service,1,cpu_high,CPU kullanimi yuzde 25,dc2,rack-B,prod
ALM-01708,2026-09-10T01:55:13,OBM,ao-023-charging,charging-service,2,backup_warn,Yedekleme isi 45 dakika gecikmeli tamamlandi,dc1,rack-C,prod
ALM-02334,2026-09-10T01:55:15,SyslogNG,ao-045-dns,dns-resolver,2,cert_expiry,Sertifika 44 gun icinde suresi dolacak,dc1,rack-A,prod
ALM-02709,2026-09-10T01:55:19,Zabbix,ao-013-session,session-service,2,network_flap,Arayuz eth0 link durumu 74 kez degisti,dc1,rack-B,prod
ALM-02187,2026-09-10T01:55:26,SyslogNG,ao-020-billing,billing-service,3,log_rotate,"Log rotasyonu beklenenden uzun surdu, 21 saniye",dc2,rack-C,prod
ALM-01968,2026-09-10T01:55:37,OBM,ao-015-subscriber,subscriber-service,1,latency_high,"Yanit suresi p99 esigi asti, 44 ms",dc1,rack-A,prod
ALM-02052,2026-09-10T01:55:43,AppDynamics,ao-019-billing,billing-service,2,mem_high,Bellek kullanimi yuzde 69 seviyesinde,dc1,rack-B,prod
ALM-01740,2026-09-10T01:55:47,AppDynamics,ao-043-load,load-balancer,1,network_flap,Arayuz eth1 link durumu 51 kez degisti,dc1,rack-B,prod
ALM-02225,2026-09-10T01:55:51,Zabbix,ao-031-subscriber,subscriber-db,2,log_rotate,"Log rotasyonu beklenenden uzun surdu, 81 saniye",dc1,rack-B,prod
ALM-01844,2026-09-10T01:55:58,Zabbix,ao-018-billing,billing-service,1,cert_expiry,Sertifika 43 gun icinde suresi dolacak,dc2,rack-A,prod
ALM-02913,2026-09-10T01:56:03,Prometheus,ao-042-load,load-balancer,2,cpu_high,CPU kullanimi yuzde 63,dc2,rack-A,prod
ALM-01416,2026-09-10T01:56:11,SyslogNG,ao-033-subscriber,subscriber-db,3,network_flap,Arayuz bond0 link durumu 22 kez degisti,dc1,rack-A,prod
ALM-02000,2026-09-10T01:56:16,AppDynamics,ao-032-subscriber,subscriber-db,2,latency_high,"Yanit suresi p99 esigi asti, 74 ms",dc2,rack-C,prod
ALM-01287,2026-09-10T01:56:29,OBM,ao-004-mobile,mobile-bff,1,latency_high,"Yanit suresi p99 esigi asti, 72 ms",dc2,rack-B,prod
ALM-02541,2026-09-10T01:56:30,Zabbix,ao-004-mobile,mobile-bff,1,latency_high,"Yanit suresi p99 esigi asti, 41 ms",dc2,rack-B,prod
ALM-01570,2026-09-10T01:56:38,Zabbix,ao-017-subscriber,subscriber-service,2,latency_high,"Yanit suresi p99 esigi asti, 40 ms",dc1,rack-C,prod
ALM-02805,2026-09-10T01:56:56,SyslogNG,ao-033-subscriber,subscriber-db,2,ntp_drift,Saat sapmasi 75 ms,dc1,rack-A,prod
ALM-01369,2026-09-10T01:56:58,AppDynamics,ao-043-load,load-balancer,1,log_rotate,"Log rotasyonu beklenenden uzun surdu, 30 saniye",dc1,rack-B,prod
ALM-02639,2026-09-10T01:56:58,Prometheus,ao-032-subscriber,subscriber-db,2,disk_warn,"Disk kullanimi uyari seviyesinde, yuzde 37 dolu",dc2,rack-C,prod
ALM-02282,2026-09-10T01:57:00,SyslogNG,ao-041-object,object-store,2,cpu_high,CPU kullanimi yuzde 86,dc1,rack-C,prod
ALM-02267,2026-09-10T01:57:01,Prometheus,ao-014-session,session-service,4,mem_high,Bellek kullanimi yuzde 35 seviyesinde,dc2,rack-C,prod
ALM-01960,2026-09-10T01:57:09,OBM,ao-036-billing,billing-db,3,latency_high,"Yanit suresi p99 esigi asti, 40 ms",dc2,rack-A,prod
ALM-02964,2026-09-10T01:57:10,AppDynamics,ao-007-web,web-bff,3,mem_high,Bellek kullanimi yuzde 31 seviyesinde,dc1,rack-B,prod
ALM-01597,2026-09-10T01:57:25,Prometheus,ao-038-cache,cache-cluster,1,ntp_drift,Saat sapmasi 50 ms,dc2,rack-C,prod
ALM-01381,2026-09-10T01:57:29,OBM,ao-008-web,web-bff,2,cert_expiry,Sertifika 31 gun icinde suresi dolacak,dc2,rack-C,prod
ALM-01303,2026-09-10T01:57:31,SyslogNG,ao-027-order,order-service,3,cpu_high,CPU kullanimi yuzde 59,dc1,rack-A,prod
ALM-02700,2026-09-10T01:57:31,Zabbix,ao-008-web,web-bff,2,disk_warn,"Disk kullanimi uyari seviyesinde, yuzde 76 dolu",dc2,rack-C,prod
ALM-01296,2026-09-10T01:57:36,SyslogNG,ao-006-mobile,mobile-bff,2,cert_expiry,Sertifika 72 gun icinde suresi dolacak,dc2,rack-A,prod
ALM-01300,2026-09-10T01:57:36,Prometheus,ao-019-billing,billing-service,2,log_rotate,"Log rotasyonu beklenenden uzun surdu, 76 saniye",dc1,rack-B,prod
ALM-02962,2026-09-10T01:57:37,OBM,ao-013-session,session-service,4,latency_high,"Yanit suresi p99 esigi asti, 68 ms",dc1,rack-B,prod
ALM-02298,2026-09-10T01:57:44,Prometheus,ao-053-payment,payment-provider-gw,3,cpu_high,CPU kullanimi yuzde 40,dc1,rack-C,prod
ALM-00742,2026-09-10T01:57:45,Zabbix,ao-013-session,session-service,2,mem_high,Bellek kullanimi yuzde 70 seviyesinde,dc1,rack-B,prod
ALM-02125,2026-09-10T01:57:45,SyslogNG,ao-030-notification,notification-service,2,log_rotate,"Log rotasyonu beklenenden uzun surdu, 24 saniye",dc2,rack-A,prod
ALM-00760,2026-09-10T01:57:48,OBM,ao-014-session,session-service,2,mem_high,Bellek kullanimi yuzde 70 seviyesinde,dc2,rack-C,prod
ALM-02396,2026-09-10T01:57:50,AppDynamics,ao-022-charging,charging-service,1,disk_warn,"Disk kullanimi uyari seviyesinde, yuzde 20 dolu",dc2,rack-B,prod
ALM-01876,2026-09-10T01:57:52,Zabbix,ao-053-payment,payment-provider-gw,2,log_rotate,"Log rotasyonu beklenenden uzun surdu, 87 saniye",dc1,rack-C,prod
ALM-01995,2026-09-10T01:57:56,SyslogNG,ao-028-order,order-service,1,mem_high,Bellek kullanimi yuzde 21 seviyesinde,dc2,rack-B,prod
ALM-02141,2026-09-10T01:57:58,AppDynamics,ao-021-charging,charging-service,1,backup_warn,Yedekleme isi 31 dakika gecikmeli tamamlandi,dc1,rack-A,prod
ALM-01649,2026-09-10T01:58:02,OBM,ao-018-billing,billing-service,3,network_flap,Arayuz eth0 link durumu 61 kez degisti,dc2,rack-A,prod
ALM-02344,2026-09-10T01:58:04,SyslogNG,ao-028-order,order-service,2,ntp_drift,Saat sapmasi 84 ms,dc2,rack-B,prod
ALM-01274,2026-09-10T01:58:07,AppDynamics,ao-053-payment,payment-provider-gw,2,backup_warn,Yedekleme isi 82 dakika gecikmeli tamamlandi,dc1,rack-C,prod
ALM-01727,2026-09-10T01:58:07,OBM,ao-020-billing,billing-service,3,backup_warn,Yedekleme isi 24 dakika gecikmeli tamamlandi,dc2,rack-C,prod
ALM-00724,2026-09-10T01:58:09,AppDynamics,ao-012-session,session-service,2,mem_high,Bellek kullanimi yuzde 70 seviyesinde,dc2,rack-A,prod
ALM-02942,2026-09-10T01:58:18,OBM,ao-003-api,api-gateway,3,backup_warn,Yedekleme isi 30 dakika gecikmeli tamamlandi,dc1,rack-A,prod
ALM-02365,2026-09-10T01:58:29,Prometheus,ao-036-billing,billing-db,1,disk_warn,"Disk kullanimi uyari seviyesinde, yuzde 66 dolu",dc2,rack-A,prod
ALM-02825,2026-09-10T01:58:32,Prometheus,ao-034-billing,billing-db,2,disk_warn,"Disk kullanimi uyari seviyesinde, yuzde 82 dolu",dc2,rack-B,prod
ALM-02769,2026-09-10T01:58:34,AppDynamics,ao-030-notification,notification-service,1,mem_high,Bellek kullanimi yuzde 28 seviyesinde,dc2,rack-A,prod
ALM-01699,2026-09-10T01:58:36,AppDynamics,ao-046-dns,dns-resolver,4,cert_expiry,Sertifika 52 gun icinde suresi dolacak,dc2,rack-B,prod
ALM-01917,2026-09-10T01:58:38,Prometheus,ao-014-session,session-service,1,disk_warn,"Disk kullanimi uyari seviyesinde, yuzde 86 dolu",dc2,rack-C,prod
ALM-02177,2026-09-10T01:58:41,AppDynamics,ao-015-subscriber,subscriber-service,2,network_flap,Arayuz eth1 link durumu 70 kez degisti,dc1,rack-A,prod
ALM-02055,2026-09-10T01:58:46,SyslogNG,ao-047-ntp,ntp-service,3,mem_high,Bellek kullanimi yuzde 58 seviyesinde,dc1,rack-C,prod
ALM-02928,2026-09-10T01:58:49,SyslogNG,ao-022-charging,charging-service,1,backup_warn,Yedekleme isi 47 dakika gecikmeli tamamlandi,dc2,rack-B,prod
ALM-02466,2026-09-10T01:58:58,Zabbix,ao-005-mobile,mobile-bff,2,cpu_high,CPU kullanimi yuzde 57,dc1,rack-C,prod
ALM-02625,2026-09-10T01:58:58,SyslogNG,ao-031-subscriber,subscriber-db,1,network_flap,Arayuz eth1 link durumu 75 kez degisti,dc1,rack-B,prod
ALM-02791,2026-09-10T01:59:04,Zabbix,ao-024-payment,payment-service,3,mem_high,Bellek kullanimi yuzde 85 seviyesinde,dc2,rack-A,prod
ALM-01315,2026-09-10T01:59:07,Prometheus,ao-010-auth,auth-service,1,log_rotate,"Log rotasyonu beklenenden uzun surdu, 82 saniye",dc2,rack-B,prod
ALM-01890,2026-09-10T01:59:13,AppDynamics,ao-003-api,api-gateway,3,cpu_high,CPU kullanimi yuzde 51,dc1,rack-A,prod
ALM-01526,2026-09-10T01:59:24,AppDynamics,ao-018-billing,billing-service,1,log_rotate,"Log rotasyonu beklenenden uzun surdu, 20 saniye",dc2,rack-A,prod
ALM-02189,2026-09-10T01:59:25,Prometheus,ao-020-billing,billing-service,3,mem_high,Bellek kullanimi yuzde 36 seviyesinde,dc2,rack-C,prod
ALM-02067,2026-09-10T01:59:43,Prometheus,ao-026-payment,payment-service,2,cert_expiry,Sertifika 65 gun icinde suresi dolacak,dc2,rack-C,prod
ALM-01966,2026-09-10T01:59:44,AppDynamics,ao-005-mobile,mobile-bff,1,disk_warn,"Disk kullanimi uyari seviyesinde, yuzde 20 dolu",dc1,rack-C,prod
ALM-02040,2026-09-10T01:59:47,SyslogNG,ao-005-mobile,mobile-bff,3,latency_high,"Yanit suresi p99 esigi asti, 40 ms",dc1,rack-C,prod
ALM-01766,2026-09-10T01:59:57,SyslogNG,ao-022-charging,charging-service,4,ntp_drift,Saat sapmasi 71 ms,dc2,rack-B,prod
ALM-02440,2026-09-10T02:00:00,Zabbix,ao-007-web,web-bff,1,ntp_drift,Saat sapmasi 26 ms,dc1,rack-B,prod
ALM-01831,2026-09-10T02:00:01,Zabbix,ao-028-order,order-service,2,log_rotate,"Log rotasyonu beklenenden uzun surdu, 75 saniye",dc2,rack-B,prod
ALM-01680,2026-09-10T02:00:03,SyslogNG,ao-030-notification,notification-service,1,cpu_high,CPU kullanimi yuzde 67,dc2,rack-A,prod
ALM-01309,2026-09-10T02:00:06,Prometheus,ao-035-billing,billing-db,3,disk_warn,"Disk kullanimi uyari seviyesinde, yuzde 64 dolu",dc1,rack-C,prod
ALM-01964,2026-09-10T02:00:15,AppDynamics,ao-043-load,load-balancer,2,latency_high,"Yanit suresi p99 esigi asti, 62 ms",dc1,rack-B,prod
ALM-02305,2026-09-10T02:00:21,Prometheus,ao-004-mobile,mobile-bff,4,network_flap,Arayuz ens192 link durumu 64 kez degisti,dc2,rack-B,prod
ALM-02604,2026-09-10T02:00:21,Zabbix,ao-050-reconciliation,reconciliation-batch,4,log_rotate,"Log rotasyonu beklenenden uzun surdu, 55 saniye",dc2,rack-C,prod
ALM-01294,2026-09-10T02:00:23,Zabbix,ao-004-mobile,mobile-bff,1,latency_high,"Yanit suresi p99 esigi asti, 20 ms",dc2,rack-B,prod
ALM-02492,2026-09-10T02:00:39,OBM,ao-037-cache,cache-cluster,2,backup_warn,Yedekleme isi 61 dakika gecikmeli tamamlandi,dc1,rack-B,prod
ALM-02837,2026-09-10T02:00:41,AppDynamics,ao-007-web,web-bff,1,cpu_high,CPU kullanimi yuzde 68,dc1,rack-B,prod
ALM-02784,2026-09-10T02:00:42,AppDynamics,ao-004-mobile,mobile-bff,2,log_rotate,"Log rotasyonu beklenenden uzun surdu, 31 saniye",dc2,rack-B,prod
ALM-02073,2026-09-10T02:00:43,OBM,ao-031-subscriber,subscriber-db,4,cert_expiry,Sertifika 25 gun icinde suresi dolacak,dc1,rack-B,prod
ALM-02707,2026-09-10T02:00:43,OBM,ao-006-mobile,mobile-bff,1,backup_warn,Yedekleme isi 85 dakika gecikmeli tamamlandi,dc2,rack-A,prod
ALM-01987,2026-09-10T02:00:45,Prometheus,ao-028-order,order-service,1,backup_warn,Yedekleme isi 71 dakika gecikmeli tamamlandi,dc2,rack-B,prod
ALM-02172,2026-09-10T02:00:51,Zabbix,ao-048-batch,batch-scheduler,2,cert_expiry,Sertifika 44 gun icinde suresi dolacak,dc2,rack-A,prod
ALM-02561,2026-09-10T02:00:51,SyslogNG,ao-007-web,web-bff,2,mem_high,Bellek kullanimi yuzde 46 seviyesinde,dc1,rack-B,prod
ALM-01949,2026-09-10T02:00:52,Zabbix,ao-046-dns,dns-resolver,2,backup_warn,Yedekleme isi 22 dakika gecikmeli tamamlandi,dc2,rack-B,prod
ALM-02695,2026-09-10T02:00:57,Prometheus,ao-036-billing,billing-db,1,cert_expiry,Sertifika 86 gun icinde suresi dolacak,dc2,rack-A,prod
ALM-02284,2026-09-10T02:01:00,SyslogNG,ao-043-load,load-balancer,1,log_rotate,"Log rotasyonu beklenenden uzun surdu, 72 saniye",dc1,rack-B,prod
ALM-02511,2026-09-10T02:01:03,SyslogNG,ao-017-subscriber,subscriber-service,2,cert_expiry,Sertifika 43 gun icinde suresi dolacak,dc1,rack-C,prod
ALM-02860,2026-09-10T02:01:08,AppDynamics,ao-048-batch,batch-scheduler,2,disk_warn,"Disk kullanimi uyari seviyesinde, yuzde 42 dolu",dc2,rack-A,prod
ALM-01438,2026-09-10T02:01:10,OBM,ao-017-subscriber,subscriber-service,2,disk_warn,"Disk kullanimi uyari seviyesinde, yuzde 38 dolu",dc1,rack-C,prod
ALM-02271,2026-09-10T02:01:12,OBM,ao-008-web,web-bff,1,latency_high,"Yanit suresi p99 esigi asti, 85 ms",dc2,rack-C,prod
ALM-02216,2026-09-10T02:01:18,AppDynamics,ao-040-message,message-queue,2,log_rotate,"Log rotasyonu beklenenden uzun surdu, 81 saniye",dc2,rack-B,prod
ALM-01886,2026-09-10T02:01:20,SyslogNG,ao-032-subscriber,subscriber-db,1,latency_high,"Yanit suresi p99 esigi asti, 85 ms",dc2,rack-C,prod
ALM-02512,2026-09-10T02:01:20,OBM,ao-049-invoice,invoice-batch,1,backup_warn,Yedekleme isi 28 dakika gecikmeli tamamlandi,dc1,rack-B,prod
ALM-01849,2026-09-10T02:01:23,Zabbix,ao-040-message,message-queue,1,latency_high,"Yanit suresi p99 esigi asti, 67 ms",dc2,rack-B,prod
ALM-02483,2026-09-10T02:01:26,Zabbix,ao-041-object,object-store,1,disk_warn,"Disk kullanimi uyari seviyesinde, yuzde 74 dolu",dc1,rack-C,prod
ALM-02615,2026-09-10T02:01:34,Zabbix,ao-014-session,session-service,2,ntp_drift,Saat sapmasi 68 ms,dc2,rack-C,prod
ALM-01605,2026-09-10T02:01:38,OBM,ao-022-charging,charging-service,1,cpu_high,CPU kullanimi yuzde 41,dc2,rack-B,prod
ALM-01989,2026-09-10T02:01:39,Zabbix,ao-049-invoice,invoice-batch,2,cpu_high,CPU kullanimi yuzde 78,dc1,rack-B,prod
ALM-01800,2026-09-10T02:01:51,Prometheus,ao-020-billing,billing-service,2,backup_warn,Yedekleme isi 40 dakika gecikmeli tamamlandi,dc2,rack-C,prod
ALM-01786,2026-09-10T02:01:52,Zabbix,ao-014-session,session-service,3,disk_warn,"Disk kullanimi uyari seviyesinde, yuzde 65 dolu",dc2,rack-C,prod
ALM-02519,2026-09-10T02:01:58,SyslogNG,ao-039-message,message-queue,2,network_flap,Arayuz ens192 link durumu 22 kez degisti,dc1,rack-A,prod
ALM-01252,2026-09-10T02:02:05,SyslogNG,ao-033-subscriber,subscriber-db,2,log_rotate,"Log rotasyonu beklenenden uzun surdu, 42 saniye",dc1,rack-A,prod
ALM-02451,2026-09-10T02:02:06,OBM,ao-037-cache,cache-cluster,1,cert_expiry,Sertifika 38 gun icinde suresi dolacak,dc1,rack-B,prod
ALM-02438,2026-09-10T02:02:14,Zabbix,ao-048-batch,batch-scheduler,2,backup_warn,Yedekleme isi 57 dakika gecikmeli tamamlandi,dc2,rack-A,prod
ALM-02882,2026-09-10T02:02:17,Prometheus,ao-053-payment,payment-provider-gw,2,ntp_drift,Saat sapmasi 83 ms,dc1,rack-C,prod
ALM-00761,2026-09-10T02:02:18,OBM,ao-014-session,session-service,3,mem_high,Bellek kullanimi yuzde 72 seviyesinde,dc2,rack-C,prod
ALM-01374,2026-09-10T02:02:18,AppDynamics,ao-045-dns,dns-resolver,2,mem_high,Bellek kullanimi yuzde 21 seviyesinde,dc1,rack-A,prod
ALM-02361,2026-09-10T02:02:18,AppDynamics,ao-023-charging,charging-service,3,disk_warn,"Disk kullanimi uyari seviyesinde, yuzde 68 dolu",dc1,rack-C,prod
ALM-02221,2026-09-10T02:02:23,Zabbix,ao-037-cache,cache-cluster,1,ntp_drift,Saat sapmasi 27 ms,dc1,rack-B,prod
ALM-02560,2026-09-10T02:02:24,OBM,ao-004-mobile,mobile-bff,1,network_flap,Arayuz eth0 link durumu 30 kez degisti,dc2,rack-B,prod
ALM-02703,2026-09-10T02:02:29,SyslogNG,ao-026-payment,payment-service,2,log_rotate,"Log rotasyonu beklenenden uzun surdu, 23 saniye",dc2,rack-C,prod
ALM-01992,2026-09-10T02:02:30,Zabbix,ao-031-subscriber,subscriber-db,1,cert_expiry,Sertifika 79 gun icinde suresi dolacak,dc1,rack-B,prod
ALM-02153,2026-09-10T02:02:30,AppDynamics,ao-054-payment,payment-provider-gw,2,network_flap,Arayuz eth1 link durumu 80 kez degisti,dc2,rack-A,prod
ALM-02931,2026-09-10T02:02:32,SyslogNG,ao-009-auth,auth-service,1,latency_high,"Yanit suresi p99 esigi asti, 31 ms",dc1,rack-A,prod
ALM-02941,2026-09-10T02:02:32,SyslogNG,ao-009-auth,auth-service,2,cpu_high,CPU kullanimi yuzde 75,dc1,rack-A,prod
ALM-02482,2026-09-10T02:02:35,Zabbix,ao-023-charging,charging-service,2,mem_high,Bellek kullanimi yuzde 33 seviyesinde,dc1,rack-C,prod
ALM-02868,2026-09-10T02:02:43,AppDynamics,ao-040-message,message-queue,2,log_rotate,"Log rotasyonu beklenenden uzun surdu, 88 saniye",dc2,rack-B,prod
ALM-02399,2026-09-10T02:02:44,SyslogNG,ao-014-session,session-service,2,disk_warn,"Disk kullanimi uyari seviyesinde, yuzde 41 dolu",dc2,rack-C,prod
ALM-02870,2026-09-10T02:02:44,OBM,ao-051-report,report-batch,1,cert_expiry,Sertifika 75 gun icinde suresi dolacak,dc1,rack-A,prod
ALM-01851,2026-09-10T02:02:46,Zabbix,ao-029-catalog,catalog-service,3,backup_warn,Yedekleme isi 58 dakika gecikmeli tamamlandi,dc1,rack-C,prod
ALM-00743,2026-09-10T02:02:50,SyslogNG,ao-013-session,session-service,3,mem_high,Bellek kullanimi yuzde 72 seviyesinde,dc1,rack-B,prod
ALM-00725,2026-09-10T02:02:51,Prometheus,ao-012-session,session-service,3,mem_high,Bellek kullanimi yuzde 72 seviyesinde,dc2,rack-A,prod
ALM-01998,2026-09-10T02:02:52,SyslogNG,ao-056-kyc,kyc-provider-gw,1,latency_high,"Yanit suresi p99 esigi asti, 24 ms",dc2,rack-C,prod
ALM-02749,2026-09-10T02:02:52,SyslogNG,ao-030-notification,notification-service,1,disk_warn,"Disk kullanimi uyari seviyesinde, yuzde 68 dolu",dc2,rack-A,prod
ALM-02062,2026-09-10T02:02:59,OBM,ao-042-load,load-balancer,1,log_rotate,"Log rotasyonu beklenenden uzun surdu, 31 saniye",dc2,rack-A,prod
ALM-02050,2026-09-10T02:03:00,SyslogNG,ao-040-message,message-queue,2,network_flap,Arayuz eth0 link durumu 39 kez degisti,dc2,rack-B,prod
ALM-02319,2026-09-10T02:03:01,SyslogNG,ao-027-order,order-service,3,log_rotate,"Log rotasyonu beklenenden uzun surdu, 42 saniye",dc1,rack-A,prod
ALM-01419,2026-09-10T02:03:06,AppDynamics,ao-033-subscriber,subscriber-db,1,mem_high,Bellek kullanimi yuzde 29 seviyesinde,dc1,rack-A,prod
ALM-01510,2026-09-10T02:03:10,SyslogNG,ao-055-sms,sms-gateway,1,log_rotate,"Log rotasyonu beklenenden uzun surdu, 57 saniye",dc1,rack-B,prod
ALM-02897,2026-09-10T02:03:10,SyslogNG,ao-040-message,message-queue,3,cert_expiry,Sertifika 47 gun icinde suresi dolacak,dc2,rack-B,prod
ALM-01848,2026-09-10T02:03:16,AppDynamics,ao-027-order,order-service,1,log_rotate,"Log rotasyonu beklenenden uzun surdu, 72 saniye",dc1,rack-A,prod
ALM-02114,2026-09-10T02:03:32,OBM,ao-050-reconciliation,reconciliation-batch,1,disk_warn,"Disk kullanimi uyari seviyesinde, yuzde 60 dolu",dc2,rack-C,prod
ALM-02730,2026-09-10T02:03:32,SyslogNG,ao-051-report,report-batch,3,network_flap,Arayuz ens192 link durumu 37 kez degisti,dc1,rack-A,prod
ALM-02649,2026-09-10T02:03:35,SyslogNG,ao-054-payment,payment-provider-gw,1,network_flap,Arayuz eth1 link durumu 65 kez degisti,dc2,rack-A,prod
ALM-01256,2026-09-10T02:03:54,Zabbix,ao-011-auth,auth-service,1,mem_high,Bellek kullanimi yuzde 32 seviyesinde,dc1,rack-C,prod
ALM-02641,2026-09-10T02:03:54,SyslogNG,ao-023-charging,charging-service,3,network_flap,Arayuz bond0 link durumu 77 kez degisti,dc1,rack-C,prod
ALM-02145,2026-09-10T02:03:58,OBM,ao-032-subscriber,subscriber-db,2,disk_warn,"Disk kullanimi uyari seviyesinde, yuzde 31 dolu",dc2,rack-C,prod
ALM-01584,2026-09-10T02:04:02,OBM,ao-016-subscriber,subscriber-service,2,ntp_drift,Saat sapmasi 35 ms,dc2,rack-B,prod
ALM-02713,2026-09-10T02:04:06,AppDynamics,ao-056-kyc,kyc-provider-gw,3,cpu_high,CPU kullanimi yuzde 46,dc2,rack-C,prod
ALM-02666,2026-09-10T02:04:11,Zabbix,ao-051-report,report-batch,2,cpu_high,CPU kullanimi yuzde 78,dc1,rack-A,prod
ALM-01253,2026-09-10T02:04:14,Zabbix,ao-042-load,load-balancer,4,mem_high,Bellek kullanimi yuzde 46 seviyesinde,dc2,rack-A,prod
ALM-02428,2026-09-10T02:04:17,SyslogNG,ao-037-cache,cache-cluster,2,cpu_high,CPU kullanimi yuzde 27,dc1,rack-B,prod
ALM-01971,2026-09-10T02:04:21,Zabbix,ao-050-reconciliation,reconciliation-batch,1,cpu_high,CPU kullanimi yuzde 77,dc2,rack-C,prod
ALM-01521,2026-09-10T02:04:22,SyslogNG,ao-034-billing,billing-db,2,network_flap,Arayuz eth1 link durumu 45 kez degisti,dc2,rack-B,prod
ALM-01378,2026-09-10T02:04:26,AppDynamics,ao-051-report,report-batch,1,log_rotate,"Log rotasyonu beklenenden uzun surdu, 59 saniye",dc1,rack-A,prod
ALM-02349,2026-09-10T02:04:27,Prometheus,ao-033-subscriber,subscriber-db,1,network_flap,Arayuz eth0 link durumu 71 kez degisti,dc1,rack-A,prod
ALM-02869,2026-09-10T02:04:27,AppDynamics,ao-008-web,web-bff,1,mem_high,Bellek kullanimi yuzde 77 seviyesinde,dc2,rack-C,prod
ALM-02450,2026-09-10T02:04:30,OBM,ao-045-dns,dns-resolver,1,network_flap,Arayuz eth1 link durumu 23 kez degisti,dc1,rack-A,prod
ALM-02789,2026-09-10T02:04:32,OBM,ao-014-session,session-service,2,latency_high,"Yanit suresi p99 esigi asti, 48 ms",dc2,rack-C,prod
ALM-02622,2026-09-10T02:04:34,SyslogNG,ao-018-billing,billing-service,1,backup_warn,Yedekleme isi 37 dakika gecikmeli tamamlandi,dc2,rack-A,prod
ALM-01694,2026-09-10T02:04:37,SyslogNG,ao-054-payment,payment-provider-gw,2,network_flap,Arayuz bond0 link durumu 65 kez degisti,dc2,rack-A,prod
ALM-02262,2026-09-10T02:04:39,AppDynamics,ao-018-billing,billing-service,3,network_flap,Arayuz eth0 link durumu 53 kez degisti,dc2,rack-A,prod
ALM-01835,2026-09-10T02:04:46,Zabbix,ao-055-sms,sms-gateway,2,log_rotate,"Log rotasyonu beklenenden uzun surdu, 87 saniye",dc1,rack-B,prod
ALM-02980,2026-09-10T02:04:46,SyslogNG,ao-047-ntp,ntp-service,3,network_flap,Arayuz ens192 link durumu 23 kez degisti,dc1,rack-C,prod
ALM-01909,2026-09-10T02:04:52,Prometheus,ao-010-auth,auth-service,1,log_rotate,"Log rotasyonu beklenenden uzun surdu, 73 saniye",dc2,rack-B,prod
ALM-01422,2026-09-10T02:04:53,SyslogNG,ao-053-payment,payment-provider-gw,3,network_flap,Arayuz eth0 link durumu 28 kez degisti,dc1,rack-C,prod
ALM-01664,2026-09-10T02:05:00,SyslogNG,ao-040-message,message-queue,4,cert_expiry,Sertifika 71 gun icinde suresi dolacak,dc2,rack-B,prod
ALM-00467,2026-09-10T02:05:06,Prometheus,ao-035-billing,billing-db,5,disk_full,"Disk kullanimi kritik seviyede, yuzde 100 dolu",dc1,rack-C,prod
ALM-02176,2026-09-10T02:05:09,Zabbix,ao-037-cache,cache-cluster,2,disk_warn,"Disk kullanimi uyari seviyesinde, yuzde 33 dolu",dc1,rack-B,prod
ALM-02183,2026-09-10T02:05:10,Zabbix,ao-053-payment,payment-provider-gw,1,log_rotate,"Log rotasyonu beklenenden uzun surdu, 44 saniye",dc1,rack-C,prod
ALM-01656,2026-09-10T02:05:11,SyslogNG,ao-053-payment,payment-provider-gw,2,disk_warn,"Disk kullanimi uyari seviyesinde, yuzde 64 dolu",dc1,rack-C,prod
ALM-02979,2026-09-10T02:05:13,SyslogNG,ao-029-catalog,catalog-service,3,ntp_drift,Saat sapmasi 65 ms,dc1,rack-C,prod
ALM-02756,2026-09-10T02:05:14,SyslogNG,ao-001-api,api-gateway,2,mem_high,Bellek kullanimi yuzde 61 seviyesinde,dc1,rack-B,prod
ALM-00458,2026-09-10T02:05:15,OBM,ao-034-billing,billing-db,5,disk_full,"Disk kullanimi kritik seviyede, yuzde 100 dolu",dc2,rack-B,prod
ALM-02109,2026-09-10T02:05:17,Prometheus,ao-013-session,session-service,1,cert_expiry,Sertifika 73 gun icinde suresi dolacak,dc1,rack-B,prod
ALM-02325,2026-09-10T02:05:23,SyslogNG,ao-008-web,web-bff,1,ntp_drift,Saat sapmasi 72 ms,dc2,rack-C,prod
ALM-02680,2026-09-10T02:05:25,Prometheus,ao-042-load,load-balancer,1,ntp_drift,Saat sapmasi 67 ms,dc2,rack-A,prod
ALM-01776,2026-09-10T02:05:28,Prometheus,ao-049-invoice,invoice-batch,2,log_rotate,"Log rotasyonu beklenenden uzun surdu, 43 saniye",dc1,rack-B,prod
ALM-00468,2026-09-10T02:05:34,Prometheus,ao-035-billing,billing-db,5,db_write_fail,"Veritabani yazma islemi basarisiz, tablespace genisletilemedi",dc1,rack-C,prod
ALM-02215,2026-09-10T02:05:36,AppDynamics,ao-047-ntp,ntp-service,2,network_flap,Arayuz eth0 link durumu 63 kez degisti,dc1,rack-C,prod
ALM-02562,2026-09-10T02:05:38,SyslogNG,ao-033-subscriber,subscriber-db,2,ntp_drift,Saat sapmasi 55 ms,dc1,rack-A,prod
ALM-02597,2026-09-10T02:05:38,Zabbix,ao-023-charging,charging-service,1,latency_high,"Yanit suresi p99 esigi asti, 54 ms",dc1,rack-C,prod
ALM-00459,2026-09-10T02:05:40,Zabbix,ao-034-billing,billing-db,5,disk_full,"Disk kullanimi kritik seviyede, yuzde 100 dolu",dc2,rack-B,prod
ALM-02373,2026-09-10T02:05:45,SyslogNG,ao-008-web,web-bff,3,cpu_high,CPU kullanimi yuzde 38,dc2,rack-C,prod
ALM-02234,2026-09-10T02:05:50,OBM,ao-030-notification,notification-service,1,backup_warn,Yedekleme isi 82 dakika gecikmeli tamamlandi,dc2,rack-A,prod
ALM-02340,2026-09-10T02:05:54,AppDynamics,ao-028-order,order-service,1,cpu_high,CPU kullanimi yuzde 36,dc2,rack-B,prod
ALM-02352,2026-09-10T02:05:56,Zabbix,ao-053-payment,payment-provider-gw,3,network_flap,Arayuz bond0 link durumu 23 kez degisti,dc1,rack-C,prod
ALM-00476,2026-09-10T02:05:57,Zabbix,ao-036-billing,billing-db,5,disk_full,"Disk kullanimi kritik seviyede, yuzde 99 dolu",dc2,rack-A,prod
ALM-00477,2026-09-10T02:05:57,AppDynamics,ao-036-billing,billing-db,5,db_write_fail,"Veritabani yazma islemi basarisiz, tablespace genisletilemedi",dc2,rack-A,prod
ALM-00478,2026-09-10T02:06:02,Zabbix,ao-036-billing,billing-db,5,disk_full,"Disk kullanimi kritik seviyede, yuzde 97 dolu",dc2,rack-A,prod
ALM-02591,2026-09-10T02:06:12,Zabbix,ao-028-order,order-service,3,cpu_high,CPU kullanimi yuzde 33,dc2,rack-B,prod
ALM-00460,2026-09-10T02:06:13,SyslogNG,ao-034-billing,billing-db,5,disk_full,"Disk kullanimi kritik seviyede, yuzde 99 dolu",dc2,rack-B,prod
ALM-01798,2026-09-10T02:06:26,SyslogNG,ao-037-cache,cache-cluster,2,cert_expiry,Sertifika 77 gun icinde suresi dolacak,dc1,rack-B,prod
ALM-01919,2026-09-10T02:06:27,Zabbix,ao-035-billing,billing-db,2,cpu_high,CPU kullanimi yuzde 75,dc1,rack-C,prod
ALM-02986,2026-09-10T02:06:29,SyslogNG,ao-001-api,api-gateway,2,cert_expiry,Sertifika 76 gun icinde suresi dolacak,dc1,rack-B,prod
ALM-02631,2026-09-10T02:06:32,SyslogNG,ao-054-payment,payment-provider-gw,1,cert_expiry,Sertifika 30 gun icinde suresi dolacak,dc2,rack-A,prod
ALM-02610,2026-09-10T02:06:33,Prometheus,ao-051-report,report-batch,1,log_rotate,"Log rotasyonu beklenenden uzun surdu, 25 saniye",dc1,rack-A,prod
ALM-01446,2026-09-10T02:06:34,Prometheus,ao-023-charging,charging-service,3,disk_warn,"Disk kullanimi uyari seviyesinde, yuzde 77 dolu",dc1,rack-C,prod
ALM-02660,2026-09-10T02:06:39,OBM,ao-010-auth,auth-service,2,network_flap,Arayuz ens192 link durumu 73 kez degisti,dc2,rack-B,prod
ALM-00469,2026-09-10T02:06:43,AppDynamics,ao-035-billing,billing-db,5,disk_full,"Disk kullanimi kritik seviyede, yuzde 98 dolu",dc1,rack-C,prod
ALM-01843,2026-09-10T02:06:43,AppDynamics,ao-035-billing,billing-db,4,ntp_drift,Saat sapmasi 55 ms,dc1,rack-C,prod
ALM-00744,2026-09-10T02:06:46,SyslogNG,ao-013-session,session-service,3,mem_high,Bellek kullanimi yuzde 74 seviyesinde,dc1,rack-B,prod
ALM-01528,2026-09-10T02:06:49,Prometheus,ao-030-notification,notification-service,2,mem_high,Bellek kullanimi yuzde 27 seviyesinde,dc2,rack-A,prod
ALM-02678,2026-09-10T02:06:49,OBM,ao-036-billing,billing-db,2,backup_warn,Yedekleme isi 45 dakika gecikmeli tamamlandi,dc2,rack-A,prod
ALM-00461,2026-09-10T02:06:50,Prometheus,ao-034-billing,billing-db,5,db_write_fail,"Veritabani yazma islemi basarisiz, tablespace genisletilemedi",dc2,rack-B,prod
ALM-02623,2026-09-10T02:06:51,Prometheus,ao-026-payment,payment-service,2,log_rotate,"Log rotasyonu beklenenden uzun surdu, 59 saniye",dc2,rack-C,prod
ALM-02226,2026-09-10T02:06:56,OBM,ao-020-billing,billing-service,1,disk_warn,"Disk kullanimi uyari seviyesinde, yuzde 22 dolu",dc2,rack-C,prod
ALM-00462,2026-09-10T02:07:00,Zabbix,ao-034-billing,billing-db,5,disk_full,"Disk kullanimi kritik seviyede, yuzde 97 dolu",dc2,rack-B,prod
ALM-01988,2026-09-10T02:07:01,Zabbix,ao-006-mobile,mobile-bff,1,latency_high,"Yanit suresi p99 esigi asti, 69 ms",dc2,rack-A,prod
ALM-02834,2026-09-10T02:07:02,SyslogNG,ao-007-web,web-bff,1,ntp_drift,Saat sapmasi 35 ms,dc1,rack-B,prod
ALM-02936,2026-09-10T02:07:03,AppDynamics,ao-011-auth,auth-service,1,ntp_drift,Saat sapmasi 48 ms,dc1,rack-C,prod
ALM-00726,2026-09-10T02:07:05,SyslogNG,ao-012-session,session-service,3,mem_high,Bellek kullanimi yuzde 74 seviyesinde,dc2,rack-A,prod
ALM-02006,2026-09-10T02:07:06,SyslogNG,ao-009-auth,auth-service,1,backup_warn,Yedekleme isi 60 dakika gecikmeli tamamlandi,dc1,rack-A,prod
ALM-00563,2026-09-10T02:07:07,SyslogNG,ao-049-invoice,invoice-batch,4,db_write_fail,"Veritabani yazma islemi basarisiz, tablespace genisletilemedi",dc1,rack-B,prod
ALM-00470,2026-09-10T02:07:08,Zabbix,ao-035-billing,billing-db,5,disk_full,"Disk kullanimi kritik seviyede, yuzde 98 dolu",dc1,rack-C,prod
ALM-02219,2026-09-10T02:07:08,Prometheus,ao-036-billing,billing-db,2,disk_warn,"Disk kullanimi uyari seviyesinde, yuzde 30 dolu",dc2,rack-A,prod
ALM-00532,2026-09-10T02:07:13,Zabbix,ao-020-billing,billing-service,5,db_conn_pool,"Baglanti havuzu tukendi, bekleyen istek sayisi 85",dc2,rack-C,prod
ALM-01613,2026-09-10T02:07:13,AppDynamics,ao-043-load,load-balancer,1,cert_expiry,Sertifika 79 gun icinde suresi dolacak,dc1,rack-B,prod
ALM-00762,2026-09-10T02:07:14,OBM,ao-014-session,session-service,3,mem_high,Bellek kullanimi yuzde 74 seviyesinde,dc2,rack-C,prod
ALM-01777,2026-09-10T02:07:16,Zabbix,ao-036-billing,billing-db,1,network_flap,Arayuz eth1 link durumu 31 kez degisti,dc2,rack-A,prod
ALM-00479,2026-09-10T02:07:21,SyslogNG,ao-036-billing,billing-db,5,db_write_fail,"Veritabani yazma islemi basarisiz, tablespace genisletilemedi",dc2,rack-A,prod
ALM-02122,2026-09-10T02:07:31,Zabbix,ao-021-charging,charging-service,4,disk_warn,"Disk kullanimi uyari seviyesinde, yuzde 46 dolu",dc1,rack-A,prod
ALM-01307,2026-09-10T02:07:32,AppDynamics,ao-038-cache,cache-cluster,1,network_flap,Arayuz ens192 link durumu 60 kez degisti,dc2,rack-C,prod
ALM-02414,2026-09-10T02:07:33,Prometheus,ao-046-dns,dns-resolver,3,mem_high,Bellek kullanimi yuzde 39 seviyesinde,dc2,rack-B,prod
ALM-00480,2026-09-10T02:07:37,Prometheus,ao-036-billing,billing-db,5,disk_full,"Disk kullanimi kritik seviyede, yuzde 99 dolu",dc2,rack-A,prod
ALM-02364,2026-09-10T02:07:38,SyslogNG,ao-049-invoice,invoice-batch,1,backup_warn,Yedekleme isi 66 dakika gecikmeli tamamlandi,dc1,rack-B,prod
ALM-02041,2026-09-10T02:07:41,Zabbix,ao-056-kyc,kyc-provider-gw,1,disk_warn,"Disk kullanimi uyari seviyesinde, yuzde 74 dolu",dc2,rack-C,prod
ALM-00482,2026-09-10T02:07:45,AppDynamics,ao-018-billing,billing-service,4,db_conn_pool,"Baglanti havuzu tukendi, bekleyen istek sayisi 80",dc2,rack-A,prod
ALM-02953,2026-09-10T02:07:46,Zabbix,ao-003-api,api-gateway,1,mem_high,Bellek kullanimi yuzde 63 seviyesinde,dc1,rack-A,prod
ALM-00509,2026-09-10T02:07:53,OBM,ao-019-billing,billing-service,4,http_5xx,"HTTP 5xx hata orani esigi asti, oran yuzde 75",dc1,rack-B,prod
ALM-00471,2026-09-10T02:07:54,Zabbix,ao-035-billing,billing-db,5,db_write_fail,"Veritabani yazma islemi basarisiz, tablespace genisletilemedi",dc1,rack-C,prod
ALM-02772,2026-09-10T02:07:55,Prometheus,ao-009-auth,auth-service,3,network_flap,Arayuz bond0 link durumu 37 kez degisti,dc1,rack-A,prod
ALM-00463,2026-09-10T02:07:57,Zabbix,ao-034-billing,billing-db,5,disk_full,"Disk kullanimi kritik seviyede, yuzde 99 dolu",dc2,rack-B,prod
ALM-02280,2026-09-10T02:07:58,AppDynamics,ao-032-subscriber,subscriber-db,2,network_flap,Arayuz ens192 link durumu 41 kez degisti,dc2,rack-C,prod
ALM-01572,2026-09-10T02:08:00,AppDynamics,ao-015-subscriber,subscriber-service,2,log_rotate,"Log rotasyonu beklenenden uzun surdu, 73 saniye",dc1,rack-A,prod
ALM-02272,2026-09-10T02:08:00,Zabbix,ao-031-subscriber,subscriber-db,2,log_rotate,"Log rotasyonu beklenenden uzun surdu, 22 saniye",dc1,rack-B,prod
ALM-02461,2026-09-10T02:08:02,SyslogNG,ao-029-catalog,catalog-service,1,log_rotate,"Log rotasyonu beklenenden uzun surdu, 55 saniye",dc1,rack-C,prod
ALM-01480,2026-09-10T02:08:04,Zabbix,ao-052-payment,payment-provider-gw,2,latency_high,"Yanit suresi p99 esigi asti, 47 ms",dc2,rack-B,prod
ALM-00564,2026-09-10T02:08:08,AppDynamics,ao-049-invoice,invoice-batch,5,db_write_fail,"Veritabani yazma islemi basarisiz, tablespace genisletilemedi",dc1,rack-B,prod
ALM-02677,2026-09-10T02:08:10,Zabbix,ao-037-cache,cache-cluster,1,latency_high,"Yanit suresi p99 esigi asti, 72 ms",dc1,rack-B,prod
ALM-02237,2026-09-10T02:08:15,Zabbix,ao-035-billing,billing-db,2,disk_warn,"Disk kullanimi uyari seviyesinde, yuzde 37 dolu",dc1,rack-C,prod
ALM-00481,2026-09-10T02:08:18,SyslogNG,ao-036-billing,billing-db,5,db_write_fail,"Veritabani yazma islemi basarisiz, tablespace genisletilemedi",dc2,rack-A,prod
ALM-00510,2026-09-10T02:08:18,Zabbix,ao-019-billing,billing-service,4,txn_fail,"Islem basarisiz, hata orani yuzde 92",dc1,rack-B,prod
ALM-02933,2026-09-10T02:08:18,Prometheus,ao-037-cache,cache-cluster,2,backup_warn,Yedekleme isi 31 dakika gecikmeli tamamlandi,dc1,rack-B,prod
ALM-02743,2026-09-10T02:08:21,Zabbix,ao-044-load,load-balancer,2,log_rotate,"Log rotasyonu beklenenden uzun surdu, 80 saniye",dc2,rack-C,prod
ALM-00472,2026-09-10T02:08:22,AppDynamics,ao-035-billing,billing-db,5,disk_full,"Disk kullanimi kritik seviyede, yuzde 97 dolu",dc1,rack-C,prod
ALM-01361,2026-09-10T02:08:23,SyslogNG,ao-032-subscriber,subscriber-db,4,cert_expiry,Sertifika 80 gun icinde suresi dolacak,dc2,rack-C,prod
ALM-00533,2026-09-10T02:08:24,Prometheus,ao-020-billing,billing-service,4,db_write_fail,"Veritabani yazma islemi basarisiz, tablespace genisletilemedi",dc2,rack-C,prod
ALM-00565,2026-09-10T02:08:27,SyslogNG,ao-049-invoice,invoice-batch,5,db_conn_pool,"Baglanti havuzu tukendi, bekleyen istek sayisi 70",dc1,rack-B,prod
ALM-00534,2026-09-10T02:08:34,Prometheus,ao-020-billing,billing-service,4,http_5xx,"HTTP 5xx hata orani esigi asti, oran yuzde 72",dc2,rack-C,prod
ALM-02424,2026-09-10T02:08:35,OBM,ao-034-billing,billing-db,2,ntp_drift,Saat sapmasi 63 ms,dc2,rack-B,prod
ALM-00473,2026-09-10T02:08:37,OBM,ao-035-billing,billing-db,5,db_write_fail,"Veritabani yazma islemi basarisiz, tablespace genisletilemedi",dc1,rack-C,prod
ALM-00483,2026-09-10T02:08:37,Prometheus,ao-018-billing,billing-service,4,http_5xx,"HTTP 5xx hata orani esigi asti, oran yuzde 84",dc2,rack-A,prod
ALM-01399,2026-09-10T02:08:38,SyslogNG,ao-017-subscriber,subscriber-service,1,log_rotate,"Log rotasyonu beklenenden uzun surdu, 55 saniye",dc1,rack-C,prod
ALM-02307,2026-09-10T02:08:38,SyslogNG,ao-016-subscriber,subscriber-service,2,cert_expiry,Sertifika 23 gun icinde suresi dolacak,dc2,rack-B,prod
ALM-01930,2026-09-10T02:08:41,Zabbix,ao-038-cache,cache-cluster,3,log_rotate,"Log rotasyonu beklenenden uzun surdu, 22 saniye",dc2,rack-C,prod
ALM-01700,2026-09-10T02:08:42,SyslogNG,ao-026-payment,payment-service,1,log_rotate,"Log rotasyonu beklenenden uzun surdu, 60 saniye",dc2,rack-C,prod
ALM-00464,2026-09-10T02:08:45,Zabbix,ao-034-billing,billing-db,5,disk_full,"Disk kullanimi kritik seviyede, yuzde 97 dolu",dc2,rack-B,prod
ALM-02445,2026-09-10T02:08:48,AppDynamics,ao-046-dns,dns-resolver,2,backup_warn,Yedekleme isi 34 dakika gecikmeli tamamlandi,dc2,rack-B,prod
ALM-01772,2026-09-10T02:08:53,SyslogNG,ao-054-payment,payment-provider-gw,2,mem_high,Bellek kullanimi yuzde 77 seviyesinde,dc2,rack-A,prod
ALM-02485,2026-09-10T02:08:53,AppDynamics,ao-021-charging,charging-service,4,log_rotate,"Log rotasyonu beklenenden uzun surdu, 73 saniye",dc1,rack-A,prod
ALM-02390,2026-09-10T02:08:55,OBM,ao-002-api,api-gateway,1,mem_high,Bellek kullanimi yuzde 72 seviyesinde,dc2,rack-C,prod
ALM-00484,2026-09-10T02:09:01,Prometheus,ao-018-billing,billing-service,4,http_5xx,"HTTP 5xx hata orani esigi asti, oran yuzde 72",dc2,rack-A,prod
ALM-01600,2026-09-10T02:09:06,Zabbix,ao-015-subscriber,subscriber-service,1,ntp_drift,Saat sapmasi 70 ms,dc1,rack-A,prod
ALM-02161,2026-09-10T02:09:09,Prometheus,ao-050-reconciliation,reconciliation-batch,3,ntp_drift,Saat sapmasi 77 ms,dc2,rack-C,prod
ALM-01677,2026-09-10T02:09:10,OBM,ao-016-subscriber,subscriber-service,2,disk_warn,"Disk kullanimi uyari seviyesinde, yuzde 76 dolu",dc2,rack-B,prod
ALM-01476,2026-09-10T02:09:11,AppDynamics,ao-052-payment,payment-provider-gw,1,network_flap,Arayuz eth0 link durumu 66 kez degisti,dc2,rack-B,prod
ALM-00511,2026-09-10T02:09:12,Zabbix,ao-019-billing,billing-service,4,db_conn_pool,"Baglanti havuzu tukendi, bekleyen istek sayisi 85",dc1,rack-B,prod
ALM-00475,2026-09-10T02:09:13,SyslogNG,ao-035-billing,billing-db,5,disk_full,"Disk kullanimi kritik seviyede, yuzde 97 dolu",dc1,rack-C,prod
ALM-00474,2026-09-10T02:09:14,Prometheus,ao-035-billing,billing-db,5,disk_full,"Disk kullanimi kritik seviyede, yuzde 99 dolu",dc1,rack-C,prod
ALM-00512,2026-09-10T02:09:14,SyslogNG,ao-019-billing,billing-service,4,txn_fail,"Islem basarisiz, hata orani yuzde 74",dc1,rack-B,prod
ALM-00485,2026-09-10T02:09:15,Prometheus,ao-018-billing,billing-service,4,db_conn_pool,"Baglanti havuzu tukendi, bekleyen istek sayisi 74",dc2,rack-A,prod
ALM-02327,2026-09-10T02:09:15,SyslogNG,ao-034-billing,billing-db,1,mem_high,Bellek kullanimi yuzde 47 seviyesinde,dc2,rack-B,prod
ALM-00465,2026-09-10T02:09:16,OBM,ao-034-billing,billing-db,5,disk_full,"Disk kullanimi kritik seviyede, yuzde 97 dolu",dc2,rack-B,prod
ALM-01249,2026-09-10T02:09:18,Zabbix,ao-036-billing,billing-db,2,cert_expiry,Sertifika 72 gun icinde suresi dolacak,dc2,rack-A,prod
ALM-01595,2026-09-10T02:09:18,Zabbix,ao-027-order,order-service,3,latency_high,"Yanit suresi p99 esigi asti, 49 ms",dc1,rack-A,prod
ALM-02080,2026-09-10T02:09:18,SyslogNG,ao-036-billing,billing-db,1,cpu_high,CPU kullanimi yuzde 52,dc2,rack-A,prod
ALM-02194,2026-09-10T02:09:24,AppDynamics,ao-016-subscriber,subscriber-service,3,ntp_drift,Saat sapmasi 55 ms,dc2,rack-B,prod
ALM-02276,2026-09-10T02:09:26,Prometheus,ao-046-dns,dns-resolver,3,log_rotate,"Log rotasyonu beklenenden uzun surdu, 88 saniye",dc2,rack-B,prod
ALM-02347,2026-09-10T02:09:26,OBM,ao-049-invoice,invoice-batch,2,backup_warn,Yedekleme isi 36 dakika gecikmeli tamamlandi,dc1,rack-B,prod
ALM-01531,2026-09-10T02:09:27,Prometheus,ao-055-sms,sms-gateway,1,latency_high,"Yanit suresi p99 esigi asti, 82 ms",dc1,rack-B,prod
ALM-02524,2026-09-10T02:09:37,Prometheus,ao-035-billing,billing-db,2,log_rotate,"Log rotasyonu beklenenden uzun surdu, 74 saniye",dc1,rack-C,prod
ALM-02921,2026-09-10T02:09:38,OBM,ao-052-payment,payment-provider-gw,3,log_rotate,"Log rotasyonu beklenenden uzun surdu, 81 saniye",dc2,rack-B,prod
ALM-02355,2026-09-10T02:09:41,AppDynamics,ao-021-charging,charging-service,3,cpu_high,CPU kullanimi yuzde 68,dc1,rack-A,prod
ALM-02252,2026-09-10T02:09:43,Prometheus,ao-041-object,object-store,1,cpu_high,CPU kullanimi yuzde 26,dc1,rack-C,prod
ALM-02727,2026-09-10T02:09:43,AppDynamics,ao-018-billing,billing-service,2,log_rotate,"Log rotasyonu beklenenden uzun surdu, 88 saniye",dc2,rack-A,prod
ALM-02037,2026-09-10T02:09:51,Prometheus,ao-006-mobile,mobile-bff,3,latency_high,"Yanit suresi p99 esigi asti, 41 ms",dc2,rack-A,prod
ALM-00513,2026-09-10T02:09:53,Zabbix,ao-019-billing,billing-service,5,http_5xx,"HTTP 5xx hata orani esigi asti, oran yuzde 71",dc1,rack-B,prod
ALM-02826,2026-09-10T02:09:53,Zabbix,ao-020-billing,billing-service,2,cpu_high,CPU kullanimi yuzde 72,dc2,rack-C,prod
ALM-00566,2026-09-10T02:09:57,SyslogNG,ao-049-invoice,invoice-batch,4,http_5xx,"HTTP 5xx hata orani esigi asti, oran yuzde 90",dc1,rack-B,prod
ALM-02120,2026-09-10T02:09:58,SyslogNG,ao-014-session,session-service,3,log_rotate,"Log rotasyonu beklenenden uzun surdu, 62 saniye",dc2,rack-C,prod
ALM-00466,2026-09-10T02:09:59,Prometheus,ao-034-billing,billing-db,5,disk_full,"Disk kullanimi kritik seviyede, yuzde 100 dolu",dc2,rack-B,prod
ALM-00636,2026-09-10T02:10:01,SyslogNG,ao-027-order,order-service,3,timeout,billing-service servisine yapilan cagri zaman asimina ugradi (89 ms),dc1,rack-A,prod
ALM-00535,2026-09-10T02:10:02,OBM,ao-020-billing,billing-service,4,db_conn_pool,"Baglanti havuzu tukendi, bekleyen istek sayisi 79",dc2,rack-C,prod
ALM-00619,2026-09-10T02:10:03,SyslogNG,ao-026-payment,payment-service,4,txn_fail,"Islem basarisiz, hata orani yuzde 95",dc2,rack-C,prod
ALM-00702,2026-09-10T02:10:07,Zabbix,ao-023-charging,charging-service,3,timeout,billing-service servisine yapilan cagri zaman asimina ugradi (97 ms),dc1,rack-C,prod
ALM-01895,2026-09-10T02:10:08,OBM,ao-026-payment,payment-service,1,cert_expiry,Sertifika 87 gun icinde suresi dolacak,dc2,rack-C,prod
ALM-02584,2026-09-10T02:10:09,SyslogNG,ao-022-charging,charging-service,4,log_rotate,"Log rotasyonu beklenenden uzun surdu, 50 saniye",dc2,rack-B,prod
ALM-00536,2026-09-10T02:10:11,Prometheus,ao-020-billing,billing-service,5,http_5xx,"HTTP 5xx hata orani esigi asti, oran yuzde 74",dc2,rack-C,prod
ALM-00486,2026-09-10T02:10:14,SyslogNG,ao-018-billing,billing-service,4,txn_fail,"Islem basarisiz, hata orani yuzde 86",dc2,rack-A,prod
ALM-02150,2026-09-10T02:10:16,SyslogNG,ao-028-order,order-service,2,disk_warn,"Disk kullanimi uyari seviyesinde, yuzde 52 dolu",dc2,rack-B,prod
ALM-00607,2026-09-10T02:10:18,Zabbix,ao-025-payment,payment-service,4,timeout,billing-service servisine yapilan cagri zaman asimina ugradi (94 ms),dc1,rack-B,prod
ALM-00653,2026-09-10T02:10:23,AppDynamics,ao-028-order,order-service,4,txn_fail,"Islem basarisiz, hata orani yuzde 75",dc2,rack-B,prod
ALM-01838,2026-09-10T02:10:24,Prometheus,ao-036-billing,billing-db,1,cpu_high,CPU kullanimi yuzde 60,dc2,rack-A,prod
ALM-00567,2026-09-10T02:10:26,SyslogNG,ao-049-invoice,invoice-batch,4,db_write_fail,"Veritabani yazma islemi basarisiz, tablespace genisletilemedi",dc1,rack-B,prod
ALM-01770,2026-09-10T02:10:27,SyslogNG,ao-025-payment,payment-service,1,disk_warn,"Disk kullanimi uyari seviyesinde, yuzde 26 dolu",dc1,rack-B,prod
ALM-00666,2026-09-10T02:10:30,AppDynamics,ao-021-charging,charging-service,3,timeout,billing-service servisine yapilan cagri zaman asimina ugradi (77 ms),dc1,rack-A,prod
ALM-02119,2026-09-10T02:10:30,OBM,ao-021-charging,charging-service,2,cpu_high,CPU kullanimi yuzde 74,dc1,rack-A,prod
ALM-02543,2026-09-10T02:10:37,Zabbix,ao-047-ntp,ntp-service,1,network_flap,Arayuz bond0 link durumu 49 kez degisti,dc1,rack-C,prod
ALM-02656,2026-09-10T02:10:39,Prometheus,ao-040-message,message-queue,1,ntp_drift,Saat sapmasi 73 ms,dc2,rack-B,prod
ALM-01651,2026-09-10T02:10:42,Prometheus,ao-053-payment,payment-provider-gw,2,backup_warn,Yedekleme isi 78 dakika gecikmeli tamamlandi,dc1,rack-C,prod
ALM-01469,2026-09-10T02:10:44,AppDynamics,ao-018-billing,billing-service,1,cert_expiry,Sertifika 50 gun icinde suresi dolacak,dc2,rack-A,prod
ALM-00589,2026-09-10T02:10:45,SyslogNG,ao-024-payment,payment-service,3,latency_high,"Yanit suresi p99 esigi asti, 88 ms",dc2,rack-A,prod
ALM-00537,2026-09-10T02:10:55,Prometheus,ao-020-billing,billing-service,4,db_conn_pool,"Baglanti havuzu tukendi, bekleyen istek sayisi 98",dc2,rack-C,prod
ALM-02158,2026-09-10T02:10:55,Zabbix,ao-010-auth,auth-service,3,ntp_drift,Saat sapmasi 82 ms,dc2,rack-B,prod
ALM-00684,2026-09-10T02:10:57,AppDynamics,ao-022-charging,charging-service,4,latency_high,"Yanit suresi p99 esigi asti, 94 ms",dc2,rack-B,prod
ALM-02134,2026-09-10T02:10:59,OBM,ao-002-api,api-gateway,4,backup_warn,Yedekleme isi 48 dakika gecikmeli tamamlandi,dc2,rack-C,prod
ALM-02954,2026-09-10T02:10:59,AppDynamics,ao-043-load,load-balancer,1,backup_warn,Yedekleme isi 55 dakika gecikmeli tamamlandi,dc1,rack-B,prod
ALM-00608,2026-09-10T02:11:01,OBM,ao-025-payment,payment-service,4,txn_fail,"Islem basarisiz, hata orani yuzde 77",dc1,rack-B,prod
ALM-00703,2026-09-10T02:11:01,Prometheus,ao-023-charging,charging-service,3,timeout,billing-service servisine yapilan cagri zaman asimina ugradi (78 ms),dc1,rack-C,prod
ALM-02681,2026-09-10T02:11:01,Zabbix,ao-004-mobile,mobile-bff,2,network_flap,Arayuz bond0 link durumu 34 kez degisti,dc2,rack-B,prod
ALM-00685,2026-09-10T02:11:06,Prometheus,ao-022-charging,charging-service,4,latency_high,"Yanit suresi p99 esigi asti, 94 ms",dc2,rack-B,prod
ALM-02574,2026-09-10T02:11:08,Prometheus,ao-037-cache,cache-cluster,2,latency_high,"Yanit suresi p99 esigi asti, 25 ms",dc1,rack-B,prod
ALM-00487,2026-09-10T02:11:10,Prometheus,ao-018-billing,billing-service,4,txn_fail,"Islem basarisiz, hata orani yuzde 76",dc2,rack-A,prod
ALM-01826,2026-09-10T02:11:10,SyslogNG,ao-016-subscriber,subscriber-service,1,network_flap,Arayuz eth0 link durumu 26 kez degisti,dc2,rack-B,prod
ALM-00568,2026-09-10T02:11:12,Zabbix,ao-049-invoice,invoice-batch,4,http_5xx,"HTTP 5xx hata orani esigi asti, oran yuzde 99",dc1,rack-B,prod
ALM-02701,2026-09-10T02:11:15,Zabbix,ao-040-message,message-queue,3,mem_high,Bellek kullanimi yuzde 46 seviyesinde,dc2,rack-B,prod
ALM-00667,2026-09-10T02:11:17,Zabbix,ao-021-charging,charging-service,4,latency_high,"Yanit suresi p99 esigi asti, 72 ms",dc1,rack-A,prod
ALM-01494,2026-09-10T02:11:17,AppDynamics,ao-052-payment,payment-provider-gw,2,disk_warn,"Disk kullanimi uyari seviyesinde, yuzde 36 dolu",dc2,rack-B,prod
ALM-00515,2026-09-10T02:11:19,SyslogNG,ao-019-billing,billing-service,4,db_write_fail,"Veritabani yazma islemi basarisiz, tablespace genisletilemedi",dc1,rack-B,prod
ALM-02077,2026-09-10T02:11:20,AppDynamics,ao-049-invoice,invoice-batch,3,mem_high,Bellek kullanimi yuzde 58 seviyesinde,dc1,rack-B,prod
ALM-02301,2026-09-10T02:11:25,Zabbix,ao-013-session,session-service,3,network_flap,Arayuz bond0 link durumu 76 kez degisti,dc1,rack-B,prod
ALM-00727,2026-09-10T02:11:26,SyslogNG,ao-012-session,session-service,3,gc_pressure,"GC duraklama suresi 76 ms, esik asildi",dc2,rack-A,prod
ALM-02712,2026-09-10T02:11:26,AppDynamics,ao-007-web,web-bff,3,backup_warn,Yedekleme isi 40 dakika gecikmeli tamamlandi,dc1,rack-B,prod
ALM-00538,2026-09-10T02:11:28,SyslogNG,ao-020-billing,billing-service,4,http_5xx,"HTTP 5xx hata orani esigi asti, oran yuzde 86",dc2,rack-C,prod
ALM-00514,2026-09-10T02:11:29,SyslogNG,ao-019-billing,billing-service,4,db_write_fail,"Veritabani yazma islemi basarisiz, tablespace genisletilemedi",dc1,rack-B,prod
ALM-00745,2026-09-10T02:11:30,Prometheus,ao-013-session,session-service,3,gc_pressure,"GC duraklama suresi 76 ms, esik asildi",dc1,rack-B,prod
ALM-01504,2026-09-10T02:11:30,AppDynamics,ao-033-subscriber,subscriber-db,1,cert_expiry,Sertifika 27 gun icinde suresi dolacak,dc1,rack-A,prod
ALM-00569,2026-09-10T02:11:35,SyslogNG,ao-049-invoice,invoice-batch,4,http_5xx,"HTTP 5xx hata orani esigi asti, oran yuzde 97",dc1,rack-B,prod
ALM-00637,2026-09-10T02:11:36,OBM,ao-027-order,order-service,3,txn_fail,"Islem basarisiz, hata orani yuzde 81",dc1,rack-A,prod
ALM-00488,2026-09-10T02:11:40,Zabbix,ao-018-billing,billing-service,4,http_5xx,"HTTP 5xx hata orani esigi asti, oran yuzde 91",dc2,rack-A,prod
ALM-00654,2026-09-10T02:11:40,SyslogNG,ao-028-order,order-service,4,latency_high,"Yanit suresi p99 esigi asti, 90 ms",dc2,rack-B,prod
ALM-01893,2026-09-10T02:11:40,AppDynamics,ao-014-session,session-service,2,log_rotate,"Log rotasyonu beklenenden uzun surdu, 83 saniye",dc2,rack-C,prod
ALM-00590,2026-09-10T02:11:41,Zabbix,ao-024-payment,payment-service,3,latency_high,"Yanit suresi p99 esigi asti, 79 ms",dc2,rack-A,prod
ALM-00763,2026-09-10T02:11:43,Zabbix,ao-014-session,session-service,3,gc_pressure,"GC duraklama suresi 76 ms, esik asildi",dc2,rack-C,prod
ALM-01306,2026-09-10T02:11:44,AppDynamics,ao-001-api,api-gateway,1,mem_high,Bellek kullanimi yuzde 38 seviyesinde,dc1,rack-B,prod
ALM-00620,2026-09-10T02:11:45,OBM,ao-026-payment,payment-service,3,txn_fail,"Islem basarisiz, hata orani yuzde 76",dc2,rack-C,prod
ALM-01755,2026-09-10T02:11:48,SyslogNG,ao-019-billing,billing-service,2,mem_high,Bellek kullanimi yuzde 41 seviyesinde,dc1,rack-B,prod
ALM-01640,2026-09-10T02:11:49,Prometheus,ao-032-subscriber,subscriber-db,1,latency_high,"Yanit suresi p99 esigi asti, 57 ms",dc2,rack-C,prod
ALM-00591,2026-09-10T02:11:51,SyslogNG,ao-024-payment,payment-service,3,txn_fail,"Islem basarisiz, hata orani yuzde 89",dc2,rack-A,prod
ALM-01807,2026-09-10T02:11:51,AppDynamics,ao-021-charging,charging-service,3,backup_warn,Yedekleme isi 79 dakika gecikmeli tamamlandi,dc1,rack-A,prod
ALM-01248,2026-09-10T02:11:54,AppDynamics,ao-002-api,api-gateway,2,cert_expiry,Sertifika 21 gun icinde suresi dolacak,dc2,rack-C,prod
ALM-01878,2026-09-10T02:11:55,SyslogNG,ao-010-auth,auth-service,3,cpu_high,CPU kullanimi yuzde 29,dc2,rack-B,prod
ALM-02400,2026-09-10T02:11:55,Zabbix,ao-031-subscriber,subscriber-db,2,network_flap,Arayuz eth1 link durumu 33 kez degisti,dc1,rack-B,prod
ALM-00655,2026-09-10T02:11:56,AppDynamics,ao-028-order,order-service,4,txn_fail,"Islem basarisiz, hata orani yuzde 95",dc2,rack-B,prod
ALM-01686,2026-09-10T02:12:01,AppDynamics,ao-038-cache,cache-cluster,2,mem_high,Bellek kullanimi yuzde 41 seviyesinde,dc2,rack-C,prod
ALM-01513,2026-09-10T02:12:03,Zabbix,ao-018-billing,billing-service,1,cert_expiry,Sertifika 59 gun icinde suresi dolacak,dc2,rack-A,prod
ALM-00704,2026-09-10T02:12:05,AppDynamics,ao-023-charging,charging-service,4,latency_high,"Yanit suresi p99 esigi asti, 91 ms",dc1,rack-C,prod
ALM-00609,2026-09-10T02:12:14,AppDynamics,ao-025-payment,payment-service,3,timeout,billing-service servisine yapilan cagri zaman asimina ugradi (79 ms),dc1,rack-B,prod
ALM-00686,2026-09-10T02:12:14,Prometheus,ao-022-charging,charging-service,3,timeout,billing-service servisine yapilan cagri zaman asimina ugradi (87 ms),dc2,rack-B,prod
ALM-02123,2026-09-10T02:12:14,SyslogNG,ao-040-message,message-queue,1,cpu_high,CPU kullanimi yuzde 29,dc2,rack-B,prod
ALM-01562,2026-09-10T02:12:18,OBM,ao-022-charging,charging-service,1,backup_warn,Yedekleme isi 40 dakika gecikmeli tamamlandi,dc2,rack-B,prod
ALM-00570,2026-09-10T02:12:20,Prometheus,ao-049-invoice,invoice-batch,4,http_5xx,"HTTP 5xx hata orani esigi asti, oran yuzde 87",dc1,rack-B,prod
ALM-00668,2026-09-10T02:12:26,OBM,ao-021-charging,charging-service,4,timeout,billing-service servisine yapilan cagri zaman asimina ugradi (79 ms),dc1,rack-A,prod
ALM-02332,2026-09-10T02:12:27,SyslogNG,ao-027-order,order-service,1,mem_high,Bellek kullanimi yuzde 33 seviyesinde,dc1,rack-A,prod
ALM-02600,2026-09-10T02:12:29,AppDynamics,ao-018-billing,billing-service,1,network_flap,Arayuz eth0 link durumu 60 kez degisti,dc2,rack-A,prod
ALM-00539,2026-09-10T02:12:31,OBM,ao-020-billing,billing-service,5,db_write_fail,"Veritabani yazma islemi basarisiz, tablespace genisletilemedi",dc2,rack-C,prod
ALM-02898,2026-09-10T02:12:31,AppDynamics,ao-006-mobile,mobile-bff,2,latency_high,"Yanit suresi p99 esigi asti, 45 ms",dc2,rack-A,prod
ALM-02195,2026-09-10T02:12:32,SyslogNG,ao-027-order,order-service,2,cpu_high,CPU kullanimi yuzde 32,dc1,rack-A,prod
ALM-00489,2026-09-10T02:12:37,Prometheus,ao-018-billing,billing-service,5,db_conn_pool,"Baglanti havuzu tukendi, bekleyen istek sayisi 86",dc2,rack-A,prod
ALM-02547,2026-09-10T02:12:37,Zabbix,ao-015-subscriber,subscriber-service,2,cert_expiry,Sertifika 84 gun icinde suresi dolacak,dc1,rack-A,prod
ALM-00516,2026-09-10T02:12:41,Prometheus,ao-019-billing,billing-service,5,http_5xx,"HTTP 5xx hata orani esigi asti, oran yuzde 95",dc1,rack-B,prod
ALM-00621,2026-09-10T02:12:42,SyslogNG,ao-026-payment,payment-service,4,txn_fail,"Islem basarisiz, hata orani yuzde 78",dc2,rack-C,prod
ALM-02455,2026-09-10T02:12:42,AppDynamics,ao-055-sms,sms-gateway,2,latency_high,"Yanit suresi p99 esigi asti, 22 ms",dc1,rack-B,prod
ALM-00638,2026-09-10T02:12:43,OBM,ao-027-order,order-service,3,latency_high,"Yanit suresi p99 esigi asti, 86 ms",dc1,rack-A,prod
ALM-00610,2026-09-10T02:12:47,Zabbix,ao-025-payment,payment-service,4,timeout,billing-service servisine yapilan cagri zaman asimina ugradi (86 ms),dc1,rack-B,prod
ALM-00669,2026-09-10T02:12:47,Zabbix,ao-021-charging,charging-service,3,latency_high,"Yanit suresi p99 esigi asti, 82 ms",dc1,rack-A,prod
ALM-02072,2026-09-10T02:12:47,OBM,ao-042-load,load-balancer,1,mem_high,Bellek kullanimi yuzde 67 seviyesinde,dc2,rack-A,prod
ALM-02880,2026-09-10T02:12:53,OBM,ao-020-billing,billing-service,3,mem_high,Bellek kullanimi yuzde 66 seviyesinde,dc2,rack-C,prod
ALM-00639,2026-09-10T02:12:56,OBM,ao-027-order,order-service,4,txn_fail,"Islem basarisiz, hata orani yuzde 92",dc1,rack-A,prod
ALM-01729,2026-09-10T02:13:00,AppDynamics,ao-017-subscriber,subscriber-service,2,backup_warn,Yedekleme isi 42 dakika gecikmeli tamamlandi,dc1,rack-C,prod
ALM-02815,2026-09-10T02:13:02,Zabbix,ao-046-dns,dns-resolver,3,latency_high,"Yanit suresi p99 esigi asti, 60 ms",dc2,rack-B,prod
ALM-00622,2026-09-10T02:13:03,Zabbix,ao-026-payment,payment-service,4,timeout,billing-service servisine yapilan cagri zaman asimina ugradi (71 ms),dc2,rack-C,prod
ALM-00490,2026-09-10T02:13:05,Zabbix,ao-018-billing,billing-service,5,db_write_fail,"Veritabani yazma islemi basarisiz, tablespace genisletilemedi",dc2,rack-A,prod
ALM-00571,2026-09-10T02:13:05,AppDynamics,ao-049-invoice,invoice-batch,5,db_conn_pool,"Baglanti havuzu tukendi, bekleyen istek sayisi 95",dc1,rack-B,prod
ALM-02762,2026-09-10T02:13:10,Zabbix,ao-047-ntp,ntp-service,4,cpu_high,CPU kullanimi yuzde 26,dc1,rack-C,prod
ALM-00592,2026-09-10T02:13:16,AppDynamics,ao-024-payment,payment-service,3,latency_high,"Yanit suresi p99 esigi asti, 76 ms",dc2,rack-A,prod
ALM-00687,2026-09-10T02:13:16,Prometheus,ao-022-charging,charging-service,3,timeout,billing-service servisine yapilan cagri zaman asimina ugradi (78 ms),dc2,rack-B,prod
ALM-00705,2026-09-10T02:13:16,SyslogNG,ao-023-charging,charging-service,3,timeout,billing-service servisine yapilan cagri zaman asimina ugradi (75 ms),dc1,rack-C,prod
ALM-00517,2026-09-10T02:13:18,SyslogNG,ao-019-billing,billing-service,4,db_write_fail,"Veritabani yazma islemi basarisiz, tablespace genisletilemedi",dc1,rack-B,prod
ALM-00541,2026-09-10T02:13:19,Prometheus,ao-020-billing,billing-service,5,txn_fail,"Islem basarisiz, hata orani yuzde 80",dc2,rack-C,prod
ALM-00540,2026-09-10T02:13:21,AppDynamics,ao-020-billing,billing-service,4,db_conn_pool,"Baglanti havuzu tukendi, bekleyen istek sayisi 77",dc2,rack-C,prod
ALM-00656,2026-09-10T02:13:23,Zabbix,ao-028-order,order-service,3,txn_fail,"Islem basarisiz, hata orani yuzde 76",dc2,rack-B,prod
ALM-01820,2026-09-10T02:13:26,Prometheus,ao-055-sms,sms-gateway,4,network_flap,Arayuz ens192 link durumu 51 kez degisti,dc1,rack-B,prod
ALM-02652,2026-09-10T02:13:26,SyslogNG,ao-001-api,api-gateway,2,cert_expiry,Sertifika 79 gun icinde suresi dolacak,dc1,rack-B,prod
ALM-02154,2026-09-10T02:13:27,SyslogNG,ao-012-session,session-service,3,mem_high,Bellek kullanimi yuzde 40 seviyesinde,dc2,rack-A,prod
ALM-02532,2026-09-10T02:13:33,Zabbix,ao-035-billing,billing-db,1,network_flap,Arayuz ens192 link durumu 49 kez degisti,dc1,rack-C,prod
ALM-02531,2026-09-10T02:13:34,OBM,ao-012-session,session-service,3,network_flap,Arayuz eth1 link durumu 34 kez degisti,dc2,rack-A,prod
ALM-00518,2026-09-10T02:13:36,OBM,ao-019-billing,billing-service,4,db_write_fail,"Veritabani yazma islemi basarisiz, tablespace genisletilemedi",dc1,rack-B,prod
ALM-00623,2026-09-10T02:13:36,AppDynamics,ao-026-payment,payment-service,3,latency_high,"Yanit suresi p99 esigi asti, 73 ms",dc2,rack-C,prod
ALM-01380,2026-09-10T02:13:39,SyslogNG,ao-009-auth,auth-service,2,network_flap,Arayuz ens192 link durumu 22 kez degisti,dc1,rack-A,prod
ALM-02566,2026-09-10T02:13:39,Prometheus,ao-008-web,web-bff,3,mem_high,Bellek kullanimi yuzde 78 seviyesinde,dc2,rack-C,prod
ALM-00706,2026-09-10T02:13:40,AppDynamics,ao-023-charging,charging-service,3,txn_fail,"Islem basarisiz, hata orani yuzde 92",dc1,rack-C,prod
ALM-00670,2026-09-10T02:13:41,OBM,ao-021-charging,charging-service,4,txn_fail,"Islem basarisiz, hata orani yuzde 78",dc1,rack-A,prod
ALM-01652,2026-09-10T02:13:44,AppDynamics,ao-039-message,message-queue,1,cpu_high,CPU kullanimi yuzde 81,dc1,rack-A,prod
ALM-01799,2026-09-10T02:13:44,SyslogNG,ao-055-sms,sms-gateway,4,backup_warn,Yedekleme isi 36 dakika gecikmeli tamamlandi,dc1,rack-B,prod
ALM-02379,2026-09-10T02:13:45,AppDynamics,ao-056-kyc,kyc-provider-gw,2,ntp_drift,Saat sapmasi 63 ms,dc2,rack-C,prod
ALM-01596,2026-09-10T02:13:46,Prometheus,ao-015-subscriber,subscriber-service,2,mem_high,Bellek kullanimi yuzde 50 seviyesinde,dc1,rack-A,prod
ALM-00640,2026-09-10T02:13:48,Prometheus,ao-027-order,order-service,4,txn_fail,"Islem basarisiz, hata orani yuzde 76",dc1,rack-A,prod
ALM-02877,2026-09-10T02:13:48,SyslogNG,ao-012-session,session-service,1,disk_warn,"Disk kullanimi uyari seviyesinde, yuzde 23 dolu",dc2,rack-A,prod
ALM-00611,2026-09-10T02:13:49,AppDynamics,ao-025-payment,payment-service,4,latency_high,"Yanit suresi p99 esigi asti, 89 ms",dc1,rack-B,prod
ALM-01947,2026-09-10T02:13:49,Zabbix,ao-043-load,load-balancer,2,ntp_drift,Saat sapmasi 79 ms,dc1,rack-B,prod
ALM-02456,2026-09-10T02:13:49,Prometheus,ao-021-charging,charging-service,3,mem_high,Bellek kullanimi yuzde 38 seviyesinde,dc1,rack-A,prod
ALM-02909,2026-09-10T02:13:50,Prometheus,ao-047-ntp,ntp-service,1,log_rotate,"Log rotasyonu beklenenden uzun surdu, 56 saniye",dc1,rack-C,prod
ALM-01576,2026-09-10T02:14:01,Prometheus,ao-028-order,order-service,3,cpu_high,CPU kullanimi yuzde 59,dc2,rack-B,prod
ALM-02454,2026-09-10T02:14:02,Zabbix,ao-033-subscriber,subscriber-db,2,ntp_drift,Saat sapmasi 84 ms,dc1,rack-A,prod
ALM-00519,2026-09-10T02:14:08,Prometheus,ao-019-billing,billing-service,5,db_write_fail,"Veritabani yazma islemi basarisiz, tablespace genisletilemedi",dc1,rack-B,prod
ALM-00491,2026-09-10T02:14:09,OBM,ao-018-billing,billing-service,5,txn_fail,"Islem basarisiz, hata orani yuzde 80",dc2,rack-A,prod
ALM-00573,2026-09-10T02:14:11,OBM,ao-049-invoice,invoice-batch,4,http_5xx,"HTTP 5xx hata orani esigi asti, oran yuzde 73",dc1,rack-B,prod
ALM-01761,2026-09-10T02:14:16,Prometheus,ao-021-charging,charging-service,2,cpu_high,CPU kullanimi yuzde 72,dc1,rack-A,prod
ALM-00572,2026-09-10T02:14:17,AppDynamics,ao-049-invoice,invoice-batch,4,http_5xx,"HTTP 5xx hata orani esigi asti, oran yuzde 92",dc1,rack-B,prod
ALM-00688,2026-09-10T02:14:17,Zabbix,ao-022-charging,charging-service,4,txn_fail,"Islem basarisiz, hata orani yuzde 73",dc2,rack-B,prod
ALM-01592,2026-09-10T02:14:20,AppDynamics,ao-045-dns,dns-resolver,1,latency_high,"Yanit suresi p99 esigi asti, 64 ms",dc1,rack-A,prod
ALM-02797,2026-09-10T02:14:20,Prometheus,ao-041-object,object-store,1,cpu_high,CPU kullanimi yuzde 54,dc1,rack-C,prod
ALM-00593,2026-09-10T02:14:23,Prometheus,ao-024-payment,payment-service,4,timeout,billing-service servisine yapilan cagri zaman asimina ugradi (89 ms),dc2,rack-A,prod
ALM-02254,2026-09-10T02:14:23,SyslogNG,ao-018-billing,billing-service,1,cert_expiry,Sertifika 61 gun icinde suresi dolacak,dc2,rack-A,prod
ALM-00657,2026-09-10T02:14:26,Prometheus,ao-028-order,order-service,4,timeout,billing-service servisine yapilan cagri zaman asimina ugradi (73 ms),dc2,rack-B,prod
ALM-01342,2026-09-10T02:14:36,OBM,ao-049-invoice,invoice-batch,1,latency_high,"Yanit suresi p99 esigi asti, 53 ms",dc1,rack-B,prod
ALM-02047,2026-09-10T02:14:36,OBM,ao-008-web,web-bff,1,disk_warn,"Disk kullanimi uyari seviyesinde, yuzde 80 dolu",dc2,rack-C,prod
ALM-00492,2026-09-10T02:14:39,Prometheus,ao-018-billing,billing-service,5,http_5xx,"HTTP 5xx hata orani esigi asti, oran yuzde 90",dc2,rack-A,prod
ALM-00671,2026-09-10T02:14:40,Zabbix,ao-021-charging,charging-service,4,latency_high,"Yanit suresi p99 esigi asti, 76 ms",dc1,rack-A,prod
ALM-00612,2026-09-10T02:14:41,AppDynamics,ao-025-payment,payment-service,4,txn_fail,"Islem basarisiz, hata orani yuzde 92",dc1,rack-B,prod
ALM-00520,2026-09-10T02:14:44,OBM,ao-019-billing,billing-service,4,db_conn_pool,"Baglanti havuzu tukendi, bekleyen istek sayisi 98",dc1,rack-B,prod
ALM-01744,2026-09-10T02:14:44,OBM,ao-002-api,api-gateway,1,cert_expiry,Sertifika 51 gun icinde suresi dolacak,dc2,rack-C,prod
ALM-00493,2026-09-10T02:14:47,Prometheus,ao-018-billing,billing-service,4,db_conn_pool,"Baglanti havuzu tukendi, bekleyen istek sayisi 89",dc2,rack-A,prod
ALM-00542,2026-09-10T02:14:48,SyslogNG,ao-020-billing,billing-service,5,txn_fail,"Islem basarisiz, hata orani yuzde 95",dc2,rack-C,prod
ALM-01832,2026-09-10T02:14:49,AppDynamics,ao-001-api,api-gateway,1,disk_warn,"Disk kullanimi uyari seviyesinde, yuzde 87 dolu",dc1,rack-B,prod
ALM-00624,2026-09-10T02:14:51,OBM,ao-026-payment,payment-service,3,timeout,billing-service servisine yapilan cagri zaman asimina ugradi (95 ms),dc2,rack-C,prod
ALM-01551,2026-09-10T02:14:52,OBM,ao-024-payment,payment-service,3,network_flap,Arayuz bond0 link durumu 45 kez degisti,dc2,rack-A,prod
ALM-00707,2026-09-10T02:14:55,AppDynamics,ao-023-charging,charging-service,3,txn_fail,"Islem basarisiz, hata orani yuzde 93",dc1,rack-C,prod
ALM-01519,2026-09-10T02:14:58,SyslogNG,ao-022-charging,charging-service,2,disk_warn,"Disk kullanimi uyari seviyesinde, yuzde 36 dolu",dc2,rack-B,prod
ALM-02257,2026-09-10T02:14:58,Prometheus,ao-034-billing,billing-db,1,network_flap,Arayuz ens192 link durumu 54 kez degisti,dc2,rack-B,prod
ALM-02672,2026-09-10T02:14:59,SyslogNG,ao-010-auth,auth-service,1,latency_high,"Yanit suresi p99 esigi asti, 21 ms",dc2,rack-B,prod
ALM-00658,2026-09-10T02:15:00,OBM,ao-028-order,order-service,3,txn_fail,"Islem basarisiz, hata orani yuzde 88",dc2,rack-B,prod
ALM-00594,2026-09-10T02:15:01,Zabbix,ao-024-payment,payment-service,3,timeout,billing-service servisine yapilan cagri zaman asimina ugradi (80 ms),dc2,rack-A,prod
ALM-01937,2026-09-10T02:15:08,Zabbix,ao-005-mobile,mobile-bff,2,network_flap,Arayuz ens192 link durumu 47 kez degisti,dc1,rack-C,prod
ALM-02736,2026-09-10T02:15:09,AppDynamics,ao-056-kyc,kyc-provider-gw,1,cert_expiry,Sertifika 32 gun icinde suresi dolacak,dc2,rack-C,prod
ALM-02312,2026-09-10T02:15:12,Prometheus,ao-021-charging,charging-service,1,cert_expiry,Sertifika 54 gun icinde suresi dolacak,dc1,rack-A,prod
ALM-00543,2026-09-10T02:15:15,Zabbix,ao-020-billing,billing-service,4,db_write_fail,"Veritabani yazma islemi basarisiz, tablespace genisletilemedi",dc2,rack-C,prod
ALM-02689,2026-09-10T02:15:18,Zabbix,ao-044-load,load-balancer,4,backup_warn,Yedekleme isi 40 dakika gecikmeli tamamlandi,dc2,rack-C,prod
ALM-01932,2026-09-10T02:15:21,OBM,ao-003-api,api-gateway,2,ntp_drift,Saat sapmasi 62 ms,dc1,rack-A,prod
ALM-01373,2026-09-10T02:15:23,Prometheus,ao-028-order,order-service,1,latency_high,"Yanit suresi p99 esigi asti, 72 ms",dc2,rack-B,prod
ALM-00641,2026-09-10T02:15:26,OBM,ao-027-order,order-service,3,latency_high,"Yanit suresi p99 esigi asti, 99 ms",dc1,rack-A,prod
ALM-00659,2026-09-10T02:15:27,SyslogNG,ao-028-order,order-service,3,timeout,billing-service servisine yapilan cagri zaman asimina ugradi (95 ms),dc2,rack-B,prod
ALM-00689,2026-09-10T02:15:27,Zabbix,ao-022-charging,charging-service,3,timeout,billing-service servisine yapilan cagri zaman asimina ugradi (70 ms),dc2,rack-B,prod
ALM-01464,2026-09-10T02:15:30,SyslogNG,ao-048-batch,batch-scheduler,1,ntp_drift,Saat sapmasi 46 ms,dc2,rack-A,prod
ALM-02843,2026-09-10T02:15:34,Prometheus,ao-045-dns,dns-resolver,4,latency_high,"Yanit suresi p99 esigi asti, 32 ms",dc1,rack-A,prod
ALM-01561,2026-09-10T02:15:39,AppDynamics,ao-002-api,api-gateway,1,disk_warn,"Disk kullanimi uyari seviyesinde, yuzde 72 dolu",dc2,rack-C,prod
ALM-02945,2026-09-10T02:15:39,OBM,ao-002-api,api-gateway,2,ntp_drift,Saat sapmasi 34 ms,dc2,rack-C,prod
ALM-00574,2026-09-10T02:15:40,Prometheus,ao-049-invoice,invoice-batch,5,http_5xx,"HTTP 5xx hata orani esigi asti, oran yuzde 77",dc1,rack-B,prod
ALM-00613,2026-09-10T02:15:40,SyslogNG,ao-025-payment,payment-service,3,latency_high,"Yanit suresi p99 esigi asti, 77 ms",dc1,rack-B,prod
ALM-00728,2026-09-10T02:15:40,Prometheus,ao-012-session,session-service,3,gc_pressure,"GC duraklama suresi 78 ms, esik asildi",dc2,rack-A,prod
ALM-00575,2026-09-10T02:15:42,Prometheus,ao-049-invoice,invoice-batch,4,http_5xx,"HTTP 5xx hata orani esigi asti, oran yuzde 76",dc1,rack-B,prod
ALM-00521,2026-09-10T02:15:45,SyslogNG,ao-019-billing,billing-service,4,txn_fail,"Islem basarisiz, hata orani yuzde 84",dc1,rack-B,prod
ALM-02663,2026-09-10T02:15:48,AppDynamics,ao-001-api,api-gateway,3,latency_high,"Yanit suresi p99 esigi asti, 64 ms",dc1,rack-B,prod
ALM-02733,2026-09-10T02:15:49,Zabbix,ao-037-cache,cache-cluster,3,cert_expiry,Sertifika 55 gun icinde suresi dolacak,dc1,rack-B,prod
ALM-00544,2026-09-10T02:15:52,OBM,ao-020-billing,billing-service,5,txn_fail,"Islem basarisiz, hata orani yuzde 98",dc2,rack-C,prod
ALM-00672,2026-09-10T02:15:54,AppDynamics,ao-021-charging,charging-service,4,latency_high,"Yanit suresi p99 esigi asti, 82 ms",dc1,rack-A,prod
ALM-00595,2026-09-10T02:15:56,SyslogNG,ao-024-payment,payment-service,4,txn_fail,"Islem basarisiz, hata orani yuzde 70",dc2,rack-A,prod
ALM-00746,2026-09-10T02:15:57,Zabbix,ao-013-session,session-service,3,gc_pressure,"GC duraklama suresi 78 ms, esik asildi",dc1,rack-B,prod
ALM-00764,2026-09-10T02:15:59,SyslogNG,ao-014-session,session-service,3,gc_pressure,"GC duraklama suresi 78 ms, esik asildi",dc2,rack-C,prod
ALM-01796,2026-09-10T02:16:02,SyslogNG,ao-048-batch,batch-scheduler,1,log_rotate,"Log rotasyonu beklenenden uzun surdu, 83 saniye",dc2,rack-A,prod
ALM-02245,2026-09-10T02:16:04,Zabbix,ao-034-billing,billing-db,1,network_flap,Arayuz ens192 link durumu 78 kez degisti,dc2,rack-B,prod
ALM-02871,2026-09-10T02:16:11,SyslogNG,ao-005-mobile,mobile-bff,1,cpu_high,CPU kullanimi yuzde 79,dc1,rack-C,prod
ALM-01792,2026-09-10T02:16:13,SyslogNG,ao-038-cache,cache-cluster,1,network_flap,Arayuz eth1 link durumu 70 kez degisti,dc2,rack-C,prod
ALM-00495,2026-09-10T02:16:16,Zabbix,ao-018-billing,billing-service,4,db_conn_pool,"Baglanti havuzu tukendi, bekleyen istek sayisi 79",dc2,rack-A,prod
ALM-00708,2026-09-10T02:16:16,Prometheus,ao-023-charging,charging-service,4,timeout,billing-service servisine yapilan cagri zaman asimina ugradi (75 ms),dc1,rack-C,prod
ALM-01496,2026-09-10T02:16:16,SyslogNG,ao-033-subscriber,subscriber-db,2,network_flap,Arayuz bond0 link durumu 84 kez degisti,dc1,rack-A,prod
ALM-02608,2026-09-10T02:16:19,Zabbix,ao-024-payment,payment-service,2,ntp_drift,Saat sapmasi 72 ms,dc2,rack-A,prod
ALM-00642,2026-09-10T02:16:20,OBM,ao-027-order,order-service,4,txn_fail,"Islem basarisiz, hata orani yuzde 85",dc1,rack-A,prod
ALM-00690,2026-09-10T02:16:20,Zabbix,ao-022-charging,charging-service,4,timeout,billing-service servisine yapilan cagri zaman asimina ugradi (97 ms),dc2,rack-B,prod
ALM-01479,2026-09-10T02:16:20,Prometheus,ao-033-subscriber,subscriber-db,2,disk_warn,"Disk kullanimi uyari seviyesinde, yuzde 31 dolu",dc1,rack-A,prod
ALM-00494,2026-09-10T02:16:21,Prometheus,ao-018-billing,billing-service,4,http_5xx,"HTTP 5xx hata orani esigi asti, oran yuzde 74",dc2,rack-A,prod
ALM-00625,2026-09-10T02:16:22,AppDynamics,ao-026-payment,payment-service,3,txn_fail,"Islem basarisiz, hata orani yuzde 72",dc2,rack-C,prod
ALM-00522,2026-09-10T02:16:25,SyslogNG,ao-019-billing,billing-service,4,http_5xx,"HTTP 5xx hata orani esigi asti, oran yuzde 82",dc1,rack-B,prod
ALM-01414,2026-09-10T02:16:25,AppDynamics,ao-037-cache,cache-cluster,1,cpu_high,CPU kullanimi yuzde 50,dc1,rack-B,prod
ALM-01670,2026-09-10T02:16:31,AppDynamics,ao-003-api,api-gateway,3,cpu_high,CPU kullanimi yuzde 66,dc1,rack-A,prod
ALM-00545,2026-09-10T02:16:37,Prometheus,ao-020-billing,billing-service,4,db_conn_pool,"Baglanti havuzu tukendi, bekleyen istek sayisi 92",dc2,rack-C,prod
ALM-01313,2026-09-10T02:16:37,Zabbix,ao-027-order,order-service,2,cpu_high,CPU kullanimi yuzde 81,dc1,rack-A,prod
ALM-00660,2026-09-10T02:16:38,Zabbix,ao-028-order,order-service,3,latency_high,"Yanit suresi p99 esigi asti, 83 ms",dc2,rack-B,prod
ALM-00626,2026-09-10T02:16:42,OBM,ao-026-payment,payment-service,4,txn_fail,"Islem basarisiz, hata orani yuzde 98",dc2,rack-C,prod
ALM-02792,2026-09-10T02:16:44,OBM,ao-051-report,report-batch,1,ntp_drift,Saat sapmasi 85 ms,dc1,rack-A,prod
ALM-00576,2026-09-10T02:16:46,AppDynamics,ao-049-invoice,invoice-batch,4,txn_fail,"Islem basarisiz, hata orani yuzde 86",dc1,rack-B,prod
ALM-02665,2026-09-10T02:16:48,OBM,ao-015-subscriber,subscriber-service,1,latency_high,"Yanit suresi p99 esigi asti, 55 ms",dc1,rack-A,prod
ALM-00596,2026-09-10T02:16:49,Prometheus,ao-024-payment,payment-service,4,latency_high,"Yanit suresi p99 esigi asti, 73 ms",dc2,rack-A,prod
ALM-00709,2026-09-10T02:16:49,SyslogNG,ao-023-charging,charging-service,4,txn_fail,"Islem basarisiz, hata orani yuzde 94",dc1,rack-C,prod
ALM-01347,2026-09-10T02:16:54,AppDynamics,ao-047-ntp,ntp-service,3,cert_expiry,Sertifika 48 gun icinde suresi dolacak,dc1,rack-C,prod
ALM-02916,2026-09-10T02:16:55,SyslogNG,ao-004-mobile,mobile-bff,2,latency_high,"Yanit suresi p99 esigi asti, 82 ms",dc2,rack-B,prod
ALM-01741,2026-09-10T02:16:58,OBM,ao-047-ntp,ntp-service,2,mem_high,Bellek kullanimi yuzde 37 seviyesinde,dc1,rack-C,prod
ALM-00673,2026-09-10T02:17:00,Prometheus,ao-021-charging,charging-service,3,timeout,billing-service servisine yapilan cagri zaman asimina ugradi (90 ms),dc1,rack-A,prod
ALM-01925,2026-09-10T02:17:01,OBM,ao-039-message,message-queue,2,latency_high,"Yanit suresi p99 esigi asti, 20 ms",dc1,rack-A,prod
ALM-02619,2026-09-10T02:17:08,Zabbix,ao-039-message,message-queue,1,mem_high,Bellek kullanimi yuzde 88 seviyesinde,dc1,rack-A,prod
ALM-00546,2026-09-10T02:17:09,Prometheus,ao-020-billing,billing-service,4,db_conn_pool,"Baglanti havuzu tukendi, bekleyen istek sayisi 75",dc2,rack-C,prod
ALM-00691,2026-09-10T02:17:09,Zabbix,ao-022-charging,charging-service,4,timeout,billing-service servisine yapilan cagri zaman asimina ugradi (81 ms),dc2,rack-B,prod
ALM-00614,2026-09-10T02:17:12,OBM,ao-025-payment,payment-service,4,latency_high,"Yanit suresi p99 esigi asti, 92 ms",dc1,rack-B,prod
ALM-00523,2026-09-10T02:17:17,Zabbix,ao-019-billing,billing-service,4,db_write_fail,"Veritabani yazma islemi basarisiz, tablespace genisletilemedi",dc1,rack-B,prod
ALM-00643,2026-09-10T02:17:17,AppDynamics,ao-027-order,order-service,4,txn_fail,"Islem basarisiz, hata orani yuzde 77",dc1,rack-A,prod
ALM-00710,2026-09-10T02:17:17,AppDynamics,ao-023-charging,charging-service,4,timeout,billing-service servisine yapilan cagri zaman asimina ugradi (90 ms),dc1,rack-C,prod
ALM-02498,2026-09-10T02:17:17,Zabbix,ao-039-message,message-queue,1,log_rotate,"Log rotasyonu beklenenden uzun surdu, 77 saniye",dc1,rack-A,prod
ALM-00674,2026-09-10T02:17:19,AppDynamics,ao-021-charging,charging-service,3,timeout,billing-service servisine yapilan cagri zaman asimina ugradi (94 ms),dc1,rack-A,prod
ALM-02401,2026-09-10T02:17:19,AppDynamics,ao-007-web,web-bff,1,log_rotate,"Log rotasyonu beklenenden uzun surdu, 54 saniye",dc1,rack-B,prod
ALM-02146,2026-09-10T02:17:20,AppDynamics,ao-021-charging,charging-service,1,latency_high,"Yanit suresi p99 esigi asti, 74 ms",dc1,rack-A,prod
ALM-00661,2026-09-10T02:17:21,OBM,ao-028-order,order-service,3,latency_high,"Yanit suresi p99 esigi asti, 85 ms",dc2,rack-B,prod
ALM-02345,2026-09-10T02:17:23,OBM,ao-035-billing,billing-db,2,cert_expiry,Sertifika 22 gun icinde suresi dolacak,dc1,rack-C,prod
ALM-00496,2026-09-10T02:17:25,SyslogNG,ao-018-billing,billing-service,4,http_5xx,"HTTP 5xx hata orani esigi asti, oran yuzde 81",dc2,rack-A,prod
ALM-01463,2026-09-10T02:17:27,OBM,ao-015-subscriber,subscriber-service,4,ntp_drift,Saat sapmasi 54 ms,dc1,rack-A,prod
ALM-02747,2026-09-10T02:17:28,AppDynamics,ao-046-dns,dns-resolver,2,ntp_drift,Saat sapmasi 57 ms,dc2,rack-B,prod
ALM-02686,2026-09-10T02:17:29,SyslogNG,ao-016-subscriber,subscriber-service,2,latency_high,"Yanit suresi p99 esigi asti, 83 ms",dc2,rack-B,prod
ALM-00577,2026-09-10T02:17:31,SyslogNG,ao-049-invoice,invoice-batch,5,http_5xx,"HTTP 5xx hata orani esigi asti, oran yuzde 74",dc1,rack-B,prod
ALM-00692,2026-09-10T02:17:33,Zabbix,ao-022-charging,charging-service,3,txn_fail,"Islem basarisiz, hata orani yuzde 89",dc2,rack-B,prod
ALM-01312,2026-09-10T02:17:33,OBM,ao-024-payment,payment-service,3,disk_warn,"Disk kullanimi uyari seviyesinde, yuzde 83 dolu",dc2,rack-A,prod
ALM-02026,2026-09-10T02:17:33,Prometheus,ao-005-mobile,mobile-bff,1,mem_high,Bellek kullanimi yuzde 72 seviyesinde,dc1,rack-C,prod
ALM-00524,2026-09-10T02:17:36,AppDynamics,ao-019-billing,billing-service,4,txn_fail,"Islem basarisiz, hata orani yuzde 74",dc1,rack-B,prod
ALM-02063,2026-09-10T02:17:37,OBM,ao-047-ntp,ntp-service,2,backup_warn,Yedekleme isi 26 dakika gecikmeli tamamlandi,dc1,rack-C,prod
ALM-01846,2026-09-10T02:17:38,OBM,ao-013-session,session-service,1,backup_warn,Yedekleme isi 88 dakika gecikmeli tamamlandi,dc1,rack-B,prod
ALM-01273,2026-09-10T02:17:40,Prometheus,ao-043-load,load-balancer,4,mem_high,Bellek kullanimi yuzde 40 seviyesinde,dc1,rack-B,prod
ALM-00547,2026-09-10T02:17:46,SyslogNG,ao-020-billing,billing-service,4,http_5xx,"HTTP 5xx hata orani esigi asti, oran yuzde 78",dc2,rack-C,prod
ALM-00615,2026-09-10T02:17:52,OBM,ao-025-payment,payment-service,4,latency_high,"Yanit suresi p99 esigi asti, 88 ms",dc1,rack-B,prod
ALM-02526,2026-09-10T02:17:53,SyslogNG,ao-021-charging,charging-service,2,cpu_high,CPU kullanimi yuzde 74,dc1,rack-A,prod
ALM-00497,2026-09-10T02:17:55,Zabbix,ao-018-billing,billing-service,4,http_5xx,"HTTP 5xx hata orani esigi asti, oran yuzde 73",dc2,rack-A,prod
ALM-02308,2026-09-10T02:17:55,SyslogNG,ao-051-report,report-batch,4,network_flap,Arayuz eth1 link durumu 47 kez degisti,dc1,rack-A,prod
ALM-01335,2026-09-10T02:17:57,AppDynamics,ao-041-object,object-store,1,cert_expiry,Sertifika 50 gun icinde suresi dolacak,dc1,rack-C,prod
ALM-00597,2026-09-10T02:17:59,Zabbix,ao-024-payment,payment-service,4,txn_fail,"Islem basarisiz, hata orani yuzde 75",dc2,rack-A,prod
ALM-02446,2026-09-10T02:18:03,Zabbix,ao-056-kyc,kyc-provider-gw,1,cpu_high,CPU kullanimi yuzde 39,dc2,rack-C,prod
ALM-00627,2026-09-10T02:18:07,Zabbix,ao-026-payment,payment-service,3,txn_fail,"Islem basarisiz, hata orani yuzde 70",dc2,rack-C,prod
ALM-00644,2026-09-10T02:18:08,OBM,ao-027-order,order-service,3,timeout,billing-service servisine yapilan cagri zaman asimina ugradi (88 ms),dc1,rack-A,prod
ALM-02350,2026-09-10T02:18:08,Zabbix,ao-004-mobile,mobile-bff,3,backup_warn,Yedekleme isi 44 dakika gecikmeli tamamlandi,dc2,rack-B,prod
ALM-00578,2026-09-10T02:18:09,Zabbix,ao-049-invoice,invoice-batch,4,txn_fail,"Islem basarisiz, hata orani yuzde 73",dc1,rack-B,prod
ALM-00598,2026-09-10T02:18:10,Zabbix,ao-024-payment,payment-service,3,timeout,billing-service servisine yapilan cagri zaman asimina ugradi (80 ms),dc2,rack-A,prod
ALM-01578,2026-09-10T02:18:11,Prometheus,ao-005-mobile,mobile-bff,1,network_flap,Arayuz eth0 link durumu 41 kez degisti,dc1,rack-C,prod
ALM-01271,2026-09-10T02:18:13,Zabbix,ao-033-subscriber,subscriber-db,2,network_flap,Arayuz eth0 link durumu 88 kez degisti,dc1,rack-A,prod
ALM-00525,2026-09-10T02:18:15,SyslogNG,ao-019-billing,billing-service,4,db_write_fail,"Veritabani yazma islemi basarisiz, tablespace genisletilemedi",dc1,rack-B,prod
ALM-00662,2026-09-10T02:18:16,Zabbix,ao-028-order,order-service,4,txn_fail,"Islem basarisiz, hata orani yuzde 83",dc2,rack-B,prod
ALM-02398,2026-09-10T02:18:20,OBM,ao-048-batch,batch-scheduler,4,network_flap,Arayuz ens192 link durumu 34 kez degisti,dc2,rack-A,prod
ALM-01687,2026-09-10T02:18:24,Prometheus,ao-037-cache,cache-cluster,1,network_flap,Arayuz eth0 link durumu 37 kez degisti,dc1,rack-B,prod
ALM-02191,2026-09-10T02:18:26,OBM,ao-022-charging,charging-service,3,mem_high,Bellek kullanimi yuzde 70 seviyesinde,dc2,rack-B,prod
ALM-01696,2026-09-10T02:18:28,AppDynamics,ao-030-notification,notification-service,1,disk_warn,"Disk kullanimi uyari seviyesinde, yuzde 26 dolu",dc2,rack-A,prod
ALM-02476,2026-09-10T02:18:30,AppDynamics,ao-016-subscriber,subscriber-service,1,network_flap,Arayuz eth0 link durumu 72 kez degisti,dc2,rack-B,prod
ALM-00711,2026-09-10T02:18:33,AppDynamics,ao-023-charging,charging-service,3,timeout,billing-service servisine yapilan cagri zaman asimina ugradi (84 ms),dc1,rack-C,prod
ALM-02224,2026-09-10T02:18:34,Prometheus,ao-053-payment,payment-provider-gw,2,network_flap,Arayuz eth1 link durumu 75 kez degisti,dc1,rack-C,prod
ALM-01802,2026-09-10T02:18:35,OBM,ao-022-charging,charging-service,1,disk_warn,"Disk kullanimi uyari seviyesinde, yuzde 77 dolu",dc2,rack-B,prod
ALM-02056,2026-09-10T02:18:35,Zabbix,ao-030-notification,notification-service,3,log_rotate,"Log rotasyonu beklenenden uzun surdu, 28 saniye",dc2,rack-A,prod
ALM-02185,2026-09-10T02:18:35,SyslogNG,ao-035-billing,billing-db,1,network_flap,Arayuz eth1 link durumu 54 kez degisti,dc1,rack-C,prod
ALM-00498,2026-09-10T02:18:36,SyslogNG,ao-018-billing,billing-service,4,db_conn_pool,"Baglanti havuzu tukendi, bekleyen istek sayisi 86",dc2,rack-A,prod
ALM-00616,2026-09-10T02:18:36,AppDynamics,ao-025-payment,payment-service,4,latency_high,"Yanit suresi p99 esigi asti, 87 ms",dc1,rack-B,prod
ALM-02269,2026-09-10T02:18:36,OBM,ao-040-message,message-queue,3,cpu_high,CPU kullanimi yuzde 27,dc2,rack-B,prod
ALM-01814,2026-09-10T02:18:40,OBM,ao-056-kyc,kyc-provider-gw,3,cpu_high,CPU kullanimi yuzde 76,dc2,rack-C,prod
ALM-00579,2026-09-10T02:18:41,SyslogNG,ao-049-invoice,invoice-batch,4,db_write_fail,"Veritabani yazma islemi basarisiz, tablespace genisletilemedi",dc1,rack-B,prod
ALM-00548,2026-09-10T02:18:44,OBM,ao-020-billing,billing-service,4,txn_fail,"Islem basarisiz, hata orani yuzde 78",dc2,rack-C,prod
ALM-01394,2026-09-10T02:18:44,SyslogNG,ao-045-dns,dns-resolver,2,ntp_drift,Saat sapmasi 36 ms,dc1,rack-A,prod
ALM-02459,2026-09-10T02:18:44,AppDynamics,ao-050-reconciliation,reconciliation-batch,2,cert_expiry,Sertifika 82 gun icinde suresi dolacak,dc2,rack-C,prod
ALM-00628,2026-09-10T02:18:47,Prometheus,ao-026-payment,payment-service,4,latency_high,"Yanit suresi p99 esigi asti, 92 ms",dc2,rack-C,prod
ALM-02369,2026-09-10T02:18:47,Prometheus,ao-025-payment,payment-service,2,mem_high,Bellek kullanimi yuzde 57 seviyesinde,dc1,rack-B,prod
ALM-02775,2026-09-10T02:18:47,Prometheus,ao-002-api,api-gateway,2,network_flap,Arayuz bond0 link durumu 68 kez degisti,dc2,rack-C,prod
ALM-00675,2026-09-10T02:18:49,Prometheus,ao-021-charging,charging-service,3,latency_high,"Yanit suresi p99 esigi asti, 74 ms",dc1,rack-A,prod
ALM-00693,2026-09-10T02:18:50,AppDynamics,ao-022-charging,charging-service,4,latency_high,"Yanit suresi p99 esigi asti, 73 ms",dc2,rack-B,prod
ALM-00645,2026-09-10T02:18:56,AppDynamics,ao-027-order,order-service,4,latency_high,"Yanit suresi p99 esigi asti, 76 ms",dc1,rack-A,prod
ALM-00526,2026-09-10T02:18:57,Zabbix,ao-019-billing,billing-service,4,txn_fail,"Islem basarisiz, hata orani yuzde 99",dc1,rack-B,prod
ALM-01859,2026-09-10T02:18:59,SyslogNG,ao-033-subscriber,subscriber-db,1,ntp_drift,Saat sapmasi 31 ms,dc1,rack-A,prod
ALM-01291,2026-09-10T02:19:00,AppDynamics,ao-005-mobile,mobile-bff,1,latency_high,"Yanit suresi p99 esigi asti, 25 ms",dc1,rack-C,prod
ALM-01375,2026-09-10T02:19:01,AppDynamics,ao-002-api,api-gateway,2,log_rotate,"Log rotasyonu beklenenden uzun surdu, 47 saniye",dc2,rack-C,prod
ALM-01239,2026-09-10T02:19:03,OBM,ao-052-payment,payment-provider-gw,2,network_flap,Arayuz bond0 link durumu 25 kez degisti,dc2,rack-B,prod
ALM-02232,2026-09-10T02:19:03,Prometheus,ao-013-session,session-service,3,mem_high,Bellek kullanimi yuzde 33 seviyesinde,dc1,rack-B,prod
ALM-00663,2026-09-10T02:19:05,OBM,ao-028-order,order-service,4,latency_high,"Yanit suresi p99 esigi asti, 71 ms",dc2,rack-B,prod
ALM-00580,2026-09-10T02:19:06,AppDynamics,ao-049-invoice,invoice-batch,5,txn_fail,"Islem basarisiz, hata orani yuzde 90",dc1,rack-B,prod
ALM-01711,2026-09-10T02:19:10,Prometheus,ao-038-cache,cache-cluster,2,latency_high,"Yanit suresi p99 esigi asti, 30 ms",dc2,rack-C,prod
ALM-02448,2026-09-10T02:19:15,Zabbix,ao-055-sms,sms-gateway,2,log_rotate,"Log rotasyonu beklenenden uzun surdu, 25 saniye",dc1,rack-B,prod
ALM-02467,2026-09-10T02:19:15,Zabbix,ao-037-cache,cache-cluster,1,disk_warn,"Disk kullanimi uyari seviyesinde, yuzde 36 dolu",dc1,rack-B,prod
ALM-00676,2026-09-10T02:19:20,Prometheus,ao-021-charging,charging-service,4,txn_fail,"Islem basarisiz, hata orani yuzde 96",dc1,rack-A,prod
ALM-02275,2026-09-10T02:19:20,Zabbix,ao-043-load,load-balancer,3,network_flap,Arayuz bond0 link durumu 80 kez degisti,dc1,rack-B,prod
ALM-01364,2026-09-10T02:19:21,Zabbix,ao-043-load,load-balancer,2,ntp_drift,Saat sapmasi 21 ms,dc1,rack-B,prod
ALM-00599,2026-09-10T02:19:22,Prometheus,ao-024-payment,payment-service,3,latency_high,"Yanit suresi p99 esigi asti, 89 ms",dc2,rack-A,prod
ALM-02368,2026-09-10T02:19:23,AppDynamics,ao-042-load,load-balancer,2,mem_high,Bellek kullanimi yuzde 46 seviyesinde,dc2,rack-A,prod
ALM-02121,2026-09-10T02:19:31,SyslogNG,ao-004-mobile,mobile-bff,3,log_rotate,"Log rotasyonu beklenenden uzun surdu, 42 saniye",dc2,rack-B,prod
ALM-02948,2026-09-10T02:19:32,AppDynamics,ao-049-invoice,invoice-batch,2,disk_warn,"Disk kullanimi uyari seviyesinde, yuzde 85 dolu",dc1,rack-B,prod
ALM-01641,2026-09-10T02:19:35,OBM,ao-035-billing,billing-db,2,disk_warn,"Disk kullanimi uyari seviyesinde, yuzde 24 dolu",dc1,rack-C,prod
ALM-02184,2026-09-10T02:19:37,AppDynamics,ao-024-payment,payment-service,1,latency_high,"Yanit suresi p99 esigi asti, 30 ms",dc2,rack-A,prod
ALM-02105,2026-09-10T02:19:43,SyslogNG,ao-031-subscriber,subscriber-db,2,cert_expiry,Sertifika 48 gun icinde suresi dolacak,dc1,rack-B,prod
ALM-00499,2026-09-10T02:19:44,Zabbix,ao-018-billing,billing-service,4,db_write_fail,"Veritabani yazma islemi basarisiz, tablespace genisletilemedi",dc2,rack-A,prod
ALM-02228,2026-09-10T02:19:44,Prometheus,ao-011-auth,auth-service,1,cpu_high,CPU kullanimi yuzde 57,dc1,rack-C,prod
ALM-00549,2026-09-10T02:19:48,OBM,ao-020-billing,billing-service,5,db_write_fail,"Veritabani yazma islemi basarisiz, tablespace genisletilemedi",dc2,rack-C,prod
ALM-00646,2026-09-10T02:19:48,Zabbix,ao-027-order,order-service,4,timeout,billing-service servisine yapilan cagri zaman asimina ugradi (93 ms),dc1,rack-A,prod
ALM-02525,2026-09-10T02:19:49,SyslogNG,ao-041-object,object-store,1,log_rotate,"Log rotasyonu beklenenden uzun surdu, 74 saniye",dc1,rack-C,prod
ALM-00712,2026-09-10T02:19:50,AppDynamics,ao-023-charging,charging-service,3,latency_high,"Yanit suresi p99 esigi asti, 74 ms",dc1,rack-C,prod
ALM-00617,2026-09-10T02:19:51,AppDynamics,ao-025-payment,payment-service,3,latency_high,"Yanit suresi p99 esigi asti, 83 ms",dc1,rack-B,prod
ALM-01888,2026-09-10T02:19:51,AppDynamics,ao-035-billing,billing-db,2,backup_warn,Yedekleme isi 53 dakika gecikmeli tamamlandi,dc1,rack-C,prod
ALM-00694,2026-09-10T02:19:57,SyslogNG,ao-022-charging,charging-service,4,latency_high,"Yanit suresi p99 esigi asti, 88 ms",dc2,rack-B,prod
ALM-00500,2026-09-10T02:19:58,AppDynamics,ao-018-billing,billing-service,4,db_conn_pool,"Baglanti havuzu tukendi, bekleyen istek sayisi 87",dc2,rack-A,prod
ALM-00581,2026-09-10T02:19:59,SyslogNG,ao-049-invoice,invoice-batch,4,txn_fail,"Islem basarisiz, hata orani yuzde 93",dc1,rack-B,prod
ALM-00629,2026-09-10T02:19:59,Prometheus,ao-026-payment,payment-service,3,timeout,billing-service servisine yapilan cagri zaman asimina ugradi (86 ms),dc2,rack-C,prod
ALM-00695,2026-09-10T02:20:00,Prometheus,ao-022-charging,charging-service,3,latency_high,"Yanit suresi p99 esigi asti, 83 ms",dc2,rack-B,prod
ALM-00630,2026-09-10T02:20:04,SyslogNG,ao-026-payment,payment-service,4,txn_fail,"Islem basarisiz, hata orani yuzde 89",dc2,rack-C,prod
ALM-02093,2026-09-10T02:20:04,OBM,ao-013-session,session-service,4,ntp_drift,Saat sapmasi 78 ms,dc1,rack-B,prod
ALM-02393,2026-09-10T02:20:06,OBM,ao-005-mobile,mobile-bff,2,latency_high,"Yanit suresi p99 esigi asti, 38 ms",dc1,rack-C,prod
ALM-02724,2026-09-10T02:20:08,OBM,ao-021-charging,charging-service,2,cpu_high,CPU kullanimi yuzde 27,dc1,rack-A,prod
ALM-01268,2026-09-10T02:20:09,Zabbix,ao-035-billing,billing-db,3,backup_warn,Yedekleme isi 24 dakika gecikmeli tamamlandi,dc1,rack-C,prod
ALM-00527,2026-09-10T02:20:13,Zabbix,ao-019-billing,billing-service,4,db_conn_pool,"Baglanti havuzu tukendi, bekleyen istek sayisi 94",dc1,rack-B,prod
ALM-01466,2026-09-10T02:20:14,Prometheus,ao-026-payment,payment-service,1,disk_warn,"Disk kullanimi uyari seviyesinde, yuzde 35 dolu",dc2,rack-C,prod
ALM-01710,2026-09-10T02:20:16,SyslogNG,ao-026-payment,payment-service,1,latency_high,"Yanit suresi p99 esigi asti, 27 ms",dc2,rack-C,prod
ALM-00551,2026-09-10T02:20:18,SyslogNG,ao-020-billing,billing-service,4,http_5xx,"HTTP 5xx hata orani esigi asti, oran yuzde 98",dc2,rack-C,prod
ALM-00664,2026-09-10T02:20:18,AppDynamics,ao-028-order,order-service,4,timeout,billing-service servisine yapilan cagri zaman asimina ugradi (82 ms),dc2,rack-B,prod
ALM-02021,2026-09-10T02:20:22,AppDynamics,ao-015-subscriber,subscriber-service,2,cpu_high,CPU kullanimi yuzde 21,dc1,rack-A,prod
ALM-02748,2026-09-10T02:20:22,Prometheus,ao-049-invoice,invoice-batch,3,cpu_high,CPU kullanimi yuzde 21,dc1,rack-B,prod
ALM-00647,2026-09-10T02:20:24,AppDynamics,ao-027-order,order-service,3,txn_fail,"Islem basarisiz, hata orani yuzde 82",dc1,rack-A,prod
ALM-00677,2026-09-10T02:20:24,OBM,ao-021-charging,charging-service,3,latency_high,"Yanit suresi p99 esigi asti, 89 ms",dc1,rack-A,prod
ALM-02270,2026-09-10T02:20:25,SyslogNG,ao-005-mobile,mobile-bff,2,backup_warn,Yedekleme isi 81 dakika gecikmeli tamamlandi,dc1,rack-C,prod
ALM-02481,2026-09-10T02:20:29,OBM,ao-014-session,session-service,3,cert_expiry,Sertifika 88 gun icinde suresi dolacak,dc2,rack-C,prod
ALM-00550,2026-09-10T02:20:30,Prometheus,ao-020-billing,billing-service,4,txn_fail,"Islem basarisiz, hata orani yuzde 96",dc2,rack-C,prod
ALM-00713,2026-09-10T02:20:32,SyslogNG,ao-023-charging,charging-service,3,timeout,billing-service servisine yapilan cagri zaman asimina ugradi (93 ms),dc1,rack-C,prod
ALM-01254,2026-09-10T02:20:34,SyslogNG,ao-055-sms,sms-gateway,2,ntp_drift,Saat sapmasi 88 ms,dc1,rack-B,prod
ALM-00600,2026-09-10T02:20:46,AppDynamics,ao-024-payment,payment-service,3,latency_high,"Yanit suresi p99 esigi asti, 78 ms",dc2,rack-A,prod
ALM-00747,2026-09-10T02:20:46,OBM,ao-013-session,session-service,3,gc_pressure,"GC duraklama suresi 80 ms, esik asildi",dc1,rack-B,prod
ALM-00765,2026-09-10T02:20:46,Prometheus,ao-014-session,session-service,3,gc_pressure,"GC duraklama suresi 80 ms, esik asildi",dc2,rack-C,prod
ALM-00729,2026-09-10T02:20:47,OBM,ao-012-session,session-service,3,gc_pressure,"GC duraklama suresi 80 ms, esik asildi",dc2,rack-A,prod
ALM-00618,2026-09-10T02:20:49,SyslogNG,ao-025-payment,payment-service,4,latency_high,"Yanit suresi p99 esigi asti, 77 ms",dc1,rack-B,prod
ALM-02223,2026-09-10T02:20:52,AppDynamics,ao-043-load,load-balancer,1,backup_warn,Yedekleme isi 66 dakika gecikmeli tamamlandi,dc1,rack-B,prod
ALM-02938,2026-09-10T02:20:55,Prometheus,ao-004-mobile,mobile-bff,4,backup_warn,Yedekleme isi 75 dakika gecikmeli tamamlandi,dc2,rack-B,prod
ALM-02473,2026-09-10T02:20:56,SyslogNG,ao-040-message,message-queue,2,mem_high,Bellek kullanimi yuzde 71 seviyesinde,dc2,rack-B,prod
ALM-01602,2026-09-10T02:20:59,Zabbix,ao-045-dns,dns-resolver,1,network_flap,Arayuz ens192 link durumu 54 kez degisti,dc1,rack-A,prod
ALM-00678,2026-09-10T02:21:01,Zabbix,ao-021-charging,charging-service,4,latency_high,"Yanit suresi p99 esigi asti, 77 ms",dc1,rack-A,prod
ALM-02207,2026-09-10T02:21:01,Zabbix,ao-040-message,message-queue,2,backup_warn,Yedekleme isi 49 dakika gecikmeli tamamlandi,dc2,rack-B,prod
ALM-00501,2026-09-10T02:21:04,Zabbix,ao-018-billing,billing-service,4,txn_fail,"Islem basarisiz, hata orani yuzde 87",dc2,rack-A,prod
ALM-00552,2026-09-10T02:21:04,OBM,ao-020-billing,billing-service,4,db_write_fail,"Veritabani yazma islemi basarisiz, tablespace genisletilemedi",dc2,rack-C,prod
ALM-02010,2026-09-10T02:21:04,AppDynamics,ao-041-object,object-store,1,mem_high,Bellek kullanimi yuzde 60 seviyesinde,dc1,rack-C,prod
ALM-01815,2026-09-10T02:21:10,Prometheus,ao-010-auth,auth-service,2,cert_expiry,Sertifika 58 gun icinde suresi dolacak,dc2,rack-B,prod
ALM-00583,2026-09-10T02:21:11,Zabbix,ao-049-invoice,invoice-batch,4,db_write_fail,"Veritabani yazma islemi basarisiz, tablespace genisletilemedi",dc1,rack-B,prod
ALM-00582,2026-09-10T02:21:12,Prometheus,ao-049-invoice,invoice-batch,5,db_write_fail,"Veritabani yazma islemi basarisiz, tablespace genisletilemedi",dc1,rack-B,prod
ALM-02997,2026-09-10T02:21:13,Zabbix,ao-054-payment,payment-provider-gw,3,mem_high,Bellek kullanimi yuzde 37 seviyesinde,dc2,rack-A,prod
ALM-00648,2026-09-10T02:21:14,AppDynamics,ao-027-order,order-service,4,latency_high,"Yanit suresi p99 esigi asti, 83 ms",dc1,rack-A,prod
ALM-00528,2026-09-10T02:21:15,OBM,ao-019-billing,billing-service,4,http_5xx,"HTTP 5xx hata orani esigi asti, oran yuzde 98",dc1,rack-B,prod
ALM-00601,2026-09-10T02:21:15,Prometheus,ao-024-payment,payment-service,4,timeout,billing-service servisine yapilan cagri zaman asimina ugradi (99 ms),dc2,rack-A,prod
ALM-01396,2026-09-10T02:21:19,SyslogNG,ao-053-payment,payment-provider-gw,2,cert_expiry,Sertifika 40 gun icinde suresi dolacak,dc1,rack-C,prod
ALM-00665,2026-09-10T02:21:21,Zabbix,ao-028-order,order-service,3,timeout,billing-service servisine yapilan cagri zaman asimina ugradi (78 ms),dc2,rack-B,prod
ALM-02162,2026-09-10T02:21:23,SyslogNG,ao-031-subscriber,subscriber-db,1,disk_warn,"Disk kullanimi uyari seviyesinde, yuzde 26 dolu",dc1,rack-B,prod
ALM-00502,2026-09-10T02:21:25,Prometheus,ao-018-billing,billing-service,5,db_conn_pool,"Baglanti havuzu tukendi, bekleyen istek sayisi 70",dc2,rack-A,prod
ALM-00529,2026-09-10T02:21:26,SyslogNG,ao-019-billing,billing-service,5,http_5xx,"HTTP 5xx hata orani esigi asti, oran yuzde 85",dc1,rack-B,prod
ALM-00631,2026-09-10T02:21:26,AppDynamics,ao-026-payment,payment-service,4,latency_high,"Yanit suresi p99 esigi asti, 84 ms",dc2,rack-C,prod
ALM-02536,2026-09-10T02:21:29,Prometheus,ao-031-subscriber,subscriber-db,3,ntp_drift,Saat sapmasi 32 ms,dc1,rack-B,prod
ALM-02585,2026-09-10T02:21:33,SyslogNG,ao-045-dns,dns-resolver,3,log_rotate,"Log rotasyonu beklenenden uzun surdu, 27 saniye",dc1,rack-A,prod
ALM-02439,2026-09-10T02:21:39,Prometheus,ao-018-billing,billing-service,2,latency_high,"Yanit suresi p99 esigi asti, 52 ms",dc2,rack-A,prod
ALM-00649,2026-09-10T02:21:43,OBM,ao-027-order,order-service,3,timeout,billing-service servisine yapilan cagri zaman asimina ugradi (71 ms),dc1,rack-A,prod
ALM-00714,2026-09-10T02:21:45,OBM,ao-023-charging,charging-service,3,latency_high,"Yanit suresi p99 esigi asti, 77 ms",dc1,rack-C,prod
ALM-00696,2026-09-10T02:21:47,Zabbix,ao-022-charging,charging-service,4,latency_high,"Yanit suresi p99 esigi asti, 89 ms",dc2,rack-B,prod
ALM-02746,2026-09-10T02:21:47,OBM,ao-042-load,load-balancer,2,log_rotate,"Log rotasyonu beklenenden uzun surdu, 65 saniye",dc2,rack-A,prod
ALM-01817,2026-09-10T02:21:50,SyslogNG,ao-048-batch,batch-scheduler,1,network_flap,Arayuz eth1 link durumu 49 kez degisti,dc2,rack-A,prod
ALM-02968,2026-09-10T02:21:50,AppDynamics,ao-043-load,load-balancer,2,ntp_drift,Saat sapmasi 52 ms,dc1,rack-B,prod
ALM-00503,2026-09-10T02:22:01,Zabbix,ao-018-billing,billing-service,4,db_conn_pool,"Baglanti havuzu tukendi, bekleyen istek sayisi 78",dc2,rack-A,prod
ALM-01938,2026-09-10T02:22:06,Prometheus,ao-014-session,session-service,2,cert_expiry,Sertifika 87 gun icinde suresi dolacak,dc2,rack-C,prod
ALM-00697,2026-09-10T02:22:09,Prometheus,ao-022-charging,charging-service,4,timeout,billing-service servisine yapilan cagri zaman asimina ugradi (91 ms),dc2,rack-B,prod
ALM-00553,2026-09-10T02:22:13,OBM,ao-020-billing,billing-service,4,db_conn_pool,"Baglanti havuzu tukendi, bekleyen istek sayisi 94",dc2,rack-C,prod
ALM-00584,2026-09-10T02:22:13,AppDynamics,ao-049-invoice,invoice-batch,5,txn_fail,"Islem basarisiz, hata orani yuzde 96",dc1,rack-B,prod
ALM-02833,2026-09-10T02:22:14,SyslogNG,ao-001-api,api-gateway,1,ntp_drift,Saat sapmasi 62 ms,dc1,rack-B,prod
ALM-02987,2026-09-10T02:22:20,OBM,ao-022-charging,charging-service,2,mem_high,Bellek kullanimi yuzde 55 seviyesinde,dc2,rack-B,prod
ALM-02974,2026-09-10T02:22:25,Zabbix,ao-025-payment,payment-service,1,ntp_drift,Saat sapmasi 31 ms,dc1,rack-B,prod
ALM-00602,2026-09-10T02:22:26,SyslogNG,ao-024-payment,payment-service,3,latency_high,"Yanit suresi p99 esigi asti, 98 ms",dc2,rack-A,prod
ALM-00554,2026-09-10T02:22:29,OBM,ao-020-billing,billing-service,4,txn_fail,"Islem basarisiz, hata orani yuzde 70",dc2,rack-C,prod
ALM-01715,2026-09-10T02:22:31,OBM,ao-021-charging,charging-service,1,mem_high,Bellek kullanimi yuzde 37 seviyesinde,dc1,rack-A,prod
ALM-00715,2026-09-10T02:22:32,AppDynamics,ao-023-charging,charging-service,4,timeout,billing-service servisine yapilan cagri zaman asimina ugradi (72 ms),dc1,rack-C,prod
ALM-01864,2026-09-10T02:22:32,Prometheus,ao-003-api,api-gateway,4,disk_warn,"Disk kullanimi uyari seviyesinde, yuzde 64 dolu",dc1,rack-A,prod
ALM-00632,2026-09-10T02:22:33,SyslogNG,ao-026-payment,payment-service,3,txn_fail,"Islem basarisiz, hata orani yuzde 83",dc2,rack-C,prod
ALM-00530,2026-09-10T02:22:34,Prometheus,ao-019-billing,billing-service,4,db_write_fail,"Veritabani yazma islemi basarisiz, tablespace genisletilemedi",dc1,rack-B,prod
ALM-01977,2026-09-10T02:22:36,OBM,ao-038-cache,cache-cluster,2,cert_expiry,Sertifika 60 gun icinde suresi dolacak,dc2,rack-C,prod
ALM-00585,2026-09-10T02:22:37,Zabbix,ao-049-invoice,invoice-batch,4,db_conn_pool,"Baglanti havuzu tukendi, bekleyen istek sayisi 92",dc1,rack-B,prod
ALM-00679,2026-09-10T02:22:37,Zabbix,ao-021-charging,charging-service,3,latency_high,"Yanit suresi p99 esigi asti, 92 ms",dc1,rack-A,prod
ALM-01692,2026-09-10T02:22:38,SyslogNG,ao-051-report,report-batch,3,latency_high,"Yanit suresi p99 esigi asti, 37 ms",dc1,rack-A,prod
ALM-02406,2026-09-10T02:22:38,AppDynamics,ao-049-invoice,invoice-batch,3,log_rotate,"Log rotasyonu beklenenden uzun surdu, 59 saniye",dc1,rack-B,prod
ALM-01874,2026-09-10T02:22:41,Zabbix,ao-011-auth,auth-service,3,mem_high,Bellek kullanimi yuzde 43 seviyesinde,dc1,rack-C,prod
ALM-00531,2026-09-10T02:22:43,Zabbix,ao-019-billing,billing-service,4,http_5xx,"HTTP 5xx hata orani esigi asti, oran yuzde 75",dc1,rack-B,prod
ALM-01325,2026-09-10T02:22:47,AppDynamics,ao-043-load,load-balancer,1,log_rotate,"Log rotasyonu beklenenden uzun surdu, 31 saniye",dc1,rack-B,prod
ALM-02304,2026-09-10T02:22:47,AppDynamics,ao-007-web,web-bff,1,disk_warn,"Disk kullanimi uyari seviyesinde, yuzde 71 dolu",dc1,rack-B,prod
ALM-00633,2026-09-10T02:22:48,OBM,ao-026-payment,payment-service,3,timeout,billing-service servisine yapilan cagri zaman asimina ugradi (95 ms),dc2,rack-C,prod
ALM-02341,2026-09-10T02:22:51,OBM,ao-004-mobile,mobile-bff,3,log_rotate,"Log rotasyonu beklenenden uzun surdu, 55 saniye",dc2,rack-B,prod
ALM-00504,2026-09-10T02:23:00,AppDynamics,ao-018-billing,billing-service,4,txn_fail,"Islem basarisiz, hata orani yuzde 97",dc2,rack-A,prod
ALM-02316,2026-09-10T02:23:00,SyslogNG,ao-027-order,order-service,1,network_flap,Arayuz eth1 link durumu 53 kez degisti,dc1,rack-A,prod
ALM-02402,2026-09-10T02:23:09,OBM,ao-033-subscriber,subscriber-db,1,cpu_high,CPU kullanimi yuzde 53,dc1,rack-A,prod
ALM-00698,2026-09-10T02:23:18,Prometheus,ao-022-charging,charging-service,3,txn_fail,"Islem basarisiz, hata orani yuzde 90",dc2,rack-B,prod
ALM-02578,2026-09-10T02:23:19,SyslogNG,ao-030-notification,notification-service,1,ntp_drift,Saat sapmasi 44 ms,dc2,rack-A,prod
ALM-00716,2026-09-10T02:23:20,OBM,ao-023-charging,charging-service,3,latency_high,"Yanit suresi p99 esigi asti, 86 ms",dc1,rack-C,prod
ALM-00555,2026-09-10T02:23:25,Prometheus,ao-020-billing,billing-service,4,db_write_fail,"Veritabani yazma islemi basarisiz, tablespace genisletilemedi",dc2,rack-C,prod
ALM-00603,2026-09-10T02:23:26,OBM,ao-024-payment,payment-service,4,latency_high,"Yanit suresi p99 esigi asti, 77 ms",dc2,rack-A,prod
ALM-00680,2026-09-10T02:23:31,OBM,ao-021-charging,charging-service,3,latency_high,"Yanit suresi p99 esigi asti, 98 ms",dc1,rack-A,prod
ALM-02886,2026-09-10T02:23:33,AppDynamics,ao-050-reconciliation,reconciliation-batch,2,latency_high,"Yanit suresi p99 esigi asti, 85 ms",dc2,rack-C,prod
ALM-00681,2026-09-10T02:23:34,OBM,ao-021-charging,charging-service,3,timeout,billing-service servisine yapilan cagri zaman asimina ugradi (75 ms),dc1,rack-A,prod
ALM-00650,2026-09-10T02:23:35,AppDynamics,ao-027-order,order-service,4,txn_fail,"Islem basarisiz, hata orani yuzde 79",dc1,rack-A,prod
ALM-02823,2026-09-10T02:23:36,Prometheus,ao-042-load,load-balancer,2,log_rotate,"Log rotasyonu beklenenden uzun surdu, 50 saniye",dc2,rack-A,prod
ALM-00699,2026-09-10T02:23:38,AppDynamics,ao-022-charging,charging-service,3,timeout,billing-service servisine yapilan cagri zaman asimina ugradi (76 ms),dc2,rack-B,prod
ALM-01648,2026-09-10T02:23:42,AppDynamics,ao-012-session,session-service,2,latency_high,"Yanit suresi p99 esigi asti, 81 ms",dc2,rack-A,prod
ALM-02411,2026-09-10T02:23:42,Zabbix,ao-017-subscriber,subscriber-service,2,mem_high,Bellek kullanimi yuzde 60 seviyesinde,dc1,rack-C,prod
ALM-00604,2026-09-10T02:23:46,OBM,ao-024-payment,payment-service,3,latency_high,"Yanit suresi p99 esigi asti, 85 ms",dc2,rack-A,prod
ALM-00634,2026-09-10T02:23:49,OBM,ao-026-payment,payment-service,3,timeout,billing-service servisine yapilan cagri zaman asimina ugradi (99 ms),dc2,rack-C,prod
ALM-00717,2026-09-10T02:23:52,OBM,ao-023-charging,charging-service,3,latency_high,"Yanit suresi p99 esigi asti, 84 ms",dc1,rack-C,prod
ALM-00505,2026-09-10T02:23:54,SyslogNG,ao-018-billing,billing-service,5,txn_fail,"Islem basarisiz, hata orani yuzde 77",dc2,rack-A,prod
ALM-00651,2026-09-10T02:23:54,AppDynamics,ao-027-order,order-service,4,txn_fail,"Islem basarisiz, hata orani yuzde 97",dc1,rack-A,prod
ALM-00586,2026-09-10T02:23:55,SyslogNG,ao-049-invoice,invoice-batch,5,http_5xx,"HTTP 5xx hata orani esigi asti, oran yuzde 76",dc1,rack-B,prod
ALM-02464,2026-09-10T02:23:57,SyslogNG,ao-029-catalog,catalog-service,2,latency_high,"Yanit suresi p99 esigi asti, 56 ms",dc1,rack-C,prod
ALM-02816,2026-09-10T02:24:00,OBM,ao-036-billing,billing-db,1,mem_high,Bellek kullanimi yuzde 87 seviyesinde,dc2,rack-A,prod
ALM-02250,2026-09-10T02:24:05,AppDynamics,ao-005-mobile,mobile-bff,3,cert_expiry,Sertifika 59 gun icinde suresi dolacak,dc1,rack-C,prod
ALM-02264,2026-09-10T02:24:10,Zabbix,ao-029-catalog,catalog-service,1,log_rotate,"Log rotasyonu beklenenden uzun surdu, 54 saniye",dc1,rack-C,prod
ALM-02723,2026-09-10T02:24:12,Zabbix,ao-007-web,web-bff,1,mem_high,Bellek kullanimi yuzde 71 seviyesinde,dc1,rack-B,prod
ALM-00556,2026-09-10T02:24:13,AppDynamics,ao-020-billing,billing-service,4,txn_fail,"Islem basarisiz, hata orani yuzde 76",dc2,rack-C,prod
ALM-02732,2026-09-10T02:24:14,Zabbix,ao-009-auth,auth-service,3,latency_high,"Yanit suresi p99 esigi asti, 49 ms",dc1,rack-A,prod
ALM-02186,2026-09-10T02:24:24,OBM,ao-051-report,report-batch,1,cpu_high,CPU kullanimi yuzde 58,dc1,rack-A,prod
ALM-02883,2026-09-10T02:24:25,Prometheus,ao-038-cache,cache-cluster,1,backup_warn,Yedekleme isi 36 dakika gecikmeli tamamlandi,dc2,rack-C,prod
ALM-02333,2026-09-10T02:24:30,OBM,ao-044-load,load-balancer,2,ntp_drift,Saat sapmasi 25 ms,dc2,rack-C,prod
ALM-00700,2026-09-10T02:24:33,OBM,ao-022-charging,charging-service,4,latency_high,"Yanit suresi p99 esigi asti, 83 ms",dc2,rack-B,prod
ALM-00652,2026-09-10T02:24:34,Zabbix,ao-027-order,order-service,4,latency_high,"Yanit suresi p99 esigi asti, 76 ms",dc1,rack-A,prod
ALM-00557,2026-09-10T02:24:35,Zabbix,ao-020-billing,billing-service,5,db_write_fail,"Veritabani yazma islemi basarisiz, tablespace genisletilemedi",dc2,rack-C,prod
ALM-00748,2026-09-10T02:24:36,Zabbix,ao-013-session,session-service,4,gc_pressure,"GC duraklama suresi 82 ms, esik asildi",dc1,rack-B,prod
ALM-01735,2026-09-10T02:24:36,AppDynamics,ao-015-subscriber,subscriber-service,1,log_rotate,"Log rotasyonu beklenenden uzun surdu, 60 saniye",dc1,rack-A,prod
ALM-00587,2026-09-10T02:24:40,OBM,ao-049-invoice,invoice-batch,4,db_write_fail,"Veritabani yazma islemi basarisiz, tablespace genisletilemedi",dc1,rack-B,prod
ALM-01370,2026-09-10T02:24:41,Zabbix,ao-036-billing,billing-db,3,backup_warn,Yedekleme isi 25 dakika gecikmeli tamamlandi,dc2,rack-A,prod
ALM-00506,2026-09-10T02:24:45,OBM,ao-018-billing,billing-service,4,db_conn_pool,"Baglanti havuzu tukendi, bekleyen istek sayisi 71",dc2,rack-A,prod
ALM-02575,2026-09-10T02:24:45,Zabbix,ao-052-payment,payment-provider-gw,1,latency_high,"Yanit suresi p99 esigi asti, 45 ms",dc2,rack-B,prod
ALM-01952,2026-09-10T02:24:49,Prometheus,ao-026-payment,payment-service,2,mem_high,Bellek kullanimi yuzde 25 seviyesinde,dc2,rack-C,prod
ALM-01705,2026-09-10T02:24:51,OBM,ao-029-catalog,catalog-service,2,mem_high,Bellek kullanimi yuzde 60 seviyesinde,dc1,rack-C,prod
ALM-00718,2026-09-10T02:24:55,SyslogNG,ao-023-charging,charging-service,3,txn_fail,"Islem basarisiz, hata orani yuzde 97",dc1,rack-C,prod
ALM-02247,2026-09-10T02:24:55,Prometheus,ao-020-billing,billing-service,2,mem_high,Bellek kullanimi yuzde 38 seviyesinde,dc2,rack-C,prod
ALM-00766,2026-09-10T02:25:00,OBM,ao-014-session,session-service,4,gc_pressure,"GC duraklama suresi 82 ms, esik asildi",dc2,rack-C,prod
ALM-02124,2026-09-10T02:25:02,SyslogNG,ao-034-billing,billing-db,1,disk_warn,"Disk kullanimi uyari seviyesinde, yuzde 36 dolu",dc2,rack-B,prod
ALM-00507,2026-09-10T02:25:05,Prometheus,ao-018-billing,billing-service,4,db_conn_pool,"Baglanti havuzu tukendi, bekleyen istek sayisi 73",dc2,rack-A,prod
ALM-02110,2026-09-10T02:25:06,AppDynamics,ao-006-mobile,mobile-bff,1,cpu_high,CPU kullanimi yuzde 75,dc2,rack-A,prod
ALM-02335,2026-09-10T02:25:08,SyslogNG,ao-056-kyc,kyc-provider-gw,3,disk_warn,"Disk kullanimi uyari seviyesinde, yuzde 50 dolu",dc2,rack-C,prod
ALM-00605,2026-09-10T02:25:09,Zabbix,ao-024-payment,payment-service,3,latency_high,"Yanit suresi p99 esigi asti, 91 ms",dc2,rack-A,prod
ALM-00682,2026-09-10T02:25:14,Zabbix,ao-021-charging,charging-service,4,txn_fail,"Islem basarisiz, hata orani yuzde 95",dc1,rack-A,prod
ALM-00508,2026-09-10T02:25:15,SyslogNG,ao-018-billing,billing-service,4,db_write_fail,"Veritabani yazma islemi basarisiz, tablespace genisletilemedi",dc2,rack-A,prod
ALM-01745,2026-09-10T02:25:17,OBM,ao-041-object,object-store,3,mem_high,Bellek kullanimi yuzde 32 seviyesinde,dc1,rack-C,prod
ALM-00588,2026-09-10T02:25:19,OBM,ao-049-invoice,invoice-batch,5,http_5xx,"HTTP 5xx hata orani esigi asti, oran yuzde 76",dc1,rack-B,prod
ALM-00730,2026-09-10T02:25:19,Prometheus,ao-012-session,session-service,4,gc_pressure,"GC duraklama suresi 82 ms, esik asildi",dc2,rack-A,prod
ALM-00635,2026-09-10T02:25:20,Zabbix,ao-026-payment,payment-service,4,latency_high,"Yanit suresi p99 esigi asti, 78 ms",dc2,rack-C,prod
ALM-01801,2026-09-10T02:25:26,OBM,ao-005-mobile,mobile-bff,3,network_flap,Arayuz eth1 link durumu 35 kez degisti,dc1,rack-C,prod
ALM-02339,2026-09-10T02:25:27,AppDynamics,ao-056-kyc,kyc-provider-gw,2,latency_high,"Yanit suresi p99 esigi asti, 88 ms",dc2,rack-C,prod
ALM-01682,2026-09-10T02:25:30,Zabbix,ao-009-auth,auth-service,4,ntp_drift,Saat sapmasi 35 ms,dc1,rack-A,prod
ALM-01566,2026-09-10T02:25:32,Prometheus,ao-040-message,message-queue,2,backup_warn,Yedekleme isi 45 dakika gecikmeli tamamlandi,dc2,rack-B,prod
ALM-02408,2026-09-10T02:25:32,Prometheus,ao-040-message,message-queue,3,ntp_drift,Saat sapmasi 67 ms,dc2,rack-B,prod
ALM-02780,2026-09-10T02:25:34,OBM,ao-039-message,message-queue,1,backup_warn,Yedekleme isi 77 dakika gecikmeli tamamlandi,dc1,rack-A,prod
ALM-01653,2026-09-10T02:25:35,Prometheus,ao-022-charging,charging-service,2,disk_warn,"Disk kullanimi uyari seviyesinde, yuzde 72 dolu",dc2,rack-B,prod
ALM-00606,2026-09-10T02:25:39,AppDynamics,ao-024-payment,payment-service,3,timeout,billing-service servisine yapilan cagri zaman asimina ugradi (71 ms),dc2,rack-A,prod
ALM-01935,2026-09-10T02:25:39,SyslogNG,ao-002-api,api-gateway,2,mem_high,Bellek kullanimi yuzde 73 seviyesinde,dc2,rack-C,prod
ALM-02099,2026-09-10T02:25:40,AppDynamics,ao-015-subscriber,subscriber-service,4,log_rotate,"Log rotasyonu beklenenden uzun surdu, 34 saniye",dc1,rack-A,prod
ALM-02985,2026-09-10T02:25:42,AppDynamics,ao-004-mobile,mobile-bff,2,ntp_drift,Saat sapmasi 31 ms,dc2,rack-B,prod
ALM-02491,2026-09-10T02:25:44,SyslogNG,ao-011-auth,auth-service,3,disk_warn,"Disk kullanimi uyari seviyesinde, yuzde 42 dolu",dc1,rack-C,prod
ALM-01539,2026-09-10T02:25:49,Zabbix,ao-055-sms,sms-gateway,2,disk_warn,"Disk kullanimi uyari seviyesinde, yuzde 58 dolu",dc1,rack-B,prod
ALM-02857,2026-09-10T02:25:51,OBM,ao-012-session,session-service,2,network_flap,Arayuz eth1 link durumu 76 kez degisti,dc2,rack-A,prod
ALM-02366,2026-09-10T02:25:57,OBM,ao-030-notification,notification-service,4,latency_high,"Yanit suresi p99 esigi asti, 30 ms",dc2,rack-A,prod
ALM-00558,2026-09-10T02:26:00,Zabbix,ao-020-billing,billing-service,5,txn_fail,"Islem basarisiz, hata orani yuzde 79",dc2,rack-C,prod
ALM-02737,2026-09-10T02:26:01,Prometheus,ao-004-mobile,mobile-bff,2,ntp_drift,Saat sapmasi 23 ms,dc2,rack-B,prod
ALM-00701,2026-09-10T02:26:03,Prometheus,ao-022-charging,charging-service,3,timeout,billing-service servisine yapilan cagri zaman asimina ugradi (87 ms),dc2,rack-B,prod
ALM-01883,2026-09-10T02:26:04,Zabbix,ao-043-load,load-balancer,3,log_rotate,"Log rotasyonu beklenenden uzun surdu, 86 saniye",dc1,rack-B,prod
ALM-02265,2026-09-10T02:26:05,Prometheus,ao-001-api,api-gateway,3,ntp_drift,Saat sapmasi 72 ms,dc1,rack-B,prod
ALM-00683,2026-09-10T02:26:08,Zabbix,ao-021-charging,charging-service,4,timeout,billing-service servisine yapilan cagri zaman asimina ugradi (80 ms),dc1,rack-A,prod
ALM-02771,2026-09-10T02:26:09,Zabbix,ao-031-subscriber,subscriber-db,3,backup_warn,Yedekleme isi 32 dakika gecikmeli tamamlandi,dc1,rack-B,prod
ALM-00559,2026-09-10T02:26:12,Prometheus,ao-020-billing,billing-service,4,db_write_fail,"Veritabani yazma islemi basarisiz, tablespace genisletilemedi",dc2,rack-C,prod
ALM-02744,2026-09-10T02:26:13,AppDynamics,ao-004-mobile,mobile-bff,1,cert_expiry,Sertifika 35 gun icinde suresi dolacak,dc2,rack-B,prod
ALM-01367,2026-09-10T02:26:19,Prometheus,ao-013-session,session-service,3,latency_high,"Yanit suresi p99 esigi asti, 40 ms",dc1,rack-B,prod
ALM-02436,2026-09-10T02:26:29,Zabbix,ao-022-charging,charging-service,1,disk_warn,"Disk kullanimi uyari seviyesinde, yuzde 25 dolu",dc2,rack-B,prod
ALM-02391,2026-09-10T02:26:34,OBM,ao-021-charging,charging-service,2,cert_expiry,Sertifika 85 gun icinde suresi dolacak,dc1,rack-A,prod
ALM-00560,2026-09-10T02:26:36,AppDynamics,ao-020-billing,billing-service,5,http_5xx,"HTTP 5xx hata orani esigi asti, oran yuzde 97",dc2,rack-C,prod
ALM-02457,2026-09-10T02:26:36,Zabbix,ao-005-mobile,mobile-bff,1,ntp_drift,Saat sapmasi 64 ms,dc1,rack-C,prod
ALM-02523,2026-09-10T02:26:37,SyslogNG,ao-027-order,order-service,1,disk_warn,"Disk kullanimi uyari seviyesinde, yuzde 38 dolu",dc1,rack-A,prod
ALM-02432,2026-09-10T02:26:39,AppDynamics,ao-045-dns,dns-resolver,1,latency_high,"Yanit suresi p99 esigi asti, 69 ms",dc1,rack-A,prod
ALM-02606,2026-09-10T02:26:43,AppDynamics,ao-015-subscriber,subscriber-service,3,cert_expiry,Sertifika 46 gun icinde suresi dolacak,dc1,rack-A,prod
ALM-01298,2026-09-10T02:26:44,Prometheus,ao-051-report,report-batch,3,mem_high,Bellek kullanimi yuzde 23 seviyesinde,dc1,rack-A,prod
ALM-01945,2026-09-10T02:26:46,Prometheus,ao-050-reconciliation,reconciliation-batch,2,mem_high,Bellek kullanimi yuzde 27 seviyesinde,dc2,rack-C,prod
ALM-02415,2026-09-10T02:26:46,AppDynamics,ao-045-dns,dns-resolver,2,cpu_high,CPU kullanimi yuzde 63,dc1,rack-A,prod
ALM-01900,2026-09-10T02:26:50,Zabbix,ao-017-subscriber,subscriber-service,3,log_rotate,"Log rotasyonu beklenenden uzun surdu, 50 saniye",dc1,rack-C,prod
ALM-02965,2026-09-10T02:26:59,SyslogNG,ao-007-web,web-bff,2,log_rotate,"Log rotasyonu beklenenden uzun surdu, 49 saniye",dc1,rack-B,prod
ALM-01266,2026-09-10T02:27:04,AppDynamics,ao-032-subscriber,subscriber-db,2,latency_high,"Yanit suresi p99 esigi asti, 86 ms",dc2,rack-C,prod
ALM-01404,2026-09-10T02:27:08,AppDynamics,ao-006-mobile,mobile-bff,2,network_flap,Arayuz ens192 link durumu 52 kez degisti,dc2,rack-A,prod
ALM-01959,2026-09-10T02:27:11,OBM,ao-041-object,object-store,2,network_flap,Arayuz bond0 link durumu 54 kez degisti,dc1,rack-C,prod
ALM-02696,2026-09-10T02:27:19,SyslogNG,ao-026-payment,payment-service,3,disk_warn,"Disk kullanimi uyari seviyesinde, yuzde 26 dolu",dc2,rack-C,prod
ALM-01474,2026-09-10T02:27:22,AppDynamics,ao-025-payment,payment-service,2,latency_high,"Yanit suresi p99 esigi asti, 29 ms",dc1,rack-B,prod
ALM-01856,2026-09-10T02:27:22,Prometheus,ao-041-object,object-store,2,disk_warn,"Disk kullanimi uyari seviyesinde, yuzde 27 dolu",dc1,rack-C,prod
ALM-03000,2026-09-10T02:27:30,SyslogNG,ao-051-report,report-batch,4,log_rotate,"Log rotasyonu beklenenden uzun surdu, 31 saniye",dc1,rack-A,prod
ALM-00561,2026-09-10T02:27:32,SyslogNG,ao-020-billing,billing-service,4,db_write_fail,"Veritabani yazma islemi basarisiz, tablespace genisletilemedi",dc2,rack-C,prod
ALM-01845,2026-09-10T02:27:34,Zabbix,ao-021-charging,charging-service,2,cpu_high,CPU kullanimi yuzde 50,dc1,rack-A,prod
ALM-02981,2026-09-10T02:27:37,AppDynamics,ao-006-mobile,mobile-bff,3,disk_warn,"Disk kullanimi uyari seviyesinde, yuzde 74 dolu",dc2,rack-A,prod
ALM-02074,2026-09-10T02:27:42,AppDynamics,ao-056-kyc,kyc-provider-gw,2,ntp_drift,Saat sapmasi 33 ms,dc2,rack-C,prod
ALM-02516,2026-09-10T02:27:44,Prometheus,ao-026-payment,payment-service,2,network_flap,Arayuz eth1 link durumu 39 kez degisti,dc2,rack-C,prod
ALM-01752,2026-09-10T02:27:54,OBM,ao-033-subscriber,subscriber-db,2,ntp_drift,Saat sapmasi 84 ms,dc1,rack-A,prod
ALM-02505,2026-09-10T02:27:54,OBM,ao-022-charging,charging-service,1,network_flap,Arayuz bond0 link durumu 38 kez degisti,dc2,rack-B,prod
ALM-01242,2026-09-10T02:27:55,AppDynamics,ao-021-charging,charging-service,1,backup_warn,Yedekleme isi 44 dakika gecikmeli tamamlandi,dc1,rack-A,prod
ALM-01408,2026-09-10T02:27:55,Prometheus,ao-016-subscriber,subscriber-service,2,backup_warn,Yedekleme isi 46 dakika gecikmeli tamamlandi,dc2,rack-B,prod
ALM-02627,2026-09-10T02:27:55,Prometheus,ao-050-reconciliation,reconciliation-batch,3,mem_high,Bellek kullanimi yuzde 80 seviyesinde,dc2,rack-C,prod
ALM-01514,2026-09-10T02:27:58,Prometheus,ao-049-invoice,invoice-batch,3,cpu_high,CPU kullanimi yuzde 58,dc1,rack-B,prod
ALM-01914,2026-09-10T02:28:05,Zabbix,ao-027-order,order-service,2,latency_high,"Yanit suresi p99 esigi asti, 73 ms",dc1,rack-A,prod
ALM-01445,2026-09-10T02:28:07,Zabbix,ao-022-charging,charging-service,1,cpu_high,CPU kullanimi yuzde 83,dc2,rack-B,prod
ALM-02360,2026-09-10T02:28:07,Prometheus,ao-005-mobile,mobile-bff,2,latency_high,"Yanit suresi p99 esigi asti, 23 ms",dc1,rack-C,prod
ALM-02618,2026-09-10T02:28:11,Zabbix,ao-038-cache,cache-cluster,2,latency_high,"Yanit suresi p99 esigi asti, 60 ms",dc2,rack-C,prod
ALM-00562,2026-09-10T02:28:14,OBM,ao-020-billing,billing-service,4,txn_fail,"Islem basarisiz, hata orani yuzde 71",dc2,rack-C,prod
ALM-02875,2026-09-10T02:28:15,AppDynamics,ao-023-charging,charging-service,2,backup_warn,Yedekleme isi 28 dakika gecikmeli tamamlandi,dc1,rack-C,prod
ALM-01904,2026-09-10T02:28:17,OBM,ao-028-order,order-service,4,cpu_high,CPU kullanimi yuzde 69,dc2,rack-B,prod
ALM-02044,2026-09-10T02:28:23,AppDynamics,ao-040-message,message-queue,1,cpu_high,CPU kullanimi yuzde 24,dc2,rack-B,prod
ALM-01559,2026-09-10T02:28:35,OBM,ao-039-message,message-queue,3,log_rotate,"Log rotasyonu beklenenden uzun surdu, 35 saniye",dc1,rack-A,prod
ALM-01863,2026-09-10T02:28:38,AppDynamics,ao-033-subscriber,subscriber-db,1,log_rotate,"Log rotasyonu beklenenden uzun surdu, 42 saniye",dc1,rack-A,prod
ALM-01318,2026-09-10T02:28:39,Prometheus,ao-040-message,message-queue,1,ntp_drift,Saat sapmasi 53 ms,dc2,rack-B,prod
ALM-01812,2026-09-10T02:28:39,AppDynamics,ao-036-billing,billing-db,1,cpu_high,CPU kullanimi yuzde 58,dc2,rack-A,prod
ALM-01297,2026-09-10T02:28:52,SyslogNG,ao-035-billing,billing-db,2,backup_warn,Yedekleme isi 38 dakika gecikmeli tamamlandi,dc1,rack-C,prod
ALM-01636,2026-09-10T02:28:55,Prometheus,ao-030-notification,notification-service,2,ntp_drift,Saat sapmasi 74 ms,dc2,rack-A,prod
ALM-01348,2026-09-10T02:28:57,SyslogNG,ao-039-message,message-queue,1,log_rotate,"Log rotasyonu beklenenden uzun surdu, 61 saniye",dc1,rack-A,prod
ALM-01889,2026-09-10T02:29:09,OBM,ao-050-reconciliation,reconciliation-batch,1,latency_high,"Yanit suresi p99 esigi asti, 35 ms",dc2,rack-C,prod
ALM-01308,2026-09-10T02:29:10,OBM,ao-024-payment,payment-service,2,log_rotate,"Log rotasyonu beklenenden uzun surdu, 21 saniye",dc2,rack-A,prod
ALM-02961,2026-09-10T02:29:11,SyslogNG,ao-003-api,api-gateway,1,latency_high,"Yanit suresi p99 esigi asti, 33 ms",dc1,rack-A,prod
ALM-02248,2026-09-10T02:29:18,Prometheus,ao-034-billing,billing-db,2,disk_warn,"Disk kullanimi uyari seviyesinde, yuzde 40 dolu",dc2,rack-B,prod
ALM-00767,2026-09-10T02:29:20,SyslogNG,ao-014-session,session-service,4,gc_pressure,"GC duraklama suresi 84 ms, esik asildi",dc2,rack-C,prod
ALM-02991,2026-09-10T02:29:21,Zabbix,ao-005-mobile,mobile-bff,4,mem_high,Bellek kullanimi yuzde 39 seviyesinde,dc1,rack-C,prod
ALM-02065,2026-09-10T02:29:28,SyslogNG,ao-005-mobile,mobile-bff,1,cert_expiry,Sertifika 26 gun icinde suresi dolacak,dc1,rack-C,prod
ALM-00749,2026-09-10T02:29:37,Prometheus,ao-013-session,session-service,4,gc_pressure,"GC duraklama suresi 84 ms, esik asildi",dc1,rack-B,prod
ALM-02167,2026-09-10T02:29:38,SyslogNG,ao-046-dns,dns-resolver,1,cert_expiry,Sertifika 49 gun icinde suresi dolacak,dc2,rack-B,prod
ALM-02614,2026-09-10T02:29:45,Zabbix,ao-045-dns,dns-resolver,2,mem_high,Bellek kullanimi yuzde 60 seviyesinde,dc1,rack-A,prod
ALM-00731,2026-09-10T02:29:57,SyslogNG,ao-012-session,session-service,4,gc_pressure,"GC duraklama suresi 84 ms, esik asildi",dc2,rack-A,prod
ALM-02246,2026-09-10T02:29:59,Prometheus,ao-028-order,order-service,1,cert_expiry,Sertifika 85 gun icinde suresi dolacak,dc2,rack-B,prod
ALM-00830,2026-09-10T02:30:00,Zabbix,ao-007-web,web-bff,3,latency_high,"Yanit suresi p99 esigi asti, 75 ms",dc1,rack-B,prod
ALM-01765,2026-09-10T02:30:03,AppDynamics,ao-013-session,session-service,2,cpu_high,CPU kullanimi yuzde 34,dc1,rack-B,prod
ALM-02654,2026-09-10T02:30:03,Zabbix,ao-012-session,session-service,3,log_rotate,"Log rotasyonu beklenenden uzun surdu, 65 saniye",dc2,rack-A,prod
ALM-00812,2026-09-10T02:30:04,AppDynamics,ao-005-mobile,mobile-bff,3,latency_high,"Yanit suresi p99 esigi asti, 73 ms",dc1,rack-C,prod
ALM-00785,2026-09-10T02:30:05,Prometheus,ao-010-auth,auth-service,3,latency_high,"Yanit suresi p99 esigi asti, 84 ms",dc2,rack-B,prod
ALM-01808,2026-09-10T02:30:05,SyslogNG,ao-034-billing,billing-db,2,network_flap,Arayuz bond0 link durumu 51 kez degisti,dc2,rack-B,prod
ALM-01403,2026-09-10T02:30:07,Zabbix,ao-043-load,load-balancer,4,cert_expiry,Sertifika 51 gun icinde suresi dolacak,dc1,rack-B,prod
ALM-00838,2026-09-10T02:30:09,AppDynamics,ao-008-web,web-bff,3,timeout,session-service servisine yapilan cagri zaman asimina ugradi (97 ms),dc2,rack-C,prod
ALM-00821,2026-09-10T02:30:15,AppDynamics,ao-006-mobile,mobile-bff,3,latency_high,"Yanit suresi p99 esigi asti, 96 ms",dc2,rack-A,prod
ALM-01512,2026-09-10T02:30:15,Prometheus,ao-054-payment,payment-provider-gw,3,disk_warn,"Disk kullanimi uyari seviyesinde, yuzde 72 dolu",dc2,rack-A,prod
ALM-02731,2026-09-10T02:30:19,Zabbix,ao-030-notification,notification-service,2,log_rotate,"Log rotasyonu beklenenden uzun surdu, 26 saniye",dc2,rack-A,prod
ALM-01782,2026-09-10T02:30:21,Zabbix,ao-047-ntp,ntp-service,1,log_rotate,"Log rotasyonu beklenenden uzun surdu, 59 saniye",dc1,rack-C,prod
ALM-02033,2026-09-10T02:30:22,OBM,ao-012-session,session-service,2,network_flap,Arayuz eth0 link durumu 84 kez degisti,dc2,rack-A,prod
ALM-02042,2026-09-10T02:30:23,Zabbix,ao-047-ntp,ntp-service,1,latency_high,"Yanit suresi p99 esigi asti, 21 ms",dc1,rack-C,prod
ALM-01979,2026-09-10T02:30:24,Zabbix,ao-055-sms,sms-gateway,2,backup_warn,Yedekleme isi 69 dakika gecikmeli tamamlandi,dc1,rack-B,prod
ALM-00773,2026-09-10T02:30:25,OBM,ao-009-auth,auth-service,3,timeout,session-service servisine yapilan cagri zaman asimina ugradi (73 ms),dc1,rack-A,prod
ALM-02137,2026-09-10T02:30:35,OBM,ao-036-billing,billing-db,1,cert_expiry,Sertifika 41 gun icinde suresi dolacak,dc2,rack-A,prod
ALM-00805,2026-09-10T02:30:41,AppDynamics,ao-004-mobile,mobile-bff,3,latency_high,"Yanit suresi p99 esigi asti, 89 ms",dc2,rack-B,prod
ALM-00793,2026-09-10T02:30:49,AppDynamics,ao-011-auth,auth-service,3,latency_high,"Yanit suresi p99 esigi asti, 94 ms",dc1,rack-C,prod
ALM-01927,2026-09-10T02:30:49,Prometheus,ao-027-order,order-service,3,cert_expiry,Sertifika 80 gun icinde suresi dolacak,dc1,rack-A,prod
ALM-01535,2026-09-10T02:30:52,Zabbix,ao-039-message,message-queue,1,cpu_high,CPU kullanimi yuzde 32,dc1,rack-A,prod
ALM-01882,2026-09-10T02:31:03,Prometheus,ao-033-subscriber,subscriber-db,1,mem_high,Bellek kullanimi yuzde 22 seviyesinde,dc1,rack-A,prod
ALM-02842,2026-09-10T02:31:04,AppDynamics,ao-022-charging,charging-service,2,ntp_drift,Saat sapmasi 43 ms,dc2,rack-B,prod
ALM-02283,2026-09-10T02:31:05,OBM,ao-014-session,session-service,2,log_rotate,"Log rotasyonu beklenenden uzun surdu, 32 saniye",dc2,rack-C,prod
ALM-02317,2026-09-10T02:31:05,Prometheus,ao-017-subscriber,subscriber-service,1,mem_high,Bellek kullanimi yuzde 83 seviyesinde,dc1,rack-C,prod
ALM-01542,2026-09-10T02:31:11,Prometheus,ao-018-billing,billing-service,2,mem_high,Bellek kullanimi yuzde 88 seviyesinde,dc2,rack-A,prod
ALM-01809,2026-09-10T02:31:11,Prometheus,ao-016-subscriber,subscriber-service,1,backup_warn,Yedekleme isi 80 dakika gecikmeli tamamlandi,dc2,rack-B,prod
ALM-01950,2026-09-10T02:31:19,SyslogNG,ao-050-reconciliation,reconciliation-batch,1,disk_warn,"Disk kullanimi uyari seviyesinde, yuzde 77 dolu",dc2,rack-C,prod
ALM-01748,2026-09-10T02:31:26,Prometheus,ao-016-subscriber,subscriber-service,1,network_flap,Arayuz eth0 link durumu 76 kez degisti,dc2,rack-B,prod
ALM-02394,2026-09-10T02:31:40,AppDynamics,ao-031-subscriber,subscriber-db,2,network_flap,Arayuz eth1 link durumu 59 kez degisti,dc1,rack-B,prod
ALM-02855,2026-09-10T02:31:43,AppDynamics,ao-004-mobile,mobile-bff,2,latency_high,"Yanit suresi p99 esigi asti, 20 ms",dc2,rack-B,prod
ALM-01923,2026-09-10T02:31:55,SyslogNG,ao-011-auth,auth-service,1,backup_warn,Yedekleme isi 41 dakika gecikmeli tamamlandi,dc1,rack-C,prod
ALM-01759,2026-09-10T02:31:59,AppDynamics,ao-044-load,load-balancer,2,backup_warn,Yedekleme isi 26 dakika gecikmeli tamamlandi,dc2,rack-C,prod
ALM-01321,2026-09-10T02:32:00,Zabbix,ao-056-kyc,kyc-provider-gw,2,ntp_drift,Saat sapmasi 36 ms,dc2,rack-C,prod
ALM-02034,2026-09-10T02:32:01,Prometheus,ao-006-mobile,mobile-bff,2,ntp_drift,Saat sapmasi 44 ms,dc2,rack-A,prod
ALM-01899,2026-09-10T02:32:02,Zabbix,ao-015-subscriber,subscriber-service,1,disk_warn,"Disk kullanimi uyari seviyesinde, yuzde 53 dolu",dc1,rack-A,prod
ALM-01756,2026-09-10T02:32:05,OBM,ao-024-payment,payment-service,3,mem_high,Bellek kullanimi yuzde 21 seviyesinde,dc2,rack-A,prod
ALM-01492,2026-09-10T02:32:06,Zabbix,ao-052-payment,payment-provider-gw,3,cpu_high,CPU kullanimi yuzde 79,dc2,rack-B,prod
ALM-02249,2026-09-10T02:32:06,SyslogNG,ao-008-web,web-bff,2,log_rotate,"Log rotasyonu beklenenden uzun surdu, 25 saniye",dc2,rack-C,prod
ALM-01363,2026-09-10T02:32:07,Zabbix,ao-033-subscriber,subscriber-db,3,ntp_drift,Saat sapmasi 58 ms,dc1,rack-A,prod
ALM-02853,2026-09-10T02:32:17,SyslogNG,ao-054-payment,payment-provider-gw,3,backup_warn,Yedekleme isi 73 dakika gecikmeli tamamlandi,dc2,rack-A,prod
ALM-02142,2026-09-10T02:32:18,SyslogNG,ao-039-message,message-queue,1,cert_expiry,Sertifika 60 gun icinde suresi dolacak,dc1,rack-A,prod
ALM-02993,2026-09-10T02:32:24,OBM,ao-035-billing,billing-db,3,disk_warn,"Disk kullanimi uyari seviyesinde, yuzde 28 dolu",dc1,rack-C,prod
ALM-01612,2026-09-10T02:32:30,SyslogNG,ao-033-subscriber,subscriber-db,3,mem_high,Bellek kullanimi yuzde 49 seviyesinde,dc1,rack-A,prod
ALM-01962,2026-09-10T02:32:36,Prometheus,ao-054-payment,payment-provider-gw,2,cpu_high,CPU kullanimi yuzde 77,dc2,rack-A,prod
ALM-01421,2026-09-10T02:32:39,Prometheus,ao-025-payment,payment-service,2,cert_expiry,Sertifika 38 gun icinde suresi dolacak,dc1,rack-B,prod
ALM-02513,2026-09-10T02:32:41,OBM,ao-027-order,order-service,3,cert_expiry,Sertifika 34 gun icinde suresi dolacak,dc1,rack-A,prod
ALM-02243,2026-09-10T02:32:46,OBM,ao-024-payment,payment-service,2,network_flap,Arayuz bond0 link durumu 72 kez degisti,dc2,rack-A,prod
ALM-02268,2026-09-10T02:32:49,AppDynamics,ao-052-payment,payment-provider-gw,2,backup_warn,Yedekleme isi 36 dakika gecikmeli tamamlandi,dc2,rack-B,prod
ALM-02613,2026-09-10T02:32:49,AppDynamics,ao-024-payment,payment-service,2,mem_high,Bellek kullanimi yuzde 53 seviyesinde,dc2,rack-A,prod
ALM-02169,2026-09-10T02:32:50,Zabbix,ao-032-subscriber,subscriber-db,2,ntp_drift,Saat sapmasi 27 ms,dc2,rack-C,prod
ALM-01328,2026-09-10T02:32:52,AppDynamics,ao-039-message,message-queue,2,cpu_high,CPU kullanimi yuzde 75,dc1,rack-A,prod
ALM-01788,2026-09-10T02:32:54,Zabbix,ao-025-payment,payment-service,2,cpu_high,CPU kullanimi yuzde 85,dc1,rack-B,prod
ALM-02288,2026-09-10T02:32:55,SyslogNG,ao-014-session,session-service,4,backup_warn,Yedekleme isi 48 dakika gecikmeli tamamlandi,dc2,rack-C,prod
ALM-02849,2026-09-10T02:32:59,OBM,ao-043-load,load-balancer,1,cert_expiry,Sertifika 63 gun icinde suresi dolacak,dc1,rack-B,prod
ALM-00774,2026-09-10T02:33:01,AppDynamics,ao-009-auth,auth-service,3,latency_high,"Yanit suresi p99 esigi asti, 96 ms",dc1,rack-A,prod
ALM-02260,2026-09-10T02:33:01,Prometheus,ao-007-web,web-bff,3,cpu_high,CPU kullanimi yuzde 41,dc1,rack-B,prod
ALM-02236,2026-09-10T02:33:04,OBM,ao-045-dns,dns-resolver,1,log_rotate,"Log rotasyonu beklenenden uzun surdu, 25 saniye",dc1,rack-A,prod
ALM-00831,2026-09-10T02:33:15,Zabbix,ao-007-web,web-bff,3,latency_high,"Yanit suresi p99 esigi asti, 92 ms",dc1,rack-B,prod
ALM-02420,2026-09-10T02:33:15,SyslogNG,ao-017-subscriber,subscriber-service,2,network_flap,Arayuz eth0 link durumu 45 kez degisti,dc1,rack-C,prod
ALM-00813,2026-09-10T02:33:16,OBM,ao-005-mobile,mobile-bff,3,timeout,session-service servisine yapilan cagri zaman asimina ugradi (75 ms),dc1,rack-C,prod
ALM-00822,2026-09-10T02:33:18,Zabbix,ao-006-mobile,mobile-bff,3,timeout,session-service servisine yapilan cagri zaman asimina ugradi (85 ms),dc2,rack-A,prod
ALM-02088,2026-09-10T02:33:24,OBM,ao-023-charging,charging-service,2,log_rotate,"Log rotasyonu beklenenden uzun surdu, 62 saniye",dc1,rack-C,prod
ALM-01415,2026-09-10T02:33:26,OBM,ao-007-web,web-bff,4,log_rotate,"Log rotasyonu beklenenden uzun surdu, 31 saniye",dc1,rack-B,prod
ALM-02277,2026-09-10T02:33:26,SyslogNG,ao-022-charging,charging-service,1,mem_high,Bellek kullanimi yuzde 73 seviyesinde,dc2,rack-B,prod
ALM-02075,2026-09-10T02:33:30,Prometheus,ao-051-report,report-batch,1,latency_high,"Yanit suresi p99 esigi asti, 61 ms",dc1,rack-A,prod
ALM-01659,2026-09-10T02:33:32,SyslogNG,ao-049-invoice,invoice-batch,3,cert_expiry,Sertifika 41 gun icinde suresi dolacak,dc1,rack-B,prod
ALM-02032,2026-09-10T02:33:32,Prometheus,ao-004-mobile,mobile-bff,1,cert_expiry,Sertifika 22 gun icinde suresi dolacak,dc2,rack-B,prod
ALM-02132,2026-09-10T02:33:33,AppDynamics,ao-015-subscriber,subscriber-service,1,cert_expiry,Sertifika 52 gun icinde suresi dolacak,dc1,rack-A,prod
ALM-00839,2026-09-10T02:33:34,Zabbix,ao-008-web,web-bff,3,timeout,session-service servisine yapilan cagri zaman asimina ugradi (80 ms),dc2,rack-C,prod
ALM-02667,2026-09-10T02:33:38,OBM,ao-002-api,api-gateway,2,mem_high,Bellek kullanimi yuzde 65 seviyesinde,dc2,rack-C,prod
ALM-00786,2026-09-10T02:33:42,SyslogNG,ao-010-auth,auth-service,3,timeout,session-service servisine yapilan cagri zaman asimina ugradi (73 ms),dc2,rack-B,prod
ALM-01644,2026-09-10T02:33:45,Zabbix,ao-049-invoice,invoice-batch,3,disk_warn,"Disk kullanimi uyari seviyesinde, yuzde 27 dolu",dc1,rack-B,prod
ALM-01302,2026-09-10T02:33:46,SyslogNG,ao-042-load,load-balancer,1,mem_high,Bellek kullanimi yuzde 72 seviyesinde,dc2,rack-A,prod
ALM-02520,2026-09-10T02:33:46,Prometheus,ao-039-message,message-queue,2,ntp_drift,Saat sapmasi 37 ms,dc1,rack-A,prod
ALM-00806,2026-09-10T02:33:50,SyslogNG,ao-004-mobile,mobile-bff,3,timeout,session-service servisine yapilan cagri zaman asimina ugradi (98 ms),dc2,rack-B,prod
ALM-00794,2026-09-10T02:33:51,Prometheus,ao-011-auth,auth-service,3,latency_high,"Yanit suresi p99 esigi asti, 99 ms",dc1,rack-C,prod
ALM-00732,2026-09-10T02:33:52,Zabbix,ao-012-session,session-service,4,gc_pressure,"GC duraklama suresi 86 ms, esik asildi",dc2,rack-A,prod
ALM-01701,2026-09-10T02:33:52,AppDynamics,ao-022-charging,charging-service,2,disk_warn,"Disk kullanimi uyari seviyesinde, yuzde 82 dolu",dc2,rack-B,prod
ALM-00768,2026-09-10T02:33:53,OBM,ao-014-session,session-service,4,gc_pressure,"GC duraklama suresi 86 ms, esik asildi",dc2,rack-C,prod
ALM-02407,2026-09-10T02:33:55,Zabbix,ao-042-load,load-balancer,3,network_flap,Arayuz eth1 link durumu 40 kez degisti,dc2,rack-A,prod
ALM-02750,2026-09-10T02:33:56,OBM,ao-042-load,load-balancer,2,disk_warn,"Disk kullanimi uyari seviyesinde, yuzde 61 dolu",dc2,rack-A,prod
ALM-01275,2026-09-10T02:33:57,OBM,ao-013-session,session-service,2,cert_expiry,Sertifika 68 gun icinde suresi dolacak,dc1,rack-B,prod
ALM-01739,2026-09-10T02:34:00,Prometheus,ao-004-mobile,mobile-bff,3,mem_high,Bellek kullanimi yuzde 55 seviyesinde,dc2,rack-B,prod
ALM-01958,2026-09-10T02:34:04,Zabbix,ao-005-mobile,mobile-bff,2,ntp_drift,Saat sapmasi 58 ms,dc1,rack-C,prod
ALM-00750,2026-09-10T02:34:06,AppDynamics,ao-013-session,session-service,4,gc_pressure,"GC duraklama suresi 86 ms, esik asildi",dc1,rack-B,prod
ALM-01590,2026-09-10T02:34:09,OBM,ao-014-session,session-service,1,network_flap,Arayuz eth1 link durumu 70 kez degisti,dc2,rack-C,prod
ALM-01436,2026-09-10T02:34:15,Prometheus,ao-021-charging,charging-service,2,disk_warn,"Disk kullanimi uyari seviyesinde, yuzde 21 dolu",dc1,rack-A,prod
ALM-02975,2026-09-10T02:34:22,Zabbix,ao-024-payment,payment-service,3,log_rotate,"Log rotasyonu beklenenden uzun surdu, 63 saniye",dc2,rack-A,prod
ALM-01946,2026-09-10T02:34:28,SyslogNG,ao-006-mobile,mobile-bff,2,backup_warn,Yedekleme isi 34 dakika gecikmeli tamamlandi,dc2,rack-A,prod
ALM-02078,2026-09-10T02:34:31,AppDynamics,ao-051-report,report-batch,1,backup_warn,Yedekleme isi 88 dakika gecikmeli tamamlandi,dc1,rack-A,prod
ALM-01821,2026-09-10T02:34:34,SyslogNG,ao-030-notification,notification-service,4,backup_warn,Yedekleme isi 53 dakika gecikmeli tamamlandi,dc2,rack-A,prod
ALM-01970,2026-09-10T02:34:37,OBM,ao-040-message,message-queue,3,backup_warn,Yedekleme isi 63 dakika gecikmeli tamamlandi,dc2,rack-B,prod
ALM-01997,2026-09-10T02:34:37,AppDynamics,ao-049-invoice,invoice-batch,2,backup_warn,Yedekleme isi 79 dakika gecikmeli tamamlandi,dc1,rack-B,prod
ALM-01717,2026-09-10T02:34:40,Zabbix,ao-022-charging,charging-service,3,latency_high,"Yanit suresi p99 esigi asti, 67 ms",dc2,rack-B,prod
ALM-01534,2026-09-10T02:34:42,Zabbix,ao-029-catalog,catalog-service,2,cert_expiry,Sertifika 83 gun icinde suresi dolacak,dc1,rack-C,prod
ALM-02586,2026-09-10T02:34:45,AppDynamics,ao-006-mobile,mobile-bff,1,ntp_drift,Saat sapmasi 53 ms,dc2,rack-A,prod
ALM-01326,2026-09-10T02:34:46,OBM,ao-025-payment,payment-service,1,ntp_drift,Saat sapmasi 62 ms,dc1,rack-B,prod
ALM-01811,2026-09-10T02:34:46,AppDynamics,ao-015-subscriber,subscriber-service,1,network_flap,Arayuz ens192 link durumu 30 kez degisti,dc1,rack-A,prod
ALM-02777,2026-09-10T02:34:47,AppDynamics,ao-039-message,message-queue,4,disk_warn,"Disk kullanimi uyari seviyesinde, yuzde 69 dolu",dc1,rack-A,prod
ALM-01645,2026-09-10T02:34:49,SyslogNG,ao-010-auth,auth-service,4,cpu_high,CPU kullanimi yuzde 65,dc2,rack-B,prod
ALM-02085,2026-09-10T02:34:50,Prometheus,ao-027-order,order-service,1,ntp_drift,Saat sapmasi 22 ms,dc1,rack-A,prod
ALM-01384,2026-09-10T02:34:51,SyslogNG,ao-015-subscriber,subscriber-service,2,backup_warn,Yedekleme isi 53 dakika gecikmeli tamamlandi,dc1,rack-A,prod
ALM-02572,2026-09-10T02:34:53,AppDynamics,ao-033-subscriber,subscriber-db,3,network_flap,Arayuz bond0 link durumu 20 kez degisti,dc1,rack-A,prod
ALM-01525,2026-09-10T02:34:54,Zabbix,ao-045-dns,dns-resolver,2,latency_high,"Yanit suresi p99 esigi asti, 38 ms",dc1,rack-A,prod
ALM-02465,2026-09-10T02:34:58,Zabbix,ao-046-dns,dns-resolver,3,backup_warn,Yedekleme isi 46 dakika gecikmeli tamamlandi,dc2,rack-B,prod
ALM-02244,2026-09-10T02:35:06,Prometheus,ao-006-mobile,mobile-bff,4,network_flap,Arayuz eth1 link durumu 66 kez degisti,dc2,rack-A,prod
ALM-02670,2026-09-10T02:35:14,OBM,ao-045-dns,dns-resolver,3,log_rotate,"Log rotasyonu beklenenden uzun surdu, 64 saniye",dc1,rack-A,prod
ALM-02949,2026-09-10T02:35:23,AppDynamics,ao-025-payment,payment-service,1,cpu_high,CPU kullanimi yuzde 38,dc1,rack-B,prod
ALM-02374,2026-09-10T02:35:24,SyslogNG,ao-030-notification,notification-service,3,backup_warn,Yedekleme isi 85 dakika gecikmeli tamamlandi,dc2,rack-A,prod
ALM-02879,2026-09-10T02:35:26,SyslogNG,ao-045-dns,dns-resolver,1,network_flap,Arayuz eth1 link durumu 68 kez degisti,dc1,rack-A,prod
ALM-01484,2026-09-10T02:35:33,Zabbix,ao-052-payment,payment-provider-gw,1,ntp_drift,Saat sapmasi 35 ms,dc2,rack-B,prod
ALM-02416,2026-09-10T02:35:44,SyslogNG,ao-001-api,api-gateway,1,mem_high,Bellek kullanimi yuzde 54 seviyesinde,dc1,rack-B,prod
ALM-02806,2026-09-10T02:35:46,AppDynamics,ao-050-reconciliation,reconciliation-batch,1,cpu_high,CPU kullanimi yuzde 51,dc2,rack-C,prod
ALM-01603,2026-09-10T02:35:47,SyslogNG,ao-034-billing,billing-db,3,ntp_drift,Saat sapmasi 50 ms,dc2,rack-B,prod
ALM-01470,2026-09-10T02:35:50,AppDynamics,ao-025-payment,payment-service,2,cert_expiry,Sertifika 82 gun icinde suresi dolacak,dc1,rack-B,prod
ALM-01697,2026-09-10T02:35:53,SyslogNG,ao-004-mobile,mobile-bff,1,network_flap,Arayuz ens192 link durumu 74 kez degisti,dc2,rack-B,prod
ALM-02752,2026-09-10T02:35:55,AppDynamics,ao-020-billing,billing-service,1,cpu_high,CPU kullanimi yuzde 84,dc2,rack-C,prod
ALM-02912,2026-09-10T02:35:57,AppDynamics,ao-005-mobile,mobile-bff,1,log_rotate,"Log rotasyonu beklenenden uzun surdu, 69 saniye",dc1,rack-C,prod
ALM-01733,2026-09-10T02:36:00,SyslogNG,ao-021-charging,charging-service,2,cpu_high,CPU kullanimi yuzde 72,dc1,rack-A,prod
ALM-00823,2026-09-10T02:36:01,AppDynamics,ao-006-mobile,mobile-bff,3,timeout,session-service servisine yapilan cagri zaman asimina ugradi (71 ms),dc2,rack-A,prod
ALM-01976,2026-09-10T02:36:01,AppDynamics,ao-011-auth,auth-service,1,mem_high,Bellek kullanimi yuzde 47 seviyesinde,dc1,rack-C,prod
ALM-00795,2026-09-10T02:36:03,Prometheus,ao-011-auth,auth-service,3,timeout,session-service servisine yapilan cagri zaman asimina ugradi (86 ms),dc1,rack-C,prod
ALM-02939,2026-09-10T02:36:07,AppDynamics,ao-016-subscriber,subscriber-service,2,log_rotate,"Log rotasyonu beklenenden uzun surdu, 62 saniye",dc2,rack-B,prod
ALM-01618,2026-09-10T02:36:11,SyslogNG,ao-038-cache,cache-cluster,3,backup_warn,Yedekleme isi 65 dakika gecikmeli tamamlandi,dc2,rack-C,prod
ALM-02479,2026-09-10T02:36:12,OBM,ao-055-sms,sms-gateway,2,disk_warn,"Disk kullanimi uyari seviyesinde, yuzde 57 dolu",dc1,rack-B,prod
ALM-02918,2026-09-10T02:36:16,AppDynamics,ao-044-load,load-balancer,2,backup_warn,Yedekleme isi 53 dakika gecikmeli tamamlandi,dc2,rack-C,prod
ALM-02527,2026-09-10T02:36:20,AppDynamics,ao-020-billing,billing-service,2,network_flap,Arayuz eth0 link durumu 76 kez degisti,dc2,rack-C,prod
ALM-00787,2026-09-10T02:36:23,AppDynamics,ao-010-auth,auth-service,3,timeout,session-service servisine yapilan cagri zaman asimina ugradi (76 ms),dc2,rack-B,prod
ALM-01907,2026-09-10T02:36:26,SyslogNG,ao-032-subscriber,subscriber-db,1,cpu_high,CPU kullanimi yuzde 30,dc2,rack-C,prod
ALM-00775,2026-09-10T02:36:33,SyslogNG,ao-009-auth,auth-service,3,timeout,session-service servisine yapilan cagri zaman asimina ugradi (92 ms),dc1,rack-A,prod
ALM-02015,2026-09-10T02:36:42,OBM,ao-049-invoice,invoice-batch,2,latency_high,"Yanit suresi p99 esigi asti, 25 ms",dc1,rack-B,prod
ALM-02675,2026-09-10T02:36:42,SyslogNG,ao-015-subscriber,subscriber-service,2,cert_expiry,Sertifika 77 gun icinde suresi dolacak,dc1,rack-A,prod
ALM-02811,2026-09-10T02:36:46,AppDynamics,ao-040-message,message-queue,3,log_rotate,"Log rotasyonu beklenenden uzun surdu, 53 saniye",dc2,rack-B,prod
ALM-00807,2026-09-10T02:36:57,Zabbix,ao-004-mobile,mobile-bff,3,timeout,session-service servisine yapilan cagri zaman asimina ugradi (86 ms),dc2,rack-B,prod
ALM-00832,2026-09-10T02:36:58,AppDynamics,ao-007-web,web-bff,3,latency_high,"Yanit suresi p99 esigi asti, 74 ms",dc1,rack-B,prod
ALM-00840,2026-09-10T02:36:58,SyslogNG,ao-008-web,web-bff,3,timeout,session-service servisine yapilan cagri zaman asimina ugradi (71 ms),dc2,rack-C,prod
ALM-00814,2026-09-10T02:36:59,SyslogNG,ao-005-mobile,mobile-bff,3,latency_high,"Yanit suresi p99 esigi asti, 77 ms",dc1,rack-C,prod
ALM-01317,2026-09-10T02:37:03,AppDynamics,ao-018-billing,billing-service,2,latency_high,"Yanit suresi p99 esigi asti, 21 ms",dc2,rack-A,prod
ALM-01444,2026-09-10T02:37:06,Zabbix,ao-051-report,report-batch,1,backup_warn,Yedekleme isi 24 dakika gecikmeli tamamlandi,dc1,rack-A,prod
ALM-02659,2026-09-10T02:37:09,Prometheus,ao-026-payment,payment-service,1,disk_warn,"Disk kullanimi uyari seviyesinde, yuzde 76 dolu",dc2,rack-C,prod
ALM-01447,2026-09-10T02:37:11,AppDynamics,ao-045-dns,dns-resolver,3,cpu_high,CPU kullanimi yuzde 57,dc1,rack-A,prod
ALM-01973,2026-09-10T02:37:12,AppDynamics,ao-012-session,session-service,1,latency_high,"Yanit suresi p99 esigi asti, 52 ms",dc2,rack-A,prod
ALM-01675,2026-09-10T02:37:28,Prometheus,ao-026-payment,payment-service,1,mem_high,Bellek kullanimi yuzde 56 seviyesinde,dc2,rack-C,prod
ALM-01485,2026-09-10T02:37:32,Zabbix,ao-015-subscriber,subscriber-service,2,cert_expiry,Sertifika 43 gun icinde suresi dolacak,dc1,rack-A,prod
ALM-01790,2026-09-10T02:37:33,Zabbix,ao-053-payment,payment-provider-gw,1,mem_high,Bellek kullanimi yuzde 46 seviyesinde,dc1,rack-C,prod
ALM-01541,2026-09-10T02:37:38,SyslogNG,ao-040-message,message-queue,2,cert_expiry,Sertifika 55 gun icinde suresi dolacak,dc2,rack-B,prod
ALM-01764,2026-09-10T02:37:39,OBM,ao-042-load,load-balancer,1,cert_expiry,Sertifika 35 gun icinde suresi dolacak,dc2,rack-A,prod
ALM-02956,2026-09-10T02:37:42,OBM,ao-024-payment,payment-service,3,backup_warn,Yedekleme isi 79 dakika gecikmeli tamamlandi,dc2,rack-A,prod
ALM-01495,2026-09-10T02:37:44,AppDynamics,ao-031-subscriber,subscriber-db,1,log_rotate,"Log rotasyonu beklenenden uzun surdu, 40 saniye",dc1,rack-B,prod
ALM-01666,2026-09-10T02:37:46,Zabbix,ao-046-dns,dns-resolver,4,backup_warn,Yedekleme isi 65 dakika gecikmeli tamamlandi,dc2,rack-B,prod
ALM-01951,2026-09-10T02:37:54,OBM,ao-007-web,web-bff,3,network_flap,Arayuz eth1 link durumu 27 kez degisti,dc1,rack-B,prod
ALM-02348,2026-09-10T02:37:56,Prometheus,ao-028-order,order-service,2,backup_warn,Yedekleme isi 28 dakika gecikmeli tamamlandi,dc2,rack-B,prod
ALM-02068,2026-09-10T02:37:59,Zabbix,ao-025-payment,payment-service,2,cert_expiry,Sertifika 55 gun icinde suresi dolacak,dc1,rack-B,prod
ALM-01536,2026-09-10T02:38:04,OBM,ao-045-dns,dns-resolver,2,network_flap,Arayuz bond0 link durumu 23 kez degisti,dc1,rack-A,prod
ALM-02922,2026-09-10T02:38:04,SyslogNG,ao-001-api,api-gateway,2,latency_high,"Yanit suresi p99 esigi asti, 66 ms",dc1,rack-B,prod
ALM-02865,2026-09-10T02:38:10,SyslogNG,ao-016-subscriber,subscriber-service,3,log_rotate,"Log rotasyonu beklenenden uzun surdu, 52 saniye",dc2,rack-B,prod
ALM-02755,2026-09-10T02:38:15,AppDynamics,ao-022-charging,charging-service,4,cpu_high,CPU kullanimi yuzde 31,dc2,rack-B,prod
ALM-02431,2026-09-10T02:38:22,SyslogNG,ao-017-subscriber,subscriber-service,1,backup_warn,Yedekleme isi 29 dakika gecikmeli tamamlandi,dc1,rack-C,prod
ALM-01398,2026-09-10T02:38:23,SyslogNG,ao-029-catalog,catalog-service,2,network_flap,Arayuz bond0 link durumu 66 kez degisti,dc1,rack-C,prod
ALM-01588,2026-09-10T02:38:26,OBM,ao-031-subscriber,subscriber-db,1,disk_warn,"Disk kullanimi uyari seviyesinde, yuzde 41 dolu",dc1,rack-B,prod
ALM-02210,2026-09-10T02:38:27,OBM,ao-006-mobile,mobile-bff,2,mem_high,Bellek kullanimi yuzde 78 seviyesinde,dc2,rack-A,prod
ALM-02977,2026-09-10T02:38:31,SyslogNG,ao-018-billing,billing-service,4,log_rotate,"Log rotasyonu beklenenden uzun surdu, 22 saniye",dc2,rack-A,prod
ALM-02412,2026-09-10T02:38:32,AppDynamics,ao-039-message,message-queue,2,disk_warn,"Disk kullanimi uyari seviyesinde, yuzde 61 dolu",dc1,rack-A,prod
ALM-02887,2026-09-10T02:38:40,SyslogNG,ao-036-billing,billing-db,3,backup_warn,Yedekleme isi 85 dakika gecikmeli tamamlandi,dc2,rack-A,prod
ALM-02621,2026-09-10T02:38:45,SyslogNG,ao-003-api,api-gateway,1,latency_high,"Yanit suresi p99 esigi asti, 58 ms",dc1,rack-A,prod
ALM-02107,2026-09-10T02:38:46,Prometheus,ao-004-mobile,mobile-bff,2,backup_warn,Yedekleme isi 42 dakika gecikmeli tamamlandi,dc2,rack-B,prod
ALM-00769,2026-09-10T02:38:47,AppDynamics,ao-014-session,session-service,4,oom_risk,"Heap kullanimi kritik, OutOfMemory riski",dc2,rack-C,prod
ALM-02890,2026-09-10T02:38:48,OBM,ao-042-load,load-balancer,2,mem_high,Bellek kullanimi yuzde 36 seviyesinde,dc2,rack-A,prod
ALM-01379,2026-09-10T02:38:49,AppDynamics,ao-014-session,session-service,1,network_flap,Arayuz bond0 link durumu 66 kez degisti,dc2,rack-C,prod
ALM-00751,2026-09-10T02:38:51,Prometheus,ao-013-session,session-service,4,oom_risk,"Heap kullanimi kritik, OutOfMemory riski",dc1,rack-B,prod
ALM-01774,2026-09-10T02:38:53,Zabbix,ao-027-order,order-service,2,cert_expiry,Sertifika 72 gun icinde suresi dolacak,dc1,rack-A,prod
ALM-00733,2026-09-10T02:38:55,SyslogNG,ao-012-session,session-service,4,oom_risk,"Heap kullanimi kritik, OutOfMemory riski",dc2,rack-A,prod
ALM-01532,2026-09-10T02:38:58,AppDynamics,ao-013-session,session-service,3,network_flap,Arayuz bond0 link durumu 35 kez degisti,dc1,rack-B,prod
ALM-01616,2026-09-10T02:38:58,Prometheus,ao-004-mobile,mobile-bff,2,ntp_drift,Saat sapmasi 35 ms,dc2,rack-B,prod
ALM-01954,2026-09-10T02:38:58,Prometheus,ao-011-auth,auth-service,1,backup_warn,Yedekleme isi 47 dakika gecikmeli tamamlandi,dc1,rack-C,prod
ALM-02579,2026-09-10T02:39:02,OBM,ao-034-billing,billing-db,2,latency_high,"Yanit suresi p99 esigi asti, 42 ms",dc2,rack-B,prod
ALM-02323,2026-09-10T02:39:06,SyslogNG,ao-028-order,order-service,2,log_rotate,"Log rotasyonu beklenenden uzun surdu, 74 saniye",dc2,rack-B,prod
ALM-00776,2026-09-10T02:39:09,Zabbix,ao-009-auth,auth-service,3,timeout,session-service servisine yapilan cagri zaman asimina ugradi (96 ms),dc1,rack-A,prod
ALM-01617,2026-09-10T02:39:10,SyslogNG,ao-004-mobile,mobile-bff,1,disk_warn,"Disk kullanimi uyari seviyesinde, yuzde 25 dolu",dc2,rack-B,prod
ALM-00788,2026-09-10T02:39:11,Zabbix,ao-010-auth,auth-service,3,latency_high,"Yanit suresi p99 esigi asti, 85 ms",dc2,rack-B,prod
ALM-00796,2026-09-10T02:39:16,AppDynamics,ao-011-auth,auth-service,3,latency_high,"Yanit suresi p99 esigi asti, 70 ms",dc1,rack-C,prod
ALM-02053,2026-09-10T02:39:16,Zabbix,ao-022-charging,charging-service,4,latency_high,"Yanit suresi p99 esigi asti, 32 ms",dc2,rack-B,prod
ALM-01594,2026-09-10T02:39:23,Zabbix,ao-048-batch,batch-scheduler,2,cpu_high,CPU kullanimi yuzde 41,dc2,rack-A,prod
ALM-02337,2026-09-10T02:39:29,Prometheus,ao-054-payment,payment-provider-gw,2,ntp_drift,Saat sapmasi 66 ms,dc2,rack-A,prod
ALM-00833,2026-09-10T02:39:30,SyslogNG,ao-007-web,web-bff,3,timeout,session-service servisine yapilan cagri zaman asimina ugradi (82 ms),dc1,rack-B,prod
ALM-01599,2026-09-10T02:39:32,AppDynamics,ao-037-cache,cache-cluster,1,disk_warn,"Disk kullanimi uyari seviyesinde, yuzde 32 dolu",dc1,rack-B,prod
ALM-02554,2026-09-10T02:39:34,SyslogNG,ao-024-payment,payment-service,1,ntp_drift,Saat sapmasi 36 ms,dc2,rack-A,prod
ALM-00815,2026-09-10T02:39:35,AppDynamics,ao-005-mobile,mobile-bff,3,latency_high,"Yanit suresi p99 esigi asti, 81 ms",dc1,rack-C,prod
ALM-01527,2026-09-10T02:39:37,SyslogNG,ao-056-kyc,kyc-provider-gw,1,backup_warn,Yedekleme isi 24 dakika gecikmeli tamamlandi,dc2,rack-C,prod
ALM-02611,2026-09-10T02:39:42,SyslogNG,ao-008-web,web-bff,1,mem_high,Bellek kullanimi yuzde 56 seviyesinde,dc2,rack-C,prod
ALM-00841,2026-09-10T02:39:45,AppDynamics,ao-008-web,web-bff,3,latency_high,"Yanit suresi p99 esigi asti, 98 ms",dc2,rack-C,prod
ALM-02314,2026-09-10T02:39:54,OBM,ao-050-reconciliation,reconciliation-batch,2,cpu_high,CPU kullanimi yuzde 87,dc2,rack-C,prod
ALM-00808,2026-09-10T02:39:58,Zabbix,ao-004-mobile,mobile-bff,3,latency_high,"Yanit suresi p99 esigi asti, 70 ms",dc2,rack-B,prod
ALM-00824,2026-09-10T02:39:59,SyslogNG,ao-006-mobile,mobile-bff,3,latency_high,"Yanit suresi p99 esigi asti, 83 ms",dc2,rack-A,prod
ALM-02388,2026-09-10T02:40:04,AppDynamics,ao-019-billing,billing-service,3,ntp_drift,Saat sapmasi 58 ms,dc1,rack-B,prod
ALM-01873,2026-09-10T02:40:08,Prometheus,ao-003-api,api-gateway,1,ntp_drift,Saat sapmasi 41 ms,dc1,rack-A,prod
ALM-02599,2026-09-10T02:40:12,SyslogNG,ao-014-session,session-service,1,latency_high,"Yanit suresi p99 esigi asti, 83 ms",dc2,rack-C,prod
ALM-02378,2026-09-10T02:40:17,OBM,ao-043-load,load-balancer,2,disk_warn,"Disk kullanimi uyari seviyesinde, yuzde 76 dolu",dc1,rack-B,prod
ALM-00858,2026-09-10T02:40:28,SyslogNG,ao-053-payment,payment-provider-gw,5,ext_unreach,"Dis servis payment-provider-gw erisilemiyor, HTTP 504",dc1,rack-C,prod
ALM-02362,2026-09-10T02:40:31,Zabbix,ao-001-api,api-gateway,3,latency_high,"Yanit suresi p99 esigi asti, 20 ms",dc1,rack-B,prod
ALM-01837,2026-09-10T02:40:32,Prometheus,ao-043-load,load-balancer,3,cpu_high,CPU kullanimi yuzde 27,dc1,rack-B,prod
ALM-01331,2026-09-10T02:40:34,Prometheus,ao-046-dns,dns-resolver,2,ntp_drift,Saat sapmasi 55 ms,dc2,rack-B,prod
ALM-01478,2026-09-10T02:40:34,OBM,ao-039-message,message-queue,3,network_flap,Arayuz eth0 link durumu 31 kez degisti,dc1,rack-A,prod
ALM-00850,2026-09-10T02:40:37,Zabbix,ao-052-payment,payment-provider-gw,5,ext_unreach,"Dis servis payment-provider-gw erisilemiyor, HTTP 504",dc2,rack-B,prod
ALM-00857,2026-09-10T02:40:37,AppDynamics,ao-053-payment,payment-provider-gw,5,ext_slow,Dis servis payment-provider-gw yanit suresi 503 ms,dc1,rack-C,prod
ALM-02294,2026-09-10T02:40:38,OBM,ao-010-auth,auth-service,3,backup_warn,Yedekleme isi 72 dakika gecikmeli tamamlandi,dc2,rack-B,prod
ALM-00851,2026-09-10T02:40:43,OBM,ao-052-payment,payment-provider-gw,5,ext_slow,Dis servis payment-provider-gw yanit suresi 504 ms,dc2,rack-B,prod
ALM-00866,2026-09-10T02:40:43,OBM,ao-054-payment,payment-provider-gw,5,ext_slow,Dis servis payment-provider-gw yanit suresi 502 ms,dc2,rack-A,prod
ALM-00867,2026-09-10T02:40:49,SyslogNG,ao-054-payment,payment-provider-gw,5,ext_slow,Dis servis payment-provider-gw yanit suresi 503 ms,dc2,rack-A,prod
ALM-02517,2026-09-10T02:40:51,Zabbix,ao-032-subscriber,subscriber-db,2,network_flap,Arayuz bond0 link durumu 84 kez degisti,dc2,rack-C,prod
ALM-02914,2026-09-10T02:40:58,Zabbix,ao-023-charging,charging-service,2,backup_warn,Yedekleme isi 27 dakika gecikmeli tamamlandi,dc1,rack-C,prod
ALM-02708,2026-09-10T02:40:59,AppDynamics,ao-027-order,order-service,3,cert_expiry,Sertifika 52 gun icinde suresi dolacak,dc1,rack-A,prod
ALM-01676,2026-09-10T02:41:02,OBM,ao-052-payment,payment-provider-gw,2,mem_high,Bellek kullanimi yuzde 27 seviyesinde,dc2,rack-B,prod
ALM-00868,2026-09-10T02:41:04,OBM,ao-054-payment,payment-provider-gw,5,ext_unreach,"Dis servis payment-provider-gw erisilemiyor, HTTP 504",dc2,rack-A,prod
ALM-02131,2026-09-10T02:41:05,Prometheus,ao-050-reconciliation,reconciliation-batch,1,disk_warn,"Disk kullanimi uyari seviyesinde, yuzde 62 dolu",dc2,rack-C,prod
ALM-01758,2026-09-10T02:41:06,Zabbix,ao-056-kyc,kyc-provider-gw,3,backup_warn,Yedekleme isi 25 dakika gecikmeli tamamlandi,dc2,rack-C,prod
ALM-01372,2026-09-10T02:41:07,AppDynamics,ao-037-cache,cache-cluster,1,mem_high,Bellek kullanimi yuzde 81 seviyesinde,dc1,rack-B,prod
ALM-01691,2026-09-10T02:41:09,Zabbix,ao-031-subscriber,subscriber-db,3,ntp_drift,Saat sapmasi 83 ms,dc1,rack-B,prod
ALM-02818,2026-09-10T02:41:11,SyslogNG,ao-007-web,web-bff,2,cpu_high,CPU kullanimi yuzde 57,dc1,rack-B,prod
ALM-00987,2026-09-10T02:41:12,AppDynamics,ao-028-order,order-service,5,http_5xx,"HTTP 5xx hata orani esigi asti, oran yuzde 76",dc2,rack-B,prod
ALM-00852,2026-09-10T02:41:13,Zabbix,ao-052-payment,payment-provider-gw,5,ext_unreach,"Dis servis payment-provider-gw erisilemiyor, HTTP 504",dc2,rack-B,prod
ALM-01019,2026-09-10T02:41:13,Prometheus,ao-004-mobile,mobile-bff,4,timeout,payment-provider-gw servisine yapilan cagri zaman asimina ugradi (87 ms),dc2,rack-B,prod
ALM-01991,2026-09-10T02:41:13,Zabbix,ao-028-order,order-service,1,backup_warn,Yedekleme isi 20 dakika gecikmeli tamamlandi,dc2,rack-B,prod
ALM-01724,2026-09-10T02:41:15,Prometheus,ao-049-invoice,invoice-batch,3,latency_high,"Yanit suresi p99 esigi asti, 48 ms",dc1,rack-B,prod
ALM-02963,2026-09-10T02:41:16,SyslogNG,ao-055-sms,sms-gateway,1,disk_warn,"Disk kullanimi uyari seviyesinde, yuzde 65 dolu",dc1,rack-B,prod
ALM-00908,2026-09-10T02:41:17,AppDynamics,ao-025-payment,payment-service,5,timeout,payment-provider-gw servisine yapilan cagri zaman asimina ugradi (95 ms),dc1,rack-B,prod
ALM-00859,2026-09-10T02:41:18,AppDynamics,ao-053-payment,payment-provider-gw,5,ext_slow,Dis servis payment-provider-gw yanit suresi 504 ms,dc1,rack-C,prod
ALM-02144,2026-09-10T02:41:18,Zabbix,ao-051-report,report-batch,1,network_flap,Arayuz bond0 link durumu 61 kez degisti,dc1,rack-A,prod
ALM-02463,2026-09-10T02:41:18,SyslogNG,ao-039-message,message-queue,3,disk_warn,"Disk kullanimi uyari seviyesinde, yuzde 38 dolu",dc1,rack-A,prod
ALM-02230,2026-09-10T02:41:21,OBM,ao-039-message,message-queue,1,cpu_high,CPU kullanimi yuzde 52,dc1,rack-A,prod
ALM-00936,2026-09-10T02:41:22,Prometheus,ao-026-payment,payment-service,4,timeout,payment-provider-gw servisine yapilan cagri zaman asimina ugradi (87 ms),dc2,rack-C,prod
ALM-00860,2026-09-10T02:41:28,Zabbix,ao-053-payment,payment-provider-gw,5,ext_unreach,"Dis servis payment-provider-gw erisilemiyor, HTTP 504",dc1,rack-C,prod
ALM-02787,2026-09-10T02:41:29,AppDynamics,ao-035-billing,billing-db,1,cert_expiry,Sertifika 53 gun icinde suresi dolacak,dc1,rack-C,prod
ALM-02957,2026-09-10T02:41:29,SyslogNG,ao-034-billing,billing-db,2,mem_high,Bellek kullanimi yuzde 52 seviyesinde,dc2,rack-B,prod
ALM-01604,2026-09-10T02:41:31,AppDynamics,ao-014-session,session-service,1,mem_high,Bellek kullanimi yuzde 53 seviyesinde,dc2,rack-C,prod
ALM-02255,2026-09-10T02:41:33,OBM,ao-025-payment,payment-service,1,mem_high,Bellek kullanimi yuzde 31 seviyesinde,dc1,rack-B,prod
ALM-00962,2026-09-10T02:41:37,SyslogNG,ao-027-order,order-service,4,txn_fail,"Islem basarisiz, hata orani yuzde 97",dc1,rack-A,prod
ALM-01751,2026-09-10T02:41:37,OBM,ao-032-subscriber,subscriber-db,2,ntp_drift,Saat sapmasi 72 ms,dc2,rack-C,prod
ALM-00874,2026-09-10T02:41:42,AppDynamics,ao-024-payment,payment-service,4,http_5xx,"HTTP 5xx hata orani esigi asti, oran yuzde 70",dc2,rack-A,prod
ALM-01020,2026-09-10T02:41:46,SyslogNG,ao-004-mobile,mobile-bff,4,http_5xx,"HTTP 5xx hata orani esigi asti, oran yuzde 88",dc2,rack-B,prod
ALM-02848,2026-09-10T02:41:46,AppDynamics,ao-004-mobile,mobile-bff,1,latency_high,"Yanit suresi p99 esigi asti, 52 ms",dc2,rack-B,prod
ALM-01051,2026-09-10T02:41:47,SyslogNG,ao-005-mobile,mobile-bff,4,txn_fail,"Islem basarisiz, hata orani yuzde 81",dc1,rack-C,prod
ALM-02213,2026-09-10T02:41:49,OBM,ao-046-dns,dns-resolver,3,cert_expiry,Sertifika 88 gun icinde suresi dolacak,dc2,rack-B,prod
ALM-00853,2026-09-10T02:41:51,Zabbix,ao-052-payment,payment-provider-gw,5,ext_unreach,"Dis servis payment-provider-gw erisilemiyor, HTTP 503",dc2,rack-B,prod
ALM-00869,2026-09-10T02:41:54,Prometheus,ao-054-payment,payment-provider-gw,5,ext_slow,Dis servis payment-provider-gw yanit suresi 502 ms,dc2,rack-A,prod
ALM-01083,2026-09-10T02:41:54,Prometheus,ao-006-mobile,mobile-bff,4,timeout,payment-provider-gw servisine yapilan cagri zaman asimina ugradi (83 ms),dc2,rack-A,prod
ALM-00961,2026-09-10T02:41:56,Zabbix,ao-027-order,order-service,4,txn_fail,"Islem basarisiz, hata orani yuzde 76",dc1,rack-A,prod
ALM-01082,2026-09-10T02:41:56,Prometheus,ao-006-mobile,mobile-bff,4,txn_fail,"Islem basarisiz, hata orani yuzde 77",dc2,rack-A,prod
ALM-00870,2026-09-10T02:41:58,OBM,ao-054-payment,payment-provider-gw,5,ext_slow,Dis servis payment-provider-gw yanit suresi 502 ms,dc2,rack-A,prod
ALM-00988,2026-09-10T02:42:00,AppDynamics,ao-028-order,order-service,4,timeout,payment-provider-gw servisine yapilan cagri zaman asimina ugradi (76 ms),dc2,rack-B,prod
ALM-01344,2026-09-10T02:42:00,SyslogNG,ao-010-auth,auth-service,4,log_rotate,"Log rotasyonu beklenenden uzun surdu, 75 saniye",dc2,rack-B,prod
ALM-01284,2026-09-10T02:42:03,Prometheus,ao-002-api,api-gateway,3,mem_high,Bellek kullanimi yuzde 71 seviyesinde,dc2,rack-C,prod
ALM-00871,2026-09-10T02:42:04,Prometheus,ao-054-payment,payment-provider-gw,5,ext_slow,Dis servis payment-provider-gw yanit suresi 503 ms,dc2,rack-A,prod
ALM-01477,2026-09-10T02:42:04,Prometheus,ao-040-message,message-queue,2,ntp_drift,Saat sapmasi 45 ms,dc2,rack-B,prod
ALM-01852,2026-09-10T02:42:05,AppDynamics,ao-055-sms,sms-gateway,1,backup_warn,Yedekleme isi 54 dakika gecikmeli tamamlandi,dc1,rack-B,prod
ALM-00854,2026-09-10T02:42:08,AppDynamics,ao-052-payment,payment-provider-gw,5,ext_unreach,"Dis servis payment-provider-gw erisilemiyor, HTTP 503",dc2,rack-B,prod
ALM-00862,2026-09-10T02:42:10,Prometheus,ao-053-payment,payment-provider-gw,5,ext_unreach,"Dis servis payment-provider-gw erisilemiyor, HTTP 503",dc1,rack-C,prod
ALM-00909,2026-09-10T02:42:10,Zabbix,ao-025-payment,payment-service,5,txn_fail,"Islem basarisiz, hata orani yuzde 89",dc1,rack-B,prod
ALM-00797,2026-09-10T02:42:12,Prometheus,ao-011-auth,auth-service,3,latency_high,"Yanit suresi p99 esigi asti, 98 ms",dc1,rack-C,prod
ALM-02331,2026-09-10T02:42:16,Zabbix,ao-053-payment,payment-provider-gw,2,network_flap,Arayuz eth0 link durumu 51 kez degisti,dc1,rack-C,prod
ALM-00875,2026-09-10T02:42:18,Prometheus,ao-024-payment,payment-service,4,http_5xx,"HTTP 5xx hata orani esigi asti, oran yuzde 70",dc2,rack-A,prod
ALM-02098,2026-09-10T02:42:20,AppDynamics,ao-026-payment,payment-service,1,backup_warn,Yedekleme isi 88 dakika gecikmeli tamamlandi,dc2,rack-C,prod
ALM-00861,2026-09-10T02:42:22,OBM,ao-053-payment,payment-provider-gw,5,ext_slow,Dis servis payment-provider-gw yanit suresi 504 ms,dc1,rack-C,prod
ALM-01822,2026-09-10T02:42:23,Zabbix,ao-055-sms,sms-gateway,3,mem_high,Bellek kullanimi yuzde 32 seviyesinde,dc1,rack-B,prod
ALM-00789,2026-09-10T02:42:24,SyslogNG,ao-010-auth,auth-service,3,latency_high,"Yanit suresi p99 esigi asti, 80 ms",dc2,rack-B,prod
ALM-00825,2026-09-10T02:42:24,SyslogNG,ao-006-mobile,mobile-bff,3,timeout,session-service servisine yapilan cagri zaman asimina ugradi (71 ms),dc2,rack-A,prod
ALM-00876,2026-09-10T02:42:24,Prometheus,ao-024-payment,payment-service,5,txn_fail,"Islem basarisiz, hata orani yuzde 93",dc2,rack-A,prod
ALM-02310,2026-09-10T02:42:24,OBM,ao-036-billing,billing-db,3,cert_expiry,Sertifika 50 gun icinde suresi dolacak,dc2,rack-A,prod
ALM-02367,2026-09-10T02:42:26,SyslogNG,ao-002-api,api-gateway,1,latency_high,"Yanit suresi p99 esigi asti, 30 ms",dc2,rack-C,prod
ALM-00937,2026-09-10T02:42:27,AppDynamics,ao-026-payment,payment-service,5,timeout,payment-provider-gw servisine yapilan cagri zaman asimina ugradi (99 ms),dc2,rack-C,prod
ALM-01084,2026-09-10T02:42:27,Zabbix,ao-006-mobile,mobile-bff,4,http_5xx,"HTTP 5xx hata orani esigi asti, oran yuzde 76",dc2,rack-A,prod
ALM-01678,2026-09-10T02:42:27,OBM,ao-011-auth,auth-service,2,ntp_drift,Saat sapmasi 26 ms,dc1,rack-C,prod
ALM-00856,2026-09-10T02:42:30,OBM,ao-052-payment,payment-provider-gw,5,ext_unreach,"Dis servis payment-provider-gw erisilemiyor, HTTP 503",dc2,rack-B,prod
ALM-01052,2026-09-10T02:42:34,Prometheus,ao-005-mobile,mobile-bff,4,http_5xx,"HTTP 5xx hata orani esigi asti, oran yuzde 71",dc1,rack-C,prod
ALM-02817,2026-09-10T02:42:34,OBM,ao-002-api,api-gateway,3,log_rotate,"Log rotasyonu beklenenden uzun surdu, 87 saniye",dc2,rack-C,prod
ALM-01264,2026-09-10T02:42:36,OBM,ao-022-charging,charging-service,2,backup_warn,Yedekleme isi 27 dakika gecikmeli tamamlandi,dc2,rack-B,prod
ALM-00770,2026-09-10T02:42:38,Zabbix,ao-014-session,session-service,5,oom_risk,"Heap kullanimi kritik, OutOfMemory riski",dc2,rack-C,prod
ALM-00938,2026-09-10T02:42:38,OBM,ao-026-payment,payment-service,5,txn_fail,"Islem basarisiz, hata orani yuzde 92",dc2,rack-C,prod
ALM-00834,2026-09-10T02:42:40,AppDynamics,ao-007-web,web-bff,3,latency_high,"Yanit suresi p99 esigi asti, 98 ms",dc1,rack-B,prod
ALM-00816,2026-09-10T02:42:41,Prometheus,ao-005-mobile,mobile-bff,3,timeout,session-service servisine yapilan cagri zaman asimina ugradi (71 ms),dc1,rack-C,prod
ALM-00842,2026-09-10T02:42:41,Prometheus,ao-008-web,web-bff,3,timeout,session-service servisine yapilan cagri zaman asimina ugradi (70 ms),dc2,rack-C,prod
ALM-00777,2026-09-10T02:42:42,OBM,ao-009-auth,auth-service,3,latency_high,"Yanit suresi p99 esigi asti, 96 ms",dc1,rack-A,prod
ALM-02409,2026-09-10T02:42:43,OBM,ao-053-payment,payment-provider-gw,4,latency_high,"Yanit suresi p99 esigi asti, 83 ms",dc1,rack-C,prod
ALM-02741,2026-09-10T02:42:43,Zabbix,ao-027-order,order-service,2,ntp_drift,Saat sapmasi 74 ms,dc1,rack-A,prod
ALM-01292,2026-09-10T02:42:45,SyslogNG,ao-048-batch,batch-scheduler,3,cert_expiry,Sertifika 81 gun icinde suresi dolacak,dc2,rack-A,prod
ALM-02130,2026-09-10T02:42:46,AppDynamics,ao-005-mobile,mobile-bff,3,ntp_drift,Saat sapmasi 77 ms,dc1,rack-C,prod
ALM-01337,2026-09-10T02:42:47,OBM,ao-039-message,message-queue,4,disk_warn,"Disk kullanimi uyari seviyesinde, yuzde 67 dolu",dc1,rack-A,prod
ALM-00863,2026-09-10T02:42:48,Zabbix,ao-053-payment,payment-provider-gw,5,ext_slow,Dis servis payment-provider-gw yanit suresi 503 ms,dc1,rack-C,prod
ALM-02589,2026-09-10T02:42:48,Zabbix,ao-041-object,object-store,1,network_flap,Arayuz eth1 link durumu 28 kez degisti,dc1,rack-C,prod
ALM-02135,2026-09-10T02:42:49,AppDynamics,ao-023-charging,charging-service,3,cert_expiry,Sertifika 81 gun icinde suresi dolacak,dc1,rack-C,prod
ALM-00809,2026-09-10T02:42:53,Prometheus,ao-004-mobile,mobile-bff,3,timeout,session-service servisine yapilan cagri zaman asimina ugradi (76 ms),dc2,rack-B,prod
ALM-00989,2026-09-10T02:42:54,OBM,ao-028-order,order-service,5,timeout,payment-provider-gw servisine yapilan cagri zaman asimina ugradi (90 ms),dc2,rack-B,prod
ALM-00855,2026-09-10T02:42:56,Zabbix,ao-052-payment,payment-provider-gw,5,ext_slow,Dis servis payment-provider-gw yanit suresi 503 ms,dc2,rack-B,prod
ALM-00872,2026-09-10T02:42:56,SyslogNG,ao-054-payment,payment-provider-gw,5,ext_slow,Dis servis payment-provider-gw yanit suresi 504 ms,dc2,rack-A,prod
ALM-02133,2026-09-10T02:42:56,SyslogNG,ao-046-dns,dns-resolver,3,ntp_drift,Saat sapmasi 85 ms,dc2,rack-B,prod
ALM-01986,2026-09-10T02:42:59,Zabbix,ao-015-subscriber,subscriber-service,1,ntp_drift,Saat sapmasi 22 ms,dc1,rack-A,prod
ALM-00910,2026-09-10T02:43:00,Zabbix,ao-025-payment,payment-service,4,timeout,payment-provider-gw servisine yapilan cagri zaman asimina ugradi (80 ms),dc1,rack-B,prod
ALM-00877,2026-09-10T02:43:01,OBM,ao-024-payment,payment-service,4,timeout,payment-provider-gw servisine yapilan cagri zaman asimina ugradi (91 ms),dc2,rack-A,prod
ALM-02342,2026-09-10T02:43:01,AppDynamics,ao-013-session,session-service,1,latency_high,"Yanit suresi p99 esigi asti, 55 ms",dc1,rack-B,prod
ALM-02905,2026-09-10T02:43:02,Zabbix,ao-018-billing,billing-service,3,backup_warn,Yedekleme isi 82 dakika gecikmeli tamamlandi,dc2,rack-A,prod
ALM-01053,2026-09-10T02:43:04,SyslogNG,ao-005-mobile,mobile-bff,5,timeout,payment-provider-gw servisine yapilan cagri zaman asimina ugradi (85 ms),dc1,rack-C,prod
ALM-00752,2026-09-10T02:43:06,SyslogNG,ao-013-session,session-service,5,oom_risk,"Heap kullanimi kritik, OutOfMemory riski",dc1,rack-B,prod
ALM-00963,2026-09-10T02:43:09,OBM,ao-027-order,order-service,4,timeout,payment-provider-gw servisine yapilan cagri zaman asimina ugradi (84 ms),dc1,rack-A,prod
ALM-01295,2026-09-10T02:43:09,SyslogNG,ao-033-subscriber,subscriber-db,1,disk_warn,"Disk kullanimi uyari seviyesinde, yuzde 35 dolu",dc1,rack-A,prod
ALM-01413,2026-09-10T02:43:09,OBM,ao-045-dns,dns-resolver,2,backup_warn,Yedekleme isi 63 dakika gecikmeli tamamlandi,dc1,rack-A,prod
ALM-01021,2026-09-10T02:43:10,OBM,ao-004-mobile,mobile-bff,5,http_5xx,"HTTP 5xx hata orani esigi asti, oran yuzde 87",dc2,rack-B,prod
ALM-02173,2026-09-10T02:43:10,AppDynamics,ao-055-sms,sms-gateway,2,disk_warn,"Disk kullanimi uyari seviyesinde, yuzde 55 dolu",dc1,rack-B,prod
ALM-01402,2026-09-10T02:43:12,Prometheus,ao-054-payment,payment-provider-gw,1,ntp_drift,Saat sapmasi 76 ms,dc2,rack-A,prod
ALM-02972,2026-09-10T02:43:12,OBM,ao-029-catalog,catalog-service,2,mem_high,Bellek kullanimi yuzde 36 seviyesinde,dc1,rack-C,prod
ALM-01281,2026-09-10T02:43:13,Prometheus,ao-051-report,report-batch,3,mem_high,Bellek kullanimi yuzde 83 seviyesinde,dc1,rack-A,prod
ALM-01961,2026-09-10T02:43:14,SyslogNG,ao-051-report,report-batch,2,network_flap,Arayuz ens192 link durumu 76 kez degisti,dc1,rack-A,prod
ALM-01339,2026-09-10T02:43:16,OBM,ao-014-session,session-service,2,backup_warn,Yedekleme isi 65 dakika gecikmeli tamamlandi,dc2,rack-C,prod
ALM-02164,2026-09-10T02:43:19,AppDynamics,ao-042-load,load-balancer,2,backup_warn,Yedekleme isi 52 dakika gecikmeli tamamlandi,dc2,rack-A,prod
ALM-00864,2026-09-10T02:43:21,OBM,ao-053-payment,payment-provider-gw,5,ext_unreach,"Dis servis payment-provider-gw erisilemiyor, HTTP 504",dc1,rack-C,prod
ALM-02645,2026-09-10T02:43:22,AppDynamics,ao-034-billing,billing-db,2,mem_high,Bellek kullanimi yuzde 27 seviyesinde,dc2,rack-B,prod
ALM-00939,2026-09-10T02:43:23,SyslogNG,ao-026-payment,payment-service,5,txn_fail,"Islem basarisiz, hata orani yuzde 80",dc2,rack-C,prod
ALM-02079,2026-09-10T02:43:23,SyslogNG,ao-053-payment,payment-provider-gw,1,cert_expiry,Sertifika 45 gun icinde suresi dolacak,dc1,rack-C,prod
ALM-00865,2026-09-10T02:43:24,AppDynamics,ao-053-payment,payment-provider-gw,5,ext_unreach,"Dis servis payment-provider-gw erisilemiyor, HTTP 502",dc1,rack-C,prod
ALM-01598,2026-09-10T02:43:25,AppDynamics,ao-010-auth,auth-service,2,backup_warn,Yedekleme isi 71 dakika gecikmeli tamamlandi,dc2,rack-B,prod
ALM-00734,2026-09-10T02:43:26,SyslogNG,ao-012-session,session-service,5,oom_risk,"Heap kullanimi kritik, OutOfMemory riski",dc2,rack-A,prod
ALM-00911,2026-09-10T02:43:28,Zabbix,ao-025-payment,payment-service,4,timeout,payment-provider-gw servisine yapilan cagri zaman asimina ugradi (94 ms),dc1,rack-B,prod
ALM-01054,2026-09-10T02:43:31,Zabbix,ao-005-mobile,mobile-bff,4,txn_fail,"Islem basarisiz, hata orani yuzde 87",dc1,rack-C,prod
ALM-01334,2026-09-10T02:43:31,OBM,ao-027-order,order-service,2,network_flap,Arayuz bond0 link durumu 56 kez degisti,dc1,rack-A,prod
ALM-01023,2026-09-10T02:43:33,AppDynamics,ao-004-mobile,mobile-bff,4,txn_fail,"Islem basarisiz, hata orani yuzde 74",dc2,rack-B,prod
ALM-00878,2026-09-10T02:43:34,Prometheus,ao-024-payment,payment-service,5,timeout,payment-provider-gw servisine yapilan cagri zaman asimina ugradi (79 ms),dc2,rack-A,prod
ALM-01085,2026-09-10T02:43:34,OBM,ao-006-mobile,mobile-bff,5,http_5xx,"HTTP 5xx hata orani esigi asti, oran yuzde 71",dc2,rack-A,prod
ALM-00964,2026-09-10T02:43:36,AppDynamics,ao-027-order,order-service,4,txn_fail,"Islem basarisiz, hata orani yuzde 87",dc1,rack-A,prod
ALM-01022,2026-09-10T02:43:36,Prometheus,ao-004-mobile,mobile-bff,4,txn_fail,"Islem basarisiz, hata orani yuzde 85",dc2,rack-B,prod
ALM-02944,2026-09-10T02:43:37,AppDynamics,ao-044-load,load-balancer,2,ntp_drift,Saat sapmasi 71 ms,dc2,rack-C,prod
ALM-02636,2026-09-10T02:43:40,AppDynamics,ao-032-subscriber,subscriber-db,1,cert_expiry,Sertifika 41 gun icinde suresi dolacak,dc2,rack-C,prod
ALM-00990,2026-09-10T02:43:42,AppDynamics,ao-028-order,order-service,4,txn_fail,"Islem basarisiz, hata orani yuzde 96",dc2,rack-B,prod
ALM-00873,2026-09-10T02:43:45,OBM,ao-054-payment,payment-provider-gw,5,ext_slow,Dis servis payment-provider-gw yanit suresi 502 ms,dc2,rack-A,prod
ALM-02725,2026-09-10T02:43:47,AppDynamics,ao-047-ntp,ntp-service,2,backup_warn,Yedekleme isi 52 dakika gecikmeli tamamlandi,dc1,rack-C,prod
ALM-01387,2026-09-10T02:43:48,OBM,ao-041-object,object-store,2,network_flap,Arayuz eth0 link durumu 49 kez degisti,dc1,rack-C,prod
ALM-02480,2026-09-10T02:43:50,AppDynamics,ao-013-session,session-service,2,cert_expiry,Sertifika 24 gun icinde suresi dolacak,dc1,rack-B,prod
ALM-00912,2026-09-10T02:43:51,OBM,ao-025-payment,payment-service,5,txn_fail,"Islem basarisiz, hata orani yuzde 94",dc1,rack-B,prod
ALM-02644,2026-09-10T02:43:51,Prometheus,ao-042-load,load-balancer,1,cpu_high,CPU kullanimi yuzde 33,dc2,rack-A,prod
ALM-00940,2026-09-10T02:43:52,SyslogNG,ao-026-payment,payment-service,5,timeout,payment-provider-gw servisine yapilan cagri zaman asimina ugradi (74 ms),dc2,rack-C,prod
ALM-01571,2026-09-10T02:44:06,AppDynamics,ao-010-auth,auth-service,1,ntp_drift,Saat sapmasi 47 ms,dc2,rack-B,prod
ALM-01086,2026-09-10T02:44:07,OBM,ao-006-mobile,mobile-bff,4,txn_fail,"Islem basarisiz, hata orani yuzde 91",dc2,rack-A,prod
ALM-00965,2026-09-10T02:44:13,OBM,ao-027-order,order-service,5,http_5xx,"HTTP 5xx hata orani esigi asti, oran yuzde 77",dc1,rack-A,prod
ALM-00991,2026-09-10T02:44:13,Zabbix,ao-028-order,order-service,4,txn_fail,"Islem basarisiz, hata orani yuzde 76",dc2,rack-B,prod
ALM-01056,2026-09-10T02:44:13,Prometheus,ao-005-mobile,mobile-bff,5,txn_fail,"Islem basarisiz, hata orani yuzde 84",dc1,rack-C,prod
ALM-02118,2026-09-10T02:44:13,OBM,ao-038-cache,cache-cluster,2,latency_high,"Yanit suresi p99 esigi asti, 71 ms",dc2,rack-C,prod
ALM-02515,2026-09-10T02:44:15,SyslogNG,ao-026-payment,payment-service,1,cert_expiry,Sertifika 36 gun icinde suresi dolacak,dc2,rack-C,prod
ALM-02338,2026-09-10T02:44:17,SyslogNG,ao-021-charging,charging-service,4,mem_high,Bellek kullanimi yuzde 35 seviyesinde,dc1,rack-A,prod
ALM-01055,2026-09-10T02:44:22,OBM,ao-005-mobile,mobile-bff,4,http_5xx,"HTTP 5xx hata orani esigi asti, oran yuzde 88",dc1,rack-C,prod
ALM-02495,2026-09-10T02:44:24,SyslogNG,ao-013-session,session-service,2,backup_warn,Yedekleme isi 47 dakika gecikmeli tamamlandi,dc1,rack-B,prod
ALM-00879,2026-09-10T02:44:25,Zabbix,ao-024-payment,payment-service,5,http_5xx,"HTTP 5xx hata orani esigi asti, oran yuzde 91",dc2,rack-A,prod
ALM-00966,2026-09-10T02:44:34,AppDynamics,ao-027-order,order-service,5,txn_fail,"Islem basarisiz, hata orani yuzde 79",dc1,rack-A,prod
ALM-01489,2026-09-10T02:44:36,Prometheus,ao-010-auth,auth-service,1,mem_high,Bellek kullanimi yuzde 45 seviyesinde,dc2,rack-B,prod
ALM-02507,2026-09-10T02:44:40,AppDynamics,ao-015-subscriber,subscriber-service,1,ntp_drift,Saat sapmasi 69 ms,dc1,rack-A,prod
ALM-00941,2026-09-10T02:44:43,Prometheus,ao-026-payment,payment-service,4,timeout,payment-provider-gw servisine yapilan cagri zaman asimina ugradi (98 ms),dc2,rack-C,prod
ALM-01936,2026-09-10T02:44:43,OBM,ao-016-subscriber,subscriber-service,2,cert_expiry,Sertifika 82 gun icinde suresi dolacak,dc2,rack-B,prod
ALM-01087,2026-09-10T02:44:44,Prometheus,ao-006-mobile,mobile-bff,5,http_5xx,"HTTP 5xx hata orani esigi asti, oran yuzde 91",dc2,rack-A,prod
ALM-01780,2026-09-10T02:44:44,Prometheus,ao-025-payment,payment-service,2,ntp_drift,Saat sapmasi 62 ms,dc1,rack-B,prod
ALM-02840,2026-09-10T02:44:45,OBM,ao-024-payment,payment-service,1,backup_warn,Yedekleme isi 85 dakika gecikmeli tamamlandi,dc2,rack-A,prod
ALM-00992,2026-09-10T02:44:48,SyslogNG,ao-028-order,order-service,5,timeout,payment-provider-gw servisine yapilan cagri zaman asimina ugradi (83 ms),dc2,rack-B,prod
ALM-01025,2026-09-10T02:44:49,Prometheus,ao-004-mobile,mobile-bff,4,timeout,payment-provider-gw servisine yapilan cagri zaman asimina ugradi (90 ms),dc2,rack-B,prod
ALM-01749,2026-09-10T02:44:50,OBM,ao-028-order,order-service,3,cpu_high,CPU kullanimi yuzde 85,dc2,rack-B,prod
ALM-00880,2026-09-10T02:44:51,Zabbix,ao-024-payment,payment-service,4,http_5xx,"HTTP 5xx hata orani esigi asti, oran yuzde 83",dc2,rack-A,prod
ALM-00913,2026-09-10T02:44:52,SyslogNG,ao-025-payment,payment-service,4,timeout,payment-provider-gw servisine yapilan cagri zaman asimina ugradi (76 ms),dc1,rack-B,prod
ALM-00914,2026-09-10T02:44:56,SyslogNG,ao-025-payment,payment-service,5,txn_fail,"Islem basarisiz, hata orani yuzde 92",dc1,rack-B,prod
ALM-01601,2026-09-10T02:44:57,OBM,ao-047-ntp,ntp-service,3,log_rotate,"Log rotasyonu beklenenden uzun surdu, 58 saniye",dc1,rack-C,prod
ALM-01024,2026-09-10T02:44:59,SyslogNG,ao-004-mobile,mobile-bff,5,http_5xx,"HTTP 5xx hata orani esigi asti, oran yuzde 93",dc2,rack-B,prod
ALM-00993,2026-09-10T02:45:00,OBM,ao-028-order,order-service,4,txn_fail,"Islem basarisiz, hata orani yuzde 97",dc2,rack-B,prod
ALM-02595,2026-09-10T02:45:00,OBM,ao-005-mobile,mobile-bff,2,cert_expiry,Sertifika 79 gun icinde suresi dolacak,dc1,rack-C,prod
ALM-00942,2026-09-10T02:45:01,Zabbix,ao-026-payment,payment-service,5,http_5xx,"HTTP 5xx hata orani esigi asti, oran yuzde 80",dc2,rack-C,prod
ALM-01057,2026-09-10T02:45:02,OBM,ao-005-mobile,mobile-bff,5,timeout,payment-provider-gw servisine yapilan cagri zaman asimina ugradi (83 ms),dc1,rack-C,prod
ALM-01829,2026-09-10T02:45:02,OBM,ao-046-dns,dns-resolver,2,backup_warn,Yedekleme isi 22 dakika gecikmeli tamamlandi,dc2,rack-B,prod
ALM-00798,2026-09-10T02:45:03,Prometheus,ao-011-auth,auth-service,3,latency_high,"Yanit suresi p99 esigi asti, 99 ms",dc1,rack-C,prod
ALM-00843,2026-09-10T02:45:05,Zabbix,ao-008-web,web-bff,3,timeout,session-service servisine yapilan cagri zaman asimina ugradi (98 ms),dc2,rack-C,prod
ALM-01637,2026-09-10T02:45:06,SyslogNG,ao-027-order,order-service,3,latency_high,"Yanit suresi p99 esigi asti, 75 ms",dc1,rack-A,prod
ALM-02900,2026-09-10T02:45:07,AppDynamics,ao-045-dns,dns-resolver,1,latency_high,"Yanit suresi p99 esigi asti, 32 ms",dc1,rack-A,prod
ALM-00826,2026-09-10T02:45:10,Prometheus,ao-006-mobile,mobile-bff,3,timeout,session-service servisine yapilan cagri zaman asimina ugradi (85 ms),dc2,rack-A,prod
ALM-00835,2026-09-10T02:45:10,AppDynamics,ao-007-web,web-bff,3,latency_high,"Yanit suresi p99 esigi asti, 86 ms",dc1,rack-B,prod
ALM-02583,2026-09-10T02:45:14,AppDynamics,ao-007-web,web-bff,2,log_rotate,"Log rotasyonu beklenenden uzun surdu, 66 saniye",dc1,rack-B,prod
ALM-02292,2026-09-10T02:45:15,Zabbix,ao-030-notification,notification-service,2,cert_expiry,Sertifika 36 gun icinde suresi dolacak,dc2,rack-A,prod
ALM-00817,2026-09-10T02:45:16,Prometheus,ao-005-mobile,mobile-bff,3,timeout,session-service servisine yapilan cagri zaman asimina ugradi (76 ms),dc1,rack-C,prod
ALM-01491,2026-09-10T02:45:16,Zabbix,ao-009-auth,auth-service,2,ntp_drift,Saat sapmasi 41 ms,dc1,rack-A,prod
ALM-02036,2026-09-10T02:45:19,OBM,ao-041-object,object-store,4,mem_high,Bellek kullanimi yuzde 39 seviyesinde,dc1,rack-C,prod
ALM-00967,2026-09-10T02:45:20,Prometheus,ao-027-order,order-service,4,http_5xx,"HTTP 5xx hata orani esigi asti, oran yuzde 95",dc1,rack-A,prod
ALM-01058,2026-09-10T02:45:20,OBM,ao-005-mobile,mobile-bff,4,http_5xx,"HTTP 5xx hata orani esigi asti, oran yuzde 89",dc1,rack-C,prod
ALM-02530,2026-09-10T02:45:22,Zabbix,ao-009-auth,auth-service,1,latency_high,"Yanit suresi p99 esigi asti, 73 ms",dc1,rack-A,prod
ALM-00778,2026-09-10T02:45:23,OBM,ao-009-auth,auth-service,3,timeout,session-service servisine yapilan cagri zaman asimina ugradi (86 ms),dc1,rack-A,prod
ALM-01089,2026-09-10T02:45:25,AppDynamics,ao-006-mobile,mobile-bff,4,txn_fail,"Islem basarisiz, hata orani yuzde 75",dc2,rack-A,prod
ALM-02854,2026-09-10T02:45:27,Zabbix,ao-019-billing,billing-service,2,disk_warn,"Disk kullanimi uyari seviyesinde, yuzde 35 dolu",dc1,rack-B,prod
ALM-00915,2026-09-10T02:45:28,SyslogNG,ao-025-payment,payment-service,5,txn_fail,"Islem basarisiz, hata orani yuzde 93",dc1,rack-B,prod
ALM-00810,2026-09-10T02:45:29,AppDynamics,ao-004-mobile,mobile-bff,3,latency_high,"Yanit suresi p99 esigi asti, 96 ms",dc2,rack-B,prod
ALM-01978,2026-09-10T02:45:29,SyslogNG,ao-033-subscriber,subscriber-db,2,cpu_high,CPU kullanimi yuzde 28,dc1,rack-A,prod
ALM-02330,2026-09-10T02:45:31,OBM,ao-023-charging,charging-service,3,ntp_drift,Saat sapmasi 58 ms,dc1,rack-C,prod
ALM-02790,2026-09-10T02:45:31,Prometheus,ao-040-message,message-queue,2,cpu_high,CPU kullanimi yuzde 71,dc2,rack-B,prod
ALM-02810,2026-09-10T02:45:31,SyslogNG,ao-033-subscriber,subscriber-db,1,latency_high,"Yanit suresi p99 esigi asti, 37 ms",dc1,rack-A,prod
ALM-02354,2026-09-10T02:45:32,SyslogNG,ao-054-payment,payment-provider-gw,1,network_flap,Arayuz eth1 link durumu 50 kez degisti,dc2,rack-A,prod
ALM-01088,2026-09-10T02:45:33,AppDynamics,ao-006-mobile,mobile-bff,4,http_5xx,"HTTP 5xx hata orani esigi asti, oran yuzde 87",dc2,rack-A,prod
ALM-00943,2026-09-10T02:45:34,Prometheus,ao-026-payment,payment-service,4,txn_fail,"Islem basarisiz, hata orani yuzde 71",dc2,rack-C,prod
ALM-01984,2026-09-10T02:45:34,AppDynamics,ao-016-subscriber,subscriber-service,4,cert_expiry,Sertifika 57 gun icinde suresi dolacak,dc2,rack-B,prod
ALM-02178,2026-09-10T02:45:34,AppDynamics,ao-044-load,load-balancer,2,backup_warn,Yedekleme isi 85 dakika gecikmeli tamamlandi,dc2,rack-C,prod
ALM-02013,2026-09-10T02:45:35,OBM,ao-033-subscriber,subscriber-db,3,cert_expiry,Sertifika 32 gun icinde suresi dolacak,dc1,rack-A,prod
ALM-02988,2026-09-10T02:45:38,OBM,ao-007-web,web-bff,3,cert_expiry,Sertifika 86 gun icinde suresi dolacak,dc1,rack-B,prod
ALM-02489,2026-09-10T02:45:39,Prometheus,ao-045-dns,dns-resolver,1,cpu_high,CPU kullanimi yuzde 53,dc1,rack-A,prod
ALM-00790,2026-09-10T02:45:42,SyslogNG,ao-010-auth,auth-service,3,latency_high,"Yanit suresi p99 esigi asti, 97 ms",dc2,rack-B,prod
ALM-01619,2026-09-10T02:45:45,SyslogNG,ao-036-billing,billing-db,2,mem_high,Bellek kullanimi yuzde 23 seviyesinde,dc2,rack-A,prod
ALM-00881,2026-09-10T02:45:48,OBM,ao-024-payment,payment-service,5,txn_fail,"Islem basarisiz, hata orani yuzde 76",dc2,rack-A,prod
ALM-00944,2026-09-10T02:45:48,OBM,ao-026-payment,payment-service,5,txn_fail,"Islem basarisiz, hata orani yuzde 92",dc2,rack-C,prod
ALM-01026,2026-09-10T02:45:48,OBM,ao-004-mobile,mobile-bff,4,timeout,payment-provider-gw servisine yapilan cagri zaman asimina ugradi (84 ms),dc2,rack-B,prod
ALM-02259,2026-09-10T02:45:50,SyslogNG,ao-054-payment,payment-provider-gw,2,cert_expiry,Sertifika 49 gun icinde suresi dolacak,dc2,rack-A,prod
ALM-02664,2026-09-10T02:45:52,Prometheus,ao-056-kyc,kyc-provider-gw,1,backup_warn,Yedekleme isi 84 dakika gecikmeli tamamlandi,dc2,rack-C,prod
ALM-02768,2026-09-10T02:45:54,Zabbix,ao-036-billing,billing-db,2,network_flap,Arayuz eth1 link durumu 43 kez degisti,dc2,rack-A,prod
ALM-00994,2026-09-10T02:45:56,SyslogNG,ao-028-order,order-service,4,timeout,payment-provider-gw servisine yapilan cagri zaman asimina ugradi (74 ms),dc2,rack-B,prod
ALM-01775,2026-09-10T02:45:57,SyslogNG,ao-033-subscriber,subscriber-db,3,cert_expiry,Sertifika 29 gun icinde suresi dolacak,dc1,rack-A,prod
ALM-00968,2026-09-10T02:45:58,Prometheus,ao-027-order,order-service,5,http_5xx,"HTTP 5xx hata orani esigi asti, oran yuzde 85",dc1,rack-A,prod
ALM-01922,2026-09-10T02:46:02,SyslogNG,ao-053-payment,payment-provider-gw,1,log_rotate,"Log rotasyonu beklenenden uzun surdu, 54 saniye",dc1,rack-C,prod
ALM-02722,2026-09-10T02:46:04,SyslogNG,ao-026-payment,payment-service,2,backup_warn,Yedekleme isi 76 dakika gecikmeli tamamlandi,dc2,rack-C,prod
ALM-00969,2026-09-10T02:46:09,AppDynamics,ao-027-order,order-service,4,http_5xx,"HTTP 5xx hata orani esigi asti, oran yuzde 79",dc1,rack-A,prod
ALM-01059,2026-09-10T02:46:09,SyslogNG,ao-005-mobile,mobile-bff,4,txn_fail,"Islem basarisiz, hata orani yuzde 70",dc1,rack-C,prod
ALM-02299,2026-09-10T02:46:12,SyslogNG,ao-011-auth,auth-service,1,latency_high,"Yanit suresi p99 esigi asti, 50 ms",dc1,rack-C,prod
ALM-02166,2026-09-10T02:46:15,AppDynamics,ao-043-load,load-balancer,1,latency_high,"Yanit suresi p99 esigi asti, 47 ms",dc1,rack-B,prod
ALM-01090,2026-09-10T02:46:17,OBM,ao-006-mobile,mobile-bff,4,http_5xx,"HTTP 5xx hata orani esigi asti, oran yuzde 96",dc2,rack-A,prod
ALM-00916,2026-09-10T02:46:21,Prometheus,ao-025-payment,payment-service,5,txn_fail,"Islem basarisiz, hata orani yuzde 78",dc1,rack-B,prod
ALM-02767,2026-09-10T02:46:22,AppDynamics,ao-012-session,session-service,3,mem_high,Bellek kullanimi yuzde 53 seviyesinde,dc2,rack-A,prod
ALM-00882,2026-09-10T02:46:23,AppDynamics,ao-024-payment,payment-service,5,timeout,payment-provider-gw servisine yapilan cagri zaman asimina ugradi (89 ms),dc2,rack-A,prod
ALM-00945,2026-09-10T02:46:27,Zabbix,ao-026-payment,payment-service,4,http_5xx,"HTTP 5xx hata orani esigi asti, oran yuzde 97",dc2,rack-C,prod
ALM-01589,2026-09-10T02:46:34,Zabbix,ao-018-billing,billing-service,2,cpu_high,CPU kullanimi yuzde 72,dc2,rack-A,prod
ALM-00995,2026-09-10T02:46:35,OBM,ao-028-order,order-service,5,timeout,payment-provider-gw servisine yapilan cagri zaman asimina ugradi (92 ms),dc2,rack-B,prod
ALM-02205,2026-09-10T02:46:38,OBM,ao-044-load,load-balancer,2,cpu_high,CPU kullanimi yuzde 20,dc2,rack-C,prod
ALM-02258,2026-09-10T02:46:45,SyslogNG,ao-012-session,session-service,3,disk_warn,"Disk kullanimi uyari seviyesinde, yuzde 80 dolu",dc2,rack-A,prod
ALM-01027,2026-09-10T02:46:46,Zabbix,ao-004-mobile,mobile-bff,4,timeout,payment-provider-gw servisine yapilan cagri zaman asimina ugradi (80 ms),dc2,rack-B,prod
ALM-01091,2026-09-10T02:46:46,Zabbix,ao-006-mobile,mobile-bff,4,timeout,payment-provider-gw servisine yapilan cagri zaman asimina ugradi (82 ms),dc2,rack-A,prod
ALM-01942,2026-09-10T02:46:50,SyslogNG,ao-024-payment,payment-service,1,log_rotate,"Log rotasyonu beklenenden uzun surdu, 43 saniye",dc2,rack-A,prod
ALM-00970,2026-09-10T02:46:52,Zabbix,ao-027-order,order-service,4,txn_fail,"Islem basarisiz, hata orani yuzde 90",dc1,rack-A,prod
ALM-00996,2026-09-10T02:46:55,Zabbix,ao-028-order,order-service,4,http_5xx,"HTTP 5xx hata orani esigi asti, oran yuzde 99",dc2,rack-B,prod
ALM-01060,2026-09-10T02:46:56,SyslogNG,ao-005-mobile,mobile-bff,5,timeout,payment-provider-gw servisine yapilan cagri zaman asimina ugradi (91 ms),dc1,rack-C,prod
ALM-02392,2026-09-10T02:46:58,SyslogNG,ao-025-payment,payment-service,1,cert_expiry,Sertifika 69 gun icinde suresi dolacak,dc1,rack-B,prod
ALM-00883,2026-09-10T02:47:01,Zabbix,ao-024-payment,payment-service,4,timeout,payment-provider-gw servisine yapilan cagri zaman asimina ugradi (81 ms),dc2,rack-A,prod
ALM-02781,2026-09-10T02:47:01,Zabbix,ao-045-dns,dns-resolver,1,log_rotate,"Log rotasyonu beklenenden uzun surdu, 82 saniye",dc1,rack-A,prod
ALM-01731,2026-09-10T02:47:09,Zabbix,ao-031-subscriber,subscriber-db,4,ntp_drift,Saat sapmasi 69 ms,dc1,rack-B,prod
ALM-00917,2026-09-10T02:47:12,AppDynamics,ao-025-payment,payment-service,4,http_5xx,"HTTP 5xx hata orani esigi asti, oran yuzde 85",dc1,rack-B,prod
ALM-01716,2026-09-10T02:47:15,AppDynamics,ao-041-object,object-store,1,mem_high,Bellek kullanimi yuzde 32 seviyesinde,dc1,rack-C,prod
ALM-01028,2026-09-10T02:47:21,OBM,ao-004-mobile,mobile-bff,4,http_5xx,"HTTP 5xx hata orani esigi asti, oran yuzde 77",dc2,rack-B,prod
ALM-00753,2026-09-10T02:47:22,Prometheus,ao-013-session,session-service,5,oom_risk,"Heap kullanimi kritik, OutOfMemory riski",dc1,rack-B,prod
ALM-00997,2026-09-10T02:47:25,SyslogNG,ao-028-order,order-service,5,txn_fail,"Islem basarisiz, hata orani yuzde 94",dc2,rack-B,prod
ALM-02149,2026-09-10T02:47:26,Prometheus,ao-001-api,api-gateway,3,log_rotate,"Log rotasyonu beklenenden uzun surdu, 77 saniye",dc1,rack-B,prod
ALM-02116,2026-09-10T02:47:28,Zabbix,ao-026-payment,payment-service,2,cpu_high,CPU kullanimi yuzde 35,dc2,rack-C,prod
ALM-00735,2026-09-10T02:47:33,Zabbix,ao-012-session,session-service,5,oom_risk,"Heap kullanimi kritik, OutOfMemory riski",dc2,rack-A,prod
ALM-01061,2026-09-10T02:47:33,SyslogNG,ao-005-mobile,mobile-bff,4,http_5xx,"HTTP 5xx hata orani esigi asti, oran yuzde 75",dc1,rack-C,prod
ALM-00771,2026-09-10T02:47:34,OBM,ao-014-session,session-service,5,oom_risk,"Heap kullanimi kritik, OutOfMemory riski",dc2,rack-C,prod
ALM-01916,2026-09-10T02:47:34,Zabbix,ao-024-payment,payment-service,1,backup_warn,Yedekleme isi 48 dakika gecikmeli tamamlandi,dc2,rack-A,prod
ALM-01683,2026-09-10T02:47:36,SyslogNG,ao-049-invoice,invoice-batch,2,ntp_drift,Saat sapmasi 40 ms,dc1,rack-B,prod
ALM-01610,2026-09-10T02:47:37,Zabbix,ao-036-billing,billing-db,2,disk_warn,"Disk kullanimi uyari seviyesinde, yuzde 84 dolu",dc2,rack-A,prod
ALM-00918,2026-09-10T02:47:41,OBM,ao-025-payment,payment-service,5,timeout,payment-provider-gw servisine yapilan cagri zaman asimina ugradi (84 ms),dc1,rack-B,prod
ALM-00947,2026-09-10T02:47:42,SyslogNG,ao-026-payment,payment-service,4,timeout,payment-provider-gw servisine yapilan cagri zaman asimina ugradi (84 ms),dc2,rack-C,prod
ALM-01093,2026-09-10T02:47:46,Zabbix,ao-006-mobile,mobile-bff,4,http_5xx,"HTTP 5xx hata orani esigi asti, oran yuzde 74",dc2,rack-A,prod
ALM-00971,2026-09-10T02:47:48,AppDynamics,ao-027-order,order-service,4,txn_fail,"Islem basarisiz, hata orani yuzde 88",dc1,rack-A,prod
ALM-00884,2026-09-10T02:47:50,AppDynamics,ao-024-payment,payment-service,4,timeout,payment-provider-gw servisine yapilan cagri zaman asimina ugradi (80 ms),dc2,rack-A,prod
ALM-02143,2026-09-10T02:47:53,Zabbix,ao-008-web,web-bff,3,cpu_high,CPU kullanimi yuzde 51,dc2,rack-C,prod
ALM-00946,2026-09-10T02:47:54,AppDynamics,ao-026-payment,payment-service,5,timeout,payment-provider-gw servisine yapilan cagri zaman asimina ugradi (81 ms),dc2,rack-C,prod
ALM-01029,2026-09-10T02:47:54,Zabbix,ao-004-mobile,mobile-bff,4,timeout,payment-provider-gw servisine yapilan cagri zaman asimina ugradi (87 ms),dc2,rack-B,prod
ALM-01953,2026-09-10T02:47:54,Zabbix,ao-010-auth,auth-service,2,cert_expiry,Sertifika 34 gun icinde suresi dolacak,dc2,rack-B,prod
ALM-01324,2026-09-10T02:47:57,Zabbix,ao-028-order,order-service,2,cpu_high,CPU kullanimi yuzde 58,dc2,rack-B,prod
ALM-01092,2026-09-10T02:47:59,Prometheus,ao-006-mobile,mobile-bff,4,timeout,payment-provider-gw servisine yapilan cagri zaman asimina ugradi (93 ms),dc2,rack-A,prod
ALM-02609,2026-09-10T02:47:59,Zabbix,ao-021-charging,charging-service,2,cpu_high,CPU kullanimi yuzde 80,dc1,rack-A,prod
ALM-00827,2026-09-10T02:48:01,OBM,ao-006-mobile,mobile-bff,3,latency_high,"Yanit suresi p99 esigi asti, 95 ms",dc2,rack-A,prod
ALM-00919,2026-09-10T02:48:01,SyslogNG,ao-025-payment,payment-service,5,txn_fail,"Islem basarisiz, hata orani yuzde 92",dc1,rack-B,prod
ALM-00972,2026-09-10T02:48:01,Prometheus,ao-027-order,order-service,5,txn_fail,"Islem basarisiz, hata orani yuzde 98",dc1,rack-A,prod
ALM-02054,2026-09-10T02:48:02,SyslogNG,ao-010-auth,auth-service,1,cert_expiry,Sertifika 36 gun icinde suresi dolacak,dc2,rack-B,prod
ALM-02950,2026-09-10T02:48:04,SyslogNG,ao-006-mobile,mobile-bff,1,cert_expiry,Sertifika 50 gun icinde suresi dolacak,dc2,rack-A,prod
ALM-02201,2026-09-10T02:48:05,Prometheus,ao-024-payment,payment-service,3,cert_expiry,Sertifika 88 gun icinde suresi dolacak,dc2,rack-A,prod
ALM-01062,2026-09-10T02:48:06,Zabbix,ao-005-mobile,mobile-bff,4,txn_fail,"Islem basarisiz, hata orani yuzde 91",dc1,rack-C,prod
ALM-00779,2026-09-10T02:48:09,OBM,ao-009-auth,auth-service,3,latency_high,"Yanit suresi p99 esigi asti, 96 ms",dc1,rack-A,prod
ALM-02447,2026-09-10T02:48:10,SyslogNG,ao-014-session,session-service,1,network_flap,Arayuz eth1 link durumu 24 kez degisti,dc2,rack-C,prod
ALM-01555,2026-09-10T02:48:11,AppDynamics,ao-032-subscriber,subscriber-db,4,disk_warn,"Disk kullanimi uyari seviyesinde, yuzde 51 dolu",dc2,rack-C,prod
ALM-00836,2026-09-10T02:48:14,Zabbix,ao-007-web,web-bff,3,timeout,session-service servisine yapilan cagri zaman asimina ugradi (78 ms),dc1,rack-B,prod
ALM-00885,2026-09-10T02:48:15,SyslogNG,ao-024-payment,payment-service,4,http_5xx,"HTTP 5xx hata orani esigi asti, oran yuzde 76",dc2,rack-A,prod
ALM-00973,2026-09-10T02:48:15,Zabbix,ao-027-order,order-service,5,txn_fail,"Islem basarisiz, hata orani yuzde 88",dc1,rack-A,prod
ALM-00799,2026-09-10T02:48:16,SyslogNG,ao-011-auth,auth-service,3,latency_high,"Yanit suresi p99 esigi asti, 91 ms",dc1,rack-C,prod
ALM-01063,2026-09-10T02:48:16,AppDynamics,ao-005-mobile,mobile-bff,4,txn_fail,"Islem basarisiz, hata orani yuzde 71",dc1,rack-C,prod
ALM-01030,2026-09-10T02:48:22,OBM,ao-004-mobile,mobile-bff,5,txn_fail,"Islem basarisiz, hata orani yuzde 81",dc2,rack-B,prod
ALM-02471,2026-09-10T02:48:22,SyslogNG,ao-030-notification,notification-service,1,cpu_high,CPU kullanimi yuzde 65,dc2,rack-A,prod
ALM-00920,2026-09-10T02:48:23,SyslogNG,ao-025-payment,payment-service,5,txn_fail,"Islem basarisiz, hata orani yuzde 78",dc1,rack-B,prod
ALM-01031,2026-09-10T02:48:23,AppDynamics,ao-004-mobile,mobile-bff,5,http_5xx,"HTTP 5xx hata orani esigi asti, oran yuzde 71",dc2,rack-B,prod
ALM-01486,2026-09-10T02:48:28,AppDynamics,ao-003-api,api-gateway,3,latency_high,"Yanit suresi p99 esigi asti, 50 ms",dc1,rack-A,prod
ALM-00999,2026-09-10T02:48:29,SyslogNG,ao-028-order,order-service,4,txn_fail,"Islem basarisiz, hata orani yuzde 98",dc2,rack-B,prod
ALM-02429,2026-09-10T02:48:29,AppDynamics,ao-018-billing,billing-service,1,cert_expiry,Sertifika 74 gun icinde suresi dolacak,dc2,rack-A,prod
ALM-01094,2026-09-10T02:48:31,Prometheus,ao-006-mobile,mobile-bff,5,timeout,payment-provider-gw servisine yapilan cagri zaman asimina ugradi (75 ms),dc2,rack-A,prod
ALM-00998,2026-09-10T02:48:32,AppDynamics,ao-028-order,order-service,5,txn_fail,"Islem basarisiz, hata orani yuzde 83",dc2,rack-B,prod
ALM-00886,2026-09-10T02:48:33,AppDynamics,ao-024-payment,payment-service,5,http_5xx,"HTTP 5xx hata orani esigi asti, oran yuzde 86",dc2,rack-A,prod
ALM-01956,2026-09-10T02:48:33,OBM,ao-001-api,api-gateway,3,backup_warn,Yedekleme isi 20 dakika gecikmeli tamamlandi,dc1,rack-B,prod
ALM-00948,2026-09-10T02:48:37,OBM,ao-026-payment,payment-service,5,txn_fail,"Islem basarisiz, hata orani yuzde 71",dc2,rack-C,prod
ALM-00791,2026-09-10T02:48:38,Zabbix,ao-010-auth,auth-service,3,timeout,session-service servisine yapilan cagri zaman asimina ugradi (78 ms),dc2,rack-B,prod
ALM-01263,2026-09-10T02:48:39,SyslogNG,ao-008-web,web-bff,2,backup_warn,Yedekleme isi 42 dakika gecikmeli tamamlandi,dc2,rack-C,prod
ALM-02069,2026-09-10T02:48:49,Zabbix,ao-024-payment,payment-service,2,mem_high,Bellek kullanimi yuzde 21 seviyesinde,dc2,rack-A,prod
ALM-00811,2026-09-10T02:48:53,Prometheus,ao-004-mobile,mobile-bff,3,timeout,session-service servisine yapilan cagri zaman asimina ugradi (71 ms),dc2,rack-B,prod
ALM-00818,2026-09-10T02:48:53,Zabbix,ao-005-mobile,mobile-bff,3,timeout,session-service servisine yapilan cagri zaman asimina ugradi (77 ms),dc1,rack-C,prod
ALM-02567,2026-09-10T02:48:53,Zabbix,ao-018-billing,billing-service,3,backup_warn,Yedekleme isi 77 dakika gecikmeli tamamlandi,dc2,rack-A,prod
ALM-00949,2026-09-10T02:48:54,AppDynamics,ao-026-payment,payment-service,5,timeout,payment-provider-gw servisine yapilan cagri zaman asimina ugradi (94 ms),dc2,rack-C,prod
ALM-00844,2026-09-10T02:48:58,AppDynamics,ao-008-web,web-bff,3,timeout,session-service servisine yapilan cagri zaman asimina ugradi (97 ms),dc2,rack-C,prod
ALM-02661,2026-09-10T02:49:01,Zabbix,ao-016-subscriber,subscriber-service,2,cpu_high,CPU kullanimi yuzde 71,dc2,rack-B,prod
ALM-00974,2026-09-10T02:49:05,OBM,ao-027-order,order-service,4,txn_fail,"Islem basarisiz, hata orani yuzde 80",dc1,rack-A,prod
ALM-01095,2026-09-10T02:49:06,Prometheus,ao-006-mobile,mobile-bff,4,timeout,payment-provider-gw servisine yapilan cagri zaman asimina ugradi (87 ms),dc2,rack-A,prod
ALM-01064,2026-09-10T02:49:07,OBM,ao-005-mobile,mobile-bff,5,timeout,payment-provider-gw servisine yapilan cagri zaman asimina ugradi (91 ms),dc1,rack-C,prod
ALM-01000,2026-09-10T02:49:08,Prometheus,ao-028-order,order-service,4,timeout,payment-provider-gw servisine yapilan cagri zaman asimina ugradi (84 ms),dc2,rack-B,prod
ALM-02039,2026-09-10T02:49:10,AppDynamics,ao-043-load,load-balancer,2,ntp_drift,Saat sapmasi 39 ms,dc1,rack-B,prod
ALM-02889,2026-09-10T02:49:10,SyslogNG,ao-001-api,api-gateway,1,cpu_high,CPU kullanimi yuzde 63,dc1,rack-B,prod
ALM-01032,2026-09-10T02:49:12,AppDynamics,ao-004-mobile,mobile-bff,5,http_5xx,"HTTP 5xx hata orani esigi asti, oran yuzde 99",dc2,rack-B,prod
ALM-01569,2026-09-10T02:49:15,Prometheus,ao-006-mobile,mobile-bff,2,ntp_drift,Saat sapmasi 36 ms,dc2,rack-A,prod
ALM-01482,2026-09-10T02:49:18,AppDynamics,ao-045-dns,dns-resolver,2,cert_expiry,Sertifika 30 gun icinde suresi dolacak,dc1,rack-A,prod
ALM-01620,2026-09-10T02:49:27,AppDynamics,ao-014-session,session-service,1,cert_expiry,Sertifika 51 gun icinde suresi dolacak,dc2,rack-C,prod
ALM-02728,2026-09-10T02:49:27,AppDynamics,ao-021-charging,charging-service,2,latency_high,"Yanit suresi p99 esigi asti, 20 ms",dc1,rack-A,prod
ALM-01096,2026-09-10T02:49:30,SyslogNG,ao-006-mobile,mobile-bff,4,timeout,payment-provider-gw servisine yapilan cagri zaman asimina ugradi (85 ms),dc2,rack-A,prod
ALM-01818,2026-09-10T02:49:30,SyslogNG,ao-041-object,object-store,3,network_flap,Arayuz bond0 link durumu 32 kez degisti,dc1,rack-C,prod
ALM-00887,2026-09-10T02:49:31,SyslogNG,ao-024-payment,payment-service,4,http_5xx,"HTTP 5xx hata orani esigi asti, oran yuzde 79",dc2,rack-A,prod
ALM-02311,2026-09-10T02:49:33,Zabbix,ao-003-api,api-gateway,3,latency_high,"Yanit suresi p99 esigi asti, 28 ms",dc1,rack-A,prod
ALM-01001,2026-09-10T02:49:36,Zabbix,ao-028-order,order-service,5,http_5xx,"HTTP 5xx hata orani esigi asti, oran yuzde 94",dc2,rack-B,prod
ALM-01897,2026-09-10T02:49:36,OBM,ao-017-subscriber,subscriber-service,3,mem_high,Bellek kullanimi yuzde 58 seviyesinde,dc1,rack-C,prod
ALM-02711,2026-09-10T02:49:37,OBM,ao-055-sms,sms-gateway,1,cpu_high,CPU kullanimi yuzde 25,dc1,rack-B,prod
ALM-02684,2026-09-10T02:49:42,SyslogNG,ao-021-charging,charging-service,2,log_rotate,"Log rotasyonu beklenenden uzun surdu, 27 saniye",dc1,rack-A,prod
ALM-00921,2026-09-10T02:49:47,Prometheus,ao-025-payment,payment-service,4,timeout,payment-provider-gw servisine yapilan cagri zaman asimina ugradi (85 ms),dc1,rack-B,prod
ALM-01065,2026-09-10T02:49:50,AppDynamics,ao-005-mobile,mobile-bff,5,http_5xx,"HTTP 5xx hata orani esigi asti, oran yuzde 98",dc1,rack-C,prod
ALM-01753,2026-09-10T02:49:52,AppDynamics,ao-007-web,web-bff,3,latency_high,"Yanit suresi p99 esigi asti, 61 ms",dc1,rack-B,prod
ALM-01033,2026-09-10T02:49:54,SyslogNG,ao-004-mobile,mobile-bff,5,txn_fail,"Islem basarisiz, hata orani yuzde 80",dc2,rack-B,prod
ALM-00975,2026-09-10T02:49:55,Zabbix,ao-027-order,order-service,4,txn_fail,"Islem basarisiz, hata orani yuzde 80",dc1,rack-A,prod
ALM-01493,2026-09-10T02:50:00,SyslogNG,ao-050-reconciliation,reconciliation-batch,1,cert_expiry,Sertifika 80 gun icinde suresi dolacak,dc2,rack-C,prod
ALM-02049,2026-09-10T02:50:00,SyslogNG,ao-036-billing,billing-db,2,mem_high,Bellek kullanimi yuzde 41 seviyesinde,dc2,rack-A,prod
ALM-00889,2026-09-10T02:50:01,SyslogNG,ao-024-payment,payment-service,5,txn_fail,"Islem basarisiz, hata orani yuzde 89",dc2,rack-A,prod
ALM-00950,2026-09-10T02:50:02,OBM,ao-026-payment,payment-service,5,txn_fail,"Islem basarisiz, hata orani yuzde 84",dc2,rack-C,prod
ALM-02188,2026-09-10T02:50:03,Zabbix,ao-018-billing,billing-service,3,log_rotate,"Log rotasyonu beklenenden uzun surdu, 33 saniye",dc2,rack-A,prod
ALM-00923,2026-09-10T02:50:09,SyslogNG,ao-025-payment,payment-service,5,timeout,payment-provider-gw servisine yapilan cagri zaman asimina ugradi (82 ms),dc1,rack-B,prod
ALM-01066,2026-09-10T02:50:10,OBM,ao-005-mobile,mobile-bff,4,http_5xx,"HTTP 5xx hata orani esigi asti, oran yuzde 89",dc1,rack-C,prod
ALM-01650,2026-09-10T02:50:10,Prometheus,ao-050-reconciliation,reconciliation-batch,1,ntp_drift,Saat sapmasi 38 ms,dc2,rack-C,prod
ALM-00922,2026-09-10T02:50:14,OBM,ao-025-payment,payment-service,4,timeout,payment-provider-gw servisine yapilan cagri zaman asimina ugradi (89 ms),dc1,rack-B,prod
ALM-01002,2026-09-10T02:50:16,OBM,ao-028-order,order-service,5,txn_fail,"Islem basarisiz, hata orani yuzde 78",dc2,rack-B,prod
ALM-01034,2026-09-10T02:50:17,Prometheus,ao-004-mobile,mobile-bff,5,txn_fail,"Islem basarisiz, hata orani yuzde 94",dc2,rack-B,prod
ALM-02535,2026-09-10T02:50:21,Zabbix,ao-009-auth,auth-service,3,ntp_drift,Saat sapmasi 52 ms,dc1,rack-A,prod
ALM-00888,2026-09-10T02:50:23,SyslogNG,ao-024-payment,payment-service,4,txn_fail,"Islem basarisiz, hata orani yuzde 83",dc2,rack-A,prod
ALM-02951,2026-09-10T02:50:24,OBM,ao-053-payment,payment-provider-gw,1,cert_expiry,Sertifika 43 gun icinde suresi dolacak,dc1,rack-C,prod
ALM-01277,2026-09-10T02:50:29,Zabbix,ao-054-payment,payment-provider-gw,2,ntp_drift,Saat sapmasi 85 ms,dc2,rack-A,prod
ALM-01593,2026-09-10T02:50:31,AppDynamics,ao-043-load,load-balancer,2,mem_high,Bellek kullanimi yuzde 30 seviyesinde,dc1,rack-B,prod
ALM-01003,2026-09-10T02:50:37,OBM,ao-028-order,order-service,5,txn_fail,"Islem basarisiz, hata orani yuzde 71",dc2,rack-B,prod
ALM-01035,2026-09-10T02:50:43,SyslogNG,ao-004-mobile,mobile-bff,4,txn_fail,"Islem basarisiz, hata orani yuzde 79",dc2,rack-B,prod
ALM-01097,2026-09-10T02:50:43,AppDynamics,ao-006-mobile,mobile-bff,4,http_5xx,"HTTP 5xx hata orani esigi asti, oran yuzde 70",dc2,rack-A,prod
ALM-01098,2026-09-10T02:50:45,SyslogNG,ao-006-mobile,mobile-bff,4,txn_fail,"Islem basarisiz, hata orani yuzde 94",dc2,rack-A,prod
ALM-01842,2026-09-10T02:50:45,OBM,ao-028-order,order-service,1,mem_high,Bellek kullanimi yuzde 70 seviyesinde,dc2,rack-B,prod
ALM-01718,2026-09-10T02:50:53,AppDynamics,ao-017-subscriber,subscriber-service,1,network_flap,Arayuz eth0 link durumu 38 kez degisti,dc1,rack-C,prod
ALM-01896,2026-09-10T02:50:53,AppDynamics,ao-018-billing,billing-service,1,cert_expiry,Sertifika 63 gun icinde suresi dolacak,dc2,rack-A,prod
ALM-00924,2026-09-10T02:50:55,OBM,ao-025-payment,payment-service,4,timeout,payment-provider-gw servisine yapilan cagri zaman asimina ugradi (87 ms),dc1,rack-B,prod
ALM-01299,2026-09-10T02:50:55,SyslogNG,ao-038-cache,cache-cluster,1,ntp_drift,Saat sapmasi 63 ms,dc2,rack-C,prod
ALM-02808,2026-09-10T02:50:55,Zabbix,ao-039-message,message-queue,2,cpu_high,CPU kullanimi yuzde 26,dc1,rack-A,prod
ALM-00976,2026-09-10T02:50:56,SyslogNG,ao-027-order,order-service,5,txn_fail,"Islem basarisiz, hata orani yuzde 95",dc1,rack-A,prod
ALM-00951,2026-09-10T02:50:59,SyslogNG,ao-026-payment,payment-service,5,txn_fail,"Islem basarisiz, hata orani yuzde 91",dc2,rack-C,prod
ALM-01529,2026-09-10T02:51:01,Zabbix,ao-024-payment,payment-service,1,ntp_drift,Saat sapmasi 35 ms,dc2,rack-A,prod
ALM-00837,2026-09-10T02:51:11,Prometheus,ao-007-web,web-bff,3,timeout,session-service servisine yapilan cagri zaman asimina ugradi (78 ms),dc1,rack-B,prod
ALM-00890,2026-09-10T02:51:15,SyslogNG,ao-024-payment,payment-service,4,timeout,payment-provider-gw servisine yapilan cagri zaman asimina ugradi (88 ms),dc2,rack-A,prod
ALM-00780,2026-09-10T02:51:16,Prometheus,ao-009-auth,auth-service,3,timeout,session-service servisine yapilan cagri zaman asimina ugradi (87 ms),dc1,rack-A,prod
ALM-01067,2026-09-10T02:51:18,AppDynamics,ao-005-mobile,mobile-bff,4,http_5xx,"HTTP 5xx hata orani esigi asti, oran yuzde 74",dc1,rack-C,prod
ALM-01690,2026-09-10T02:51:18,Prometheus,ao-037-cache,cache-cluster,2,cpu_high,CPU kullanimi yuzde 27,dc1,rack-B,prod
ALM-01004,2026-09-10T02:51:22,SyslogNG,ao-028-order,order-service,5,timeout,payment-provider-gw servisine yapilan cagri zaman asimina ugradi (80 ms),dc2,rack-B,prod
ALM-01643,2026-09-10T02:51:26,AppDynamics,ao-053-payment,payment-provider-gw,2,backup_warn,Yedekleme isi 78 dakika gecikmeli tamamlandi,dc1,rack-C,prod
ALM-00891,2026-09-10T02:51:27,SyslogNG,ao-024-payment,payment-service,4,http_5xx,"HTTP 5xx hata orani esigi asti, oran yuzde 94",dc2,rack-A,prod
ALM-00952,2026-09-10T02:51:28,SyslogNG,ao-026-payment,payment-service,5,http_5xx,"HTTP 5xx hata orani esigi asti, oran yuzde 77",dc2,rack-C,prod
ALM-00800,2026-09-10T02:51:31,Prometheus,ao-011-auth,auth-service,3,latency_high,"Yanit suresi p99 esigi asti, 78 ms",dc1,rack-C,prod
ALM-01823,2026-09-10T02:51:31,Zabbix,ao-018-billing,billing-service,1,cpu_high,CPU kullanimi yuzde 39,dc2,rack-A,prod
ALM-00977,2026-09-10T02:51:33,AppDynamics,ao-027-order,order-service,4,timeout,payment-provider-gw servisine yapilan cagri zaman asimina ugradi (83 ms),dc1,rack-A,prod
ALM-01460,2026-09-10T02:51:33,Prometheus,ao-044-load,load-balancer,2,cert_expiry,Sertifika 86 gun icinde suresi dolacak,dc2,rack-C,prod
ALM-00953,2026-09-10T02:51:35,AppDynamics,ao-026-payment,payment-service,4,txn_fail,"Islem basarisiz, hata orani yuzde 74",dc2,rack-C,prod
ALM-02203,2026-09-10T02:51:35,Prometheus,ao-031-subscriber,subscriber-db,2,ntp_drift,Saat sapmasi 33 ms,dc1,rack-B,prod
ALM-02126,2026-09-10T02:51:37,OBM,ao-019-billing,billing-service,2,ntp_drift,Saat sapmasi 43 ms,dc1,rack-B,prod
ALM-02538,2026-09-10T02:51:37,Prometheus,ao-050-reconciliation,reconciliation-batch,1,backup_warn,Yedekleme isi 51 dakika gecikmeli tamamlandi,dc2,rack-C,prod
ALM-00736,2026-09-10T02:51:41,OBM,ao-012-session,session-service,5,oom_risk,"Heap kullanimi kritik, OutOfMemory riski",dc2,rack-A,prod
ALM-02421,2026-09-10T02:51:41,OBM,ao-007-web,web-bff,1,network_flap,Arayuz eth0 link durumu 69 kez degisti,dc1,rack-B,prod
ALM-02803,2026-09-10T02:51:44,SyslogNG,ao-003-api,api-gateway,2,mem_high,Bellek kullanimi yuzde 64 seviyesinde,dc1,rack-A,prod
ALM-00819,2026-09-10T02:51:46,Zabbix,ao-005-mobile,mobile-bff,3,latency_high,"Yanit suresi p99 esigi asti, 84 ms",dc1,rack-C,prod
ALM-00792,2026-09-10T02:51:47,OBM,ao-010-auth,auth-service,3,timeout,session-service servisine yapilan cagri zaman asimina ugradi (74 ms),dc2,rack-B,prod
ALM-00925,2026-09-10T02:51:47,Prometheus,ao-025-payment,payment-service,4,http_5xx,"HTTP 5xx hata orani esigi asti, oran yuzde 98",dc1,rack-B,prod
ALM-00978,2026-09-10T02:51:47,Zabbix,ao-027-order,order-service,4,timeout,payment-provider-gw servisine yapilan cagri zaman asimina ugradi (79 ms),dc1,rack-A,prod
ALM-00772,2026-09-10T02:51:49,Zabbix,ao-014-session,session-service,5,oom_risk,"Heap kullanimi kritik, OutOfMemory riski",dc2,rack-C,prod
ALM-01999,2026-09-10T02:51:49,Zabbix,ao-056-kyc,kyc-provider-gw,2,disk_warn,"Disk kullanimi uyari seviyesinde, yuzde 40 dolu",dc2,rack-C,prod
ALM-00845,2026-09-10T02:51:50,OBM,ao-008-web,web-bff,3,latency_high,"Yanit suresi p99 esigi asti, 90 ms",dc2,rack-C,prod
ALM-00979,2026-09-10T02:51:55,SyslogNG,ao-027-order,order-service,4,http_5xx,"HTTP 5xx hata orani esigi asti, oran yuzde 87",dc1,rack-A,prod
ALM-01036,2026-09-10T02:51:55,Zabbix,ao-004-mobile,mobile-bff,5,txn_fail,"Islem basarisiz, hata orani yuzde 80",dc2,rack-B,prod
ALM-01327,2026-09-10T02:51:55,SyslogNG,ao-034-billing,billing-db,2,network_flap,Arayuz eth1 link durumu 66 kez degisti,dc2,rack-B,prod
ALM-01500,2026-09-10T02:51:56,SyslogNG,ao-030-notification,notification-service,1,latency_high,"Yanit suresi p99 esigi asti, 70 ms",dc2,rack-A,prod
ALM-00828,2026-09-10T02:51:58,SyslogNG,ao-006-mobile,mobile-bff,3,timeout,session-service servisine yapilan cagri zaman asimina ugradi (82 ms),dc2,rack-A,prod
ALM-01005,2026-09-10T02:51:59,Prometheus,ao-028-order,order-service,4,timeout,payment-provider-gw servisine yapilan cagri zaman asimina ugradi (71 ms),dc2,rack-B,prod
ALM-01624,2026-09-10T02:52:01,Prometheus,ao-028-order,order-service,2,network_flap,Arayuz bond0 link durumu 82 kez degisti,dc2,rack-B,prod
ALM-00754,2026-09-10T02:52:02,Prometheus,ao-013-session,session-service,5,oom_risk,"Heap kullanimi kritik, OutOfMemory riski",dc1,rack-B,prod
ALM-01099,2026-09-10T02:52:02,Zabbix,ao-006-mobile,mobile-bff,5,txn_fail,"Islem basarisiz, hata orani yuzde 75",dc2,rack-A,prod
ALM-01068,2026-09-10T02:52:08,SyslogNG,ao-005-mobile,mobile-bff,4,txn_fail,"Islem basarisiz, hata orani yuzde 85",dc1,rack-C,prod
ALM-01865,2026-09-10T02:52:15,Zabbix,ao-003-api,api-gateway,1,cpu_high,CPU kullanimi yuzde 25,dc1,rack-A,prod
ALM-01100,2026-09-10T02:52:17,AppDynamics,ao-006-mobile,mobile-bff,4,txn_fail,"Islem basarisiz, hata orani yuzde 72",dc2,rack-A,prod
ALM-01069,2026-09-10T02:52:19,Zabbix,ao-005-mobile,mobile-bff,4,txn_fail,"Islem basarisiz, hata orani yuzde 82",dc1,rack-C,prod
ALM-02422,2026-09-10T02:52:27,Zabbix,ao-027-order,order-service,1,mem_high,Bellek kullanimi yuzde 38 seviyesinde,dc1,rack-A,prod
ALM-00927,2026-09-10T02:52:31,AppDynamics,ao-025-payment,payment-service,5,txn_fail,"Islem basarisiz, hata orani yuzde 85",dc1,rack-B,prod
ALM-01037,2026-09-10T02:52:31,Prometheus,ao-004-mobile,mobile-bff,4,timeout,payment-provider-gw servisine yapilan cagri zaman asimina ugradi (87 ms),dc2,rack-B,prod
ALM-02089,2026-09-10T02:52:31,AppDynamics,ao-043-load,load-balancer,1,ntp_drift,Saat sapmasi 87 ms,dc1,rack-B,prod
ALM-01629,2026-09-10T02:52:33,AppDynamics,ao-017-subscriber,subscriber-service,3,cert_expiry,Sertifika 62 gun icinde suresi dolacak,dc1,rack-C,prod
ALM-01070,2026-09-10T02:52:34,Zabbix,ao-005-mobile,mobile-bff,5,txn_fail,"Islem basarisiz, hata orani yuzde 97",dc1,rack-C,prod
ALM-01006,2026-09-10T02:52:35,SyslogNG,ao-028-order,order-service,5,http_5xx,"HTTP 5xx hata orani esigi asti, oran yuzde 92",dc2,rack-B,prod
ALM-00893,2026-09-10T02:52:38,Zabbix,ao-024-payment,payment-service,4,timeout,payment-provider-gw servisine yapilan cagri zaman asimina ugradi (97 ms),dc2,rack-A,prod
ALM-00954,2026-09-10T02:52:38,SyslogNG,ao-026-payment,payment-service,4,txn_fail,"Islem basarisiz, hata orani yuzde 80",dc2,rack-C,prod
ALM-00926,2026-09-10T02:52:39,AppDynamics,ao-025-payment,payment-service,4,txn_fail,"Islem basarisiz, hata orani yuzde 74",dc1,rack-B,prod
ALM-00955,2026-09-10T02:52:44,Prometheus,ao-026-payment,payment-service,5,http_5xx,"HTTP 5xx hata orani esigi asti, oran yuzde 83",dc2,rack-C,prod
ALM-00892,2026-09-10T02:52:47,AppDynamics,ao-024-payment,payment-service,5,timeout,payment-provider-gw servisine yapilan cagri zaman asimina ugradi (90 ms),dc2,rack-A,prod
ALM-00980,2026-09-10T02:52:47,OBM,ao-027-order,order-service,5,http_5xx,"HTTP 5xx hata orani esigi asti, oran yuzde 80",dc1,rack-A,prod
ALM-01038,2026-09-10T02:52:48,OBM,ao-004-mobile,mobile-bff,4,timeout,payment-provider-gw servisine yapilan cagri zaman asimina ugradi (78 ms),dc2,rack-B,prod
ALM-01668,2026-09-10T02:52:48,Zabbix,ao-031-subscriber,subscriber-db,3,backup_warn,Yedekleme isi 57 dakika gecikmeli tamamlandi,dc1,rack-B,prod
ALM-01288,2026-09-10T02:52:51,OBM,ao-007-web,web-bff,2,latency_high,"Yanit suresi p99 esigi asti, 64 ms",dc1,rack-B,prod
ALM-01039,2026-09-10T02:53:04,Zabbix,ao-004-mobile,mobile-bff,5,http_5xx,"HTTP 5xx hata orani esigi asti, oran yuzde 97",dc2,rack-B,prod
ALM-02551,2026-09-10T02:53:06,Prometheus,ao-004-mobile,mobile-bff,2,mem_high,Bellek kullanimi yuzde 43 seviyesinde,dc2,rack-B,prod
ALM-02220,2026-09-10T02:53:07,AppDynamics,ao-049-invoice,invoice-batch,3,cert_expiry,Sertifika 41 gun icinde suresi dolacak,dc1,rack-B,prod
ALM-00894,2026-09-10T02:53:12,Zabbix,ao-024-payment,payment-service,4,http_5xx,"HTTP 5xx hata orani esigi asti, oran yuzde 96",dc2,rack-A,prod
ALM-00928,2026-09-10T02:53:12,AppDynamics,ao-025-payment,payment-service,4,http_5xx,"HTTP 5xx hata orani esigi asti, oran yuzde 99",dc1,rack-B,prod
ALM-00981,2026-09-10T02:53:17,OBM,ao-027-order,order-service,4,http_5xx,"HTTP 5xx hata orani esigi asti, oran yuzde 96",dc1,rack-A,prod
ALM-01388,2026-09-10T02:53:17,Prometheus,ao-029-catalog,catalog-service,2,latency_high,"Yanit suresi p99 esigi asti, 69 ms",dc1,rack-C,prod
ALM-01704,2026-09-10T02:53:21,SyslogNG,ao-015-subscriber,subscriber-service,2,ntp_drift,Saat sapmasi 40 ms,dc1,rack-A,prod
ALM-01071,2026-09-10T02:53:23,AppDynamics,ao-005-mobile,mobile-bff,4,txn_fail,"Islem basarisiz, hata orani yuzde 79",dc1,rack-C,prod
ALM-01101,2026-09-10T02:53:23,Prometheus,ao-006-mobile,mobile-bff,4,http_5xx,"HTTP 5xx hata orani esigi asti, oran yuzde 95",dc2,rack-A,prod
ALM-02919,2026-09-10T02:53:23,Zabbix,ao-001-api,api-gateway,1,ntp_drift,Saat sapmasi 45 ms,dc1,rack-B,prod
ALM-01102,2026-09-10T02:53:27,SyslogNG,ao-006-mobile,mobile-bff,5,timeout,payment-provider-gw servisine yapilan cagri zaman asimina ugradi (80 ms),dc2,rack-A,prod
ALM-02760,2026-09-10T02:53:28,OBM,ao-021-charging,charging-service,1,log_rotate,"Log rotasyonu beklenenden uzun surdu, 28 saniye",dc1,rack-A,prod
ALM-01371,2026-09-10T02:53:35,SyslogNG,ao-014-session,session-service,1,latency_high,"Yanit suresi p99 esigi asti, 67 ms",dc2,rack-C,prod
ALM-01301,2026-09-10T02:53:36,SyslogNG,ao-017-subscriber,subscriber-service,4,backup_warn,Yedekleme isi 84 dakika gecikmeli tamamlandi,dc1,rack-C,prod
ALM-01933,2026-09-10T02:53:37,OBM,ao-020-billing,billing-service,1,disk_warn,"Disk kullanimi uyari seviyesinde, yuzde 23 dolu",dc2,rack-C,prod
ALM-00956,2026-09-10T02:53:43,Prometheus,ao-026-payment,payment-service,5,timeout,payment-provider-gw servisine yapilan cagri zaman asimina ugradi (91 ms),dc2,rack-C,prod
ALM-01007,2026-09-10T02:53:46,OBM,ao-028-order,order-service,4,txn_fail,"Islem basarisiz, hata orani yuzde 96",dc2,rack-B,prod
ALM-00957,2026-09-10T02:53:48,OBM,ao-026-payment,payment-service,5,http_5xx,"HTTP 5xx hata orani esigi asti, oran yuzde 79",dc2,rack-C,prod
ALM-02129,2026-09-10T02:53:48,Prometheus,ao-021-charging,charging-service,2,mem_high,Bellek kullanimi yuzde 68 seviyesinde,dc1,rack-A,prod
ALM-00929,2026-09-10T02:53:51,Zabbix,ao-025-payment,payment-service,4,txn_fail,"Islem basarisiz, hata orani yuzde 72",dc1,rack-B,prod
ALM-01072,2026-09-10T02:53:54,OBM,ao-005-mobile,mobile-bff,4,timeout,payment-provider-gw servisine yapilan cagri zaman asimina ugradi (83 ms),dc1,rack-C,prod
ALM-01283,2026-09-10T02:54:01,AppDynamics,ao-020-billing,billing-service,1,log_rotate,"Log rotasyonu beklenenden uzun surdu, 61 saniye",dc2,rack-C,prod
ALM-02066,2026-09-10T02:54:01,SyslogNG,ao-039-message,message-queue,1,cert_expiry,Sertifika 46 gun icinde suresi dolacak,dc1,rack-A,prod
ALM-02383,2026-09-10T02:54:06,AppDynamics,ao-010-auth,auth-service,1,latency_high,"Yanit suresi p99 esigi asti, 45 ms",dc2,rack-B,prod
ALM-02960,2026-09-10T02:54:06,Zabbix,ao-045-dns,dns-resolver,2,mem_high,Bellek kullanimi yuzde 50 seviyesinde,dc1,rack-A,prod
ALM-01008,2026-09-10T02:54:07,SyslogNG,ao-028-order,order-service,4,txn_fail,"Islem basarisiz, hata orani yuzde 76",dc2,rack-B,prod
ALM-00846,2026-09-10T02:54:09,OBM,ao-008-web,web-bff,3,latency_high,"Yanit suresi p99 esigi asti, 88 ms",dc2,rack-C,prod
ALM-01902,2026-09-10T02:54:11,OBM,ao-004-mobile,mobile-bff,2,latency_high,"Yanit suresi p99 esigi asti, 32 ms",dc2,rack-B,prod
ALM-01805,2026-09-10T02:54:12,OBM,ao-030-notification,notification-service,2,latency_high,"Yanit suresi p99 esigi asti, 40 ms",dc2,rack-A,prod
ALM-00896,2026-09-10T02:54:13,OBM,ao-024-payment,payment-service,5,timeout,payment-provider-gw servisine yapilan cagri zaman asimina ugradi (93 ms),dc2,rack-A,prod
ALM-02850,2026-09-10T02:54:13,OBM,ao-053-payment,payment-provider-gw,1,network_flap,Arayuz eth0 link durumu 51 kez degisti,dc1,rack-C,prod
ALM-01009,2026-09-10T02:54:20,OBM,ao-028-order,order-service,4,timeout,payment-provider-gw servisine yapilan cagri zaman asimina ugradi (82 ms),dc2,rack-B,prod
ALM-00982,2026-09-10T02:54:21,OBM,ao-027-order,order-service,4,timeout,payment-provider-gw servisine yapilan cagri zaman asimina ugradi (83 ms),dc1,rack-A,prod
ALM-00895,2026-09-10T02:54:25,AppDynamics,ao-024-payment,payment-service,5,txn_fail,"Islem basarisiz, hata orani yuzde 81",dc2,rack-A,prod
ALM-01040,2026-09-10T02:54:28,Prometheus,ao-004-mobile,mobile-bff,4,txn_fail,"Islem basarisiz, hata orani yuzde 70",dc2,rack-B,prod
ALM-01103,2026-09-10T02:54:28,Prometheus,ao-006-mobile,mobile-bff,5,txn_fail,"Islem basarisiz, hata orani yuzde 72",dc2,rack-A,prod
ALM-02778,2026-09-10T02:54:28,OBM,ao-031-subscriber,subscriber-db,1,disk_warn,"Disk kullanimi uyari seviyesinde, yuzde 37 dolu",dc1,rack-B,prod
ALM-00820,2026-09-10T02:54:30,OBM,ao-005-mobile,mobile-bff,3,timeout,session-service servisine yapilan cagri zaman asimina ugradi (92 ms),dc1,rack-C,prod
ALM-01041,2026-09-10T02:54:30,OBM,ao-004-mobile,mobile-bff,5,http_5xx,"HTTP 5xx hata orani esigi asti, oran yuzde 81",dc2,rack-B,prod
ALM-01104,2026-09-10T02:54:32,Prometheus,ao-006-mobile,mobile-bff,5,txn_fail,"Islem basarisiz, hata orani yuzde 91",dc2,rack-A,prod
ALM-02935,2026-09-10T02:54:32,SyslogNG,ao-031-subscriber,subscriber-db,3,latency_high,"Yanit suresi p99 esigi asti, 65 ms",dc1,rack-B,prod
ALM-02395,2026-09-10T02:54:36,SyslogNG,ao-024-payment,payment-service,4,cpu_high,CPU kullanimi yuzde 56,dc2,rack-A,prod
ALM-01560,2026-09-10T02:54:39,OBM,ao-056-kyc,kyc-provider-gw,3,latency_high,"Yanit suresi p99 esigi asti, 85 ms",dc2,rack-C,prod
ALM-02111,2026-09-10T02:54:39,AppDynamics,ao-002-api,api-gateway,2,ntp_drift,Saat sapmasi 52 ms,dc2,rack-C,prod
ALM-00801,2026-09-10T02:54:43,OBM,ao-011-auth,auth-service,3,timeout,session-service servisine yapilan cagri zaman asimina ugradi (93 ms),dc1,rack-C,prod
ALM-02522,2026-09-10T02:54:46,Prometheus,ao-052-payment,payment-provider-gw,1,backup_warn,Yedekleme isi 28 dakika gecikmeli tamamlandi,dc2,rack-B,prod
ALM-01262,2026-09-10T02:54:47,SyslogNG,ao-005-mobile,mobile-bff,1,cert_expiry,Sertifika 85 gun icinde suresi dolacak,dc1,rack-C,prod
ALM-01948,2026-09-10T02:54:49,Prometheus,ao-022-charging,charging-service,2,mem_high,Bellek kullanimi yuzde 34 seviyesinde,dc2,rack-B,prod
ALM-00781,2026-09-10T02:54:52,AppDynamics,ao-009-auth,auth-service,3,timeout,session-service servisine yapilan cagri zaman asimina ugradi (80 ms),dc1,rack-A,prod
ALM-01073,2026-09-10T02:54:52,Zabbix,ao-005-mobile,mobile-bff,4,http_5xx,"HTTP 5xx hata orani esigi asti, oran yuzde 72",dc1,rack-C,prod
ALM-02071,2026-09-10T02:54:52,Zabbix,ao-048-batch,batch-scheduler,3,log_rotate,"Log rotasyonu beklenenden uzun surdu, 56 saniye",dc2,rack-A,prod
ALM-01910,2026-09-10T02:54:53,Zabbix,ao-040-message,message-queue,2,cpu_high,CPU kullanimi yuzde 78,dc2,rack-B,prod
ALM-02147,2026-09-10T02:54:53,Zabbix,ao-030-notification,notification-service,2,cpu_high,CPU kullanimi yuzde 77,dc2,rack-A,prod
ALM-01010,2026-09-10T02:54:54,Prometheus,ao-028-order,order-service,5,http_5xx,"HTTP 5xx hata orani esigi asti, oran yuzde 80",dc2,rack-B,prod
ALM-01520,2026-09-10T02:54:54,Prometheus,ao-046-dns,dns-resolver,3,cert_expiry,Sertifika 47 gun icinde suresi dolacak,dc2,rack-B,prod
ALM-00930,2026-09-10T02:54:55,SyslogNG,ao-025-payment,payment-service,4,http_5xx,"HTTP 5xx hata orani esigi asti, oran yuzde 83",dc1,rack-B,prod
ALM-02718,2026-09-10T02:54:56,AppDynamics,ao-047-ntp,ntp-service,2,cpu_high,CPU kullanimi yuzde 80,dc1,rack-C,prod
ALM-00958,2026-09-10T02:54:57,Zabbix,ao-026-payment,payment-service,5,http_5xx,"HTTP 5xx hata orani esigi asti, oran yuzde 97",dc2,rack-C,prod
ALM-00829,2026-09-10T02:54:59,Zabbix,ao-006-mobile,mobile-bff,3,timeout,session-service servisine yapilan cagri zaman asimina ugradi (96 ms),dc2,rack-A,prod
ALM-00931,2026-09-10T02:55:02,Zabbix,ao-025-payment,payment-service,4,txn_fail,"Islem basarisiz, hata orani yuzde 76",dc1,rack-B,prod
ALM-01674,2026-09-10T02:55:05,AppDynamics,ao-003-api,api-gateway,3,ntp_drift,Saat sapmasi 52 ms,dc1,rack-A,prod
ALM-00983,2026-09-10T02:55:06,OBM,ao-027-order,order-service,5,txn_fail,"Islem basarisiz, hata orani yuzde 94",dc1,rack-A,prod
ALM-02908,2026-09-10T02:55:06,Prometheus,ao-052-payment,payment-provider-gw,1,network_flap,Arayuz bond0 link durumu 41 kez degisti,dc2,rack-B,prod
ALM-02430,2026-09-10T02:55:08,Zabbix,ao-002-api,api-gateway,1,cert_expiry,Sertifika 59 gun icinde suresi dolacak,dc2,rack-C,prod
ALM-02035,2026-09-10T02:55:11,Zabbix,ao-054-payment,payment-provider-gw,1,ntp_drift,Saat sapmasi 54 ms,dc2,rack-A,prod
ALM-01074,2026-09-10T02:55:18,AppDynamics,ao-005-mobile,mobile-bff,4,txn_fail,"Islem basarisiz, hata orani yuzde 86",dc1,rack-C,prod
ALM-00984,2026-09-10T02:55:20,OBM,ao-027-order,order-service,4,timeout,payment-provider-gw servisine yapilan cagri zaman asimina ugradi (96 ms),dc1,rack-A,prod
ALM-01967,2026-09-10T02:55:24,AppDynamics,ao-055-sms,sms-gateway,1,cert_expiry,Sertifika 31 gun icinde suresi dolacak,dc1,rack-B,prod
ALM-02620,2026-09-10T02:55:24,AppDynamics,ao-043-load,load-balancer,1,backup_warn,Yedekleme isi 45 dakika gecikmeli tamamlandi,dc1,rack-B,prod
ALM-00897,2026-09-10T02:55:27,Prometheus,ao-024-payment,payment-service,5,txn_fail,"Islem basarisiz, hata orani yuzde 90",dc2,rack-A,prod
ALM-01762,2026-09-10T02:55:28,AppDynamics,ao-003-api,api-gateway,2,ntp_drift,Saat sapmasi 38 ms,dc1,rack-A,prod
ALM-01105,2026-09-10T02:55:30,AppDynamics,ao-006-mobile,mobile-bff,4,http_5xx,"HTTP 5xx hata orani esigi asti, oran yuzde 86",dc2,rack-A,prod
ALM-01042,2026-09-10T02:55:31,AppDynamics,ao-004-mobile,mobile-bff,5,http_5xx,"HTTP 5xx hata orani esigi asti, oran yuzde 76",dc2,rack-B,prod
ALM-00959,2026-09-10T02:55:39,SyslogNG,ao-026-payment,payment-service,4,timeout,payment-provider-gw servisine yapilan cagri zaman asimina ugradi (92 ms),dc2,rack-C,prod
ALM-01833,2026-09-10T02:55:39,OBM,ao-010-auth,auth-service,1,mem_high,Bellek kullanimi yuzde 47 seviyesinde,dc2,rack-B,prod
ALM-00898,2026-09-10T02:55:42,AppDynamics,ao-024-payment,payment-service,4,txn_fail,"Islem basarisiz, hata orani yuzde 82",dc2,rack-A,prod
ALM-00985,2026-09-10T02:55:42,Zabbix,ao-027-order,order-service,5,txn_fail,"Islem basarisiz, hata orani yuzde 96",dc1,rack-A,prod
ALM-01243,2026-09-10T02:55:43,Zabbix,ao-042-load,load-balancer,4,disk_warn,"Disk kullanimi uyari seviyesinde, yuzde 72 dolu",dc2,rack-A,prod
ALM-02358,2026-09-10T02:55:43,Prometheus,ao-054-payment,payment-provider-gw,1,cert_expiry,Sertifika 74 gun icinde suresi dolacak,dc2,rack-A,prod
ALM-02087,2026-09-10T02:55:47,Zabbix,ao-012-session,session-service,1,mem_high,Bellek kullanimi yuzde 31 seviyesinde,dc2,rack-A,prod
ALM-01406,2026-09-10T02:55:48,SyslogNG,ao-020-billing,billing-service,1,log_rotate,"Log rotasyonu beklenenden uzun surdu, 52 saniye",dc2,rack-C,prod
ALM-02104,2026-09-10T02:55:48,AppDynamics,ao-035-billing,billing-db,2,ntp_drift,Saat sapmasi 70 ms,dc1,rack-C,prod
ALM-01314,2026-09-10T02:55:49,OBM,ao-001-api,api-gateway,2,cpu_high,CPU kullanimi yuzde 47,dc1,rack-B,prod
ALM-02874,2026-09-10T02:55:50,OBM,ao-030-notification,notification-service,3,latency_high,"Yanit suresi p99 esigi asti, 39 ms",dc2,rack-A,prod
ALM-02238,2026-09-10T02:55:51,AppDynamics,ao-033-subscriber,subscriber-db,2,log_rotate,"Log rotasyonu beklenenden uzun surdu, 48 saniye",dc1,rack-A,prod
ALM-02717,2026-09-10T02:55:51,SyslogNG,ao-033-subscriber,subscriber-db,2,ntp_drift,Saat sapmasi 21 ms,dc1,rack-A,prod
ALM-01106,2026-09-10T02:55:52,SyslogNG,ao-006-mobile,mobile-bff,4,timeout,payment-provider-gw servisine yapilan cagri zaman asimina ugradi (86 ms),dc2,rack-A,prod
ALM-02824,2026-09-10T02:55:52,SyslogNG,ao-036-billing,billing-db,1,latency_high,"Yanit suresi p99 esigi asti, 37 ms",dc2,rack-A,prod
ALM-01011,2026-09-10T02:55:57,AppDynamics,ao-028-order,order-service,5,timeout,payment-provider-gw servisine yapilan cagri zaman asimina ugradi (80 ms),dc2,rack-B,prod
ALM-02557,2026-09-10T02:55:57,Zabbix,ao-018-billing,billing-service,3,disk_warn,"Disk kullanimi uyari seviyesinde, yuzde 20 dolu",dc2,rack-A,prod
ALM-02742,2026-09-10T02:55:58,SyslogNG,ao-029-catalog,catalog-service,1,cpu_high,CPU kullanimi yuzde 31,dc1,rack-C,prod
ALM-01044,2026-09-10T02:56:00,AppDynamics,ao-004-mobile,mobile-bff,5,txn_fail,"Islem basarisiz, hata orani yuzde 80",dc2,rack-B,prod
ALM-01075,2026-09-10T02:56:05,SyslogNG,ao-005-mobile,mobile-bff,4,txn_fail,"Islem basarisiz, hata orani yuzde 79",dc1,rack-C,prod
ALM-01556,2026-09-10T02:56:06,Zabbix,ao-019-billing,billing-service,2,cert_expiry,Sertifika 77 gun icinde suresi dolacak,dc1,rack-B,prod
ALM-00960,2026-09-10T02:56:12,OBM,ao-026-payment,payment-service,4,timeout,payment-provider-gw servisine yapilan cagri zaman asimina ugradi (91 ms),dc2,rack-C,prod
ALM-00932,2026-09-10T02:56:14,AppDynamics,ao-025-payment,payment-service,4,timeout,payment-provider-gw servisine yapilan cagri zaman asimina ugradi (94 ms),dc1,rack-B,prod
ALM-00933,2026-09-10T02:56:15,Prometheus,ao-025-payment,payment-service,4,http_5xx,"HTTP 5xx hata orani esigi asti, oran yuzde 98",dc1,rack-B,prod
ALM-01043,2026-09-10T02:56:17,SyslogNG,ao-004-mobile,mobile-bff,5,http_5xx,"HTTP 5xx hata orani esigi asti, oran yuzde 96",dc2,rack-B,prod
ALM-02356,2026-09-10T02:56:18,SyslogNG,ao-012-session,session-service,4,cpu_high,CPU kullanimi yuzde 36,dc2,rack-A,prod
ALM-01452,2026-09-10T02:56:20,Prometheus,ao-011-auth,auth-service,2,cert_expiry,Sertifika 29 gun icinde suresi dolacak,dc1,rack-C,prod
ALM-00986,2026-09-10T02:56:22,SyslogNG,ao-027-order,order-service,4,timeout,payment-provider-gw servisine yapilan cagri zaman asimina ugradi (73 ms),dc1,rack-A,prod
ALM-01606,2026-09-10T02:56:25,AppDynamics,ao-025-payment,payment-service,1,latency_high,"Yanit suresi p99 esigi asti, 81 ms",dc1,rack-B,prod
ALM-02726,2026-09-10T02:56:26,Prometheus,ao-052-payment,payment-provider-gw,2,latency_high,"Yanit suresi p99 esigi asti, 53 ms",dc2,rack-B,prod
ALM-00899,2026-09-10T02:56:28,Prometheus,ao-024-payment,payment-service,4,timeout,payment-provider-gw servisine yapilan cagri zaman asimina ugradi (76 ms),dc2,rack-A,prod
ALM-01906,2026-09-10T02:56:32,SyslogNG,ao-002-api,api-gateway,2,network_flap,Arayuz eth1 link durumu 73 kez degisti,dc2,rack-C,prod
ALM-01076,2026-09-10T02:56:36,AppDynamics,ao-005-mobile,mobile-bff,5,timeout,payment-provider-gw servisine yapilan cagri zaman asimina ugradi (77 ms),dc1,rack-C,prod
ALM-02570,2026-09-10T02:56:37,OBM,ao-045-dns,dns-resolver,2,network_flap,Arayuz eth0 link durumu 71 kez degisti,dc1,rack-A,prod
ALM-01615,2026-09-10T02:56:38,Prometheus,ao-029-catalog,catalog-service,2,ntp_drift,Saat sapmasi 62 ms,dc1,rack-C,prod
ALM-01012,2026-09-10T02:56:41,SyslogNG,ao-028-order,order-service,5,timeout,payment-provider-gw servisine yapilan cagri zaman asimina ugradi (94 ms),dc2,rack-B,prod
ALM-02907,2026-09-10T02:56:43,OBM,ao-055-sms,sms-gateway,1,disk_warn,"Disk kullanimi uyari seviyesinde, yuzde 53 dolu",dc1,rack-B,prod
ALM-01272,2026-09-10T02:56:49,OBM,ao-036-billing,billing-db,1,cert_expiry,Sertifika 72 gun icinde suresi dolacak,dc2,rack-A,prod
ALM-02020,2026-09-10T02:56:49,AppDynamics,ao-051-report,report-batch,1,cert_expiry,Sertifika 41 gun icinde suresi dolacak,dc1,rack-A,prod
ALM-01013,2026-09-10T02:56:50,Zabbix,ao-028-order,order-service,5,txn_fail,"Islem basarisiz, hata orani yuzde 98",dc2,rack-B,prod
ALM-01310,2026-09-10T02:56:51,AppDynamics,ao-004-mobile,mobile-bff,1,latency_high,"Yanit suresi p99 esigi asti, 37 ms",dc2,rack-B,prod
ALM-02086,2026-09-10T02:57:01,Zabbix,ao-006-mobile,mobile-bff,1,mem_high,Bellek kullanimi yuzde 31 seviyesinde,dc2,rack-A,prod
ALM-00847,2026-09-10T02:57:02,Prometheus,ao-008-web,web-bff,3,latency_high,"Yanit suresi p99 esigi asti, 87 ms",dc2,rack-C,prod
ALM-02617,2026-09-10T02:57:06,OBM,ao-042-load,load-balancer,3,network_flap,Arayuz bond0 link durumu 33 kez degisti,dc2,rack-A,prod
ALM-00934,2026-09-10T02:57:09,Zabbix,ao-025-payment,payment-service,5,http_5xx,"HTTP 5xx hata orani esigi asti, oran yuzde 94",dc1,rack-B,prod
ALM-02847,2026-09-10T02:57:11,Prometheus,ao-022-charging,charging-service,3,disk_warn,"Disk kullanimi uyari seviyesinde, yuzde 40 dolu",dc2,rack-B,prod
ALM-01077,2026-09-10T02:57:12,Zabbix,ao-005-mobile,mobile-bff,4,txn_fail,"Islem basarisiz, hata orani yuzde 98",dc1,rack-C,prod
ALM-01483,2026-09-10T02:57:13,OBM,ao-004-mobile,mobile-bff,2,ntp_drift,Saat sapmasi 49 ms,dc2,rack-B,prod
ALM-02297,2026-09-10T02:57:15,Prometheus,ao-036-billing,billing-db,3,mem_high,Bellek kullanimi yuzde 65 seviyesinde,dc2,rack-A,prod
ALM-01014,2026-09-10T02:57:16,Zabbix,ao-028-order,order-service,4,timeout,payment-provider-gw servisine yapilan cagri zaman asimina ugradi (80 ms),dc2,rack-B,prod
ALM-02239,2026-09-10T02:57:16,SyslogNG,ao-022-charging,charging-service,2,cert_expiry,Sertifika 30 gun icinde suresi dolacak,dc2,rack-B,prod
ALM-02836,2026-09-10T02:57:16,OBM,ao-016-subscriber,subscriber-service,1,cert_expiry,Sertifika 21 gun icinde suresi dolacak,dc2,rack-B,prod
ALM-02193,2026-09-10T02:57:20,OBM,ao-015-subscriber,subscriber-service,1,network_flap,Arayuz bond0 link durumu 65 kez degisti,dc1,rack-A,prod
ALM-00900,2026-09-10T02:57:21,Zabbix,ao-024-payment,payment-service,4,timeout,payment-provider-gw servisine yapilan cagri zaman asimina ugradi (87 ms),dc2,rack-A,prod
ALM-01621,2026-09-10T02:57:21,OBM,ao-054-payment,payment-provider-gw,3,log_rotate,"Log rotasyonu beklenenden uzun surdu, 71 saniye",dc2,rack-A,prod
ALM-01045,2026-09-10T02:57:24,AppDynamics,ao-004-mobile,mobile-bff,4,timeout,payment-provider-gw servisine yapilan cagri zaman asimina ugradi (80 ms),dc2,rack-B,prod
ALM-01448,2026-09-10T02:57:24,Prometheus,ao-014-session,session-service,2,cert_expiry,Sertifika 88 gun icinde suresi dolacak,dc2,rack-C,prod
ALM-01857,2026-09-10T02:57:29,AppDynamics,ao-044-load,load-balancer,2,cert_expiry,Sertifika 71 gun icinde suresi dolacak,dc2,rack-C,prod
ALM-00901,2026-09-10T02:57:32,AppDynamics,ao-024-payment,payment-service,5,txn_fail,"Islem basarisiz, hata orani yuzde 87",dc2,rack-A,prod
ALM-01078,2026-09-10T02:57:33,Prometheus,ao-005-mobile,mobile-bff,4,timeout,payment-provider-gw servisine yapilan cagri zaman asimina ugradi (92 ms),dc1,rack-C,prod
ALM-00935,2026-09-10T02:57:34,OBM,ao-025-payment,payment-service,4,http_5xx,"HTTP 5xx hata orani esigi asti, oran yuzde 71",dc1,rack-B,prod
ALM-02389,2026-09-10T02:57:35,Zabbix,ao-026-payment,payment-service,1,cert_expiry,Sertifika 41 gun icinde suresi dolacak,dc2,rack-C,prod
ALM-00802,2026-09-10T02:57:37,Zabbix,ao-011-auth,auth-service,3,latency_high,"Yanit suresi p99 esigi asti, 97 ms",dc1,rack-C,prod
ALM-02155,2026-09-10T02:57:40,OBM,ao-014-session,session-service,2,backup_warn,Yedekleme isi 28 dakika gecikmeli tamamlandi,dc2,rack-C,prod
ALM-00782,2026-09-10T02:57:42,AppDynamics,ao-009-auth,auth-service,3,timeout,session-service servisine yapilan cagri zaman asimina ugradi (85 ms),dc1,rack-A,prod
ALM-02157,2026-09-10T02:57:44,OBM,ao-010-auth,auth-service,2,latency_high,"Yanit suresi p99 esigi asti, 80 ms",dc2,rack-B,prod
ALM-02565,2026-09-10T02:57:44,OBM,ao-048-batch,batch-scheduler,3,cert_expiry,Sertifika 44 gun icinde suresi dolacak,dc2,rack-A,prod
ALM-02346,2026-09-10T02:57:52,Zabbix,ao-012-session,session-service,4,cpu_high,CPU kullanimi yuzde 45,dc2,rack-A,prod
ALM-02091,2026-09-10T02:57:57,SyslogNG,ao-016-subscriber,subscriber-service,2,ntp_drift,Saat sapmasi 52 ms,dc2,rack-B,prod
ALM-02060,2026-09-10T02:57:58,Zabbix,ao-037-cache,cache-cluster,2,latency_high,"Yanit suresi p99 esigi asti, 71 ms",dc1,rack-B,prod
ALM-01435,2026-09-10T02:57:59,SyslogNG,ao-056-kyc,kyc-provider-gw,3,ntp_drift,Saat sapmasi 84 ms,dc2,rack-C,prod
ALM-00902,2026-09-10T02:58:00,Prometheus,ao-024-payment,payment-service,4,timeout,payment-provider-gw servisine yapilan cagri zaman asimina ugradi (82 ms),dc2,rack-A,prod
ALM-01046,2026-09-10T02:58:04,Zabbix,ao-004-mobile,mobile-bff,4,timeout,payment-provider-gw servisine yapilan cagri zaman asimina ugradi (81 ms),dc2,rack-B,prod
ALM-02673,2026-09-10T02:58:07,Zabbix,ao-022-charging,charging-service,2,network_flap,Arayuz bond0 link durumu 41 kez degisti,dc2,rack-B,prod
ALM-01793,2026-09-10T02:58:10,SyslogNG,ao-022-charging,charging-service,2,log_rotate,"Log rotasyonu beklenenden uzun surdu, 84 saniye",dc2,rack-B,prod
ALM-01079,2026-09-10T02:58:16,AppDynamics,ao-005-mobile,mobile-bff,4,txn_fail,"Islem basarisiz, hata orani yuzde 81",dc1,rack-C,prod
ALM-01047,2026-09-10T02:58:23,Zabbix,ao-004-mobile,mobile-bff,5,timeout,payment-provider-gw servisine yapilan cagri zaman asimina ugradi (95 ms),dc2,rack-B,prod
ALM-02028,2026-09-10T02:58:24,OBM,ao-017-subscriber,subscriber-service,3,disk_warn,"Disk kullanimi uyari seviyesinde, yuzde 71 dolu",dc1,rack-C,prod
ALM-01278,2026-09-10T02:58:37,SyslogNG,ao-042-load,load-balancer,1,cert_expiry,Sertifika 54 gun icinde suresi dolacak,dc2,rack-A,prod
ALM-01015,2026-09-10T02:58:41,SyslogNG,ao-028-order,order-service,4,txn_fail,"Islem basarisiz, hata orani yuzde 77",dc2,rack-B,prod
ALM-00903,2026-09-10T02:58:45,Prometheus,ao-024-payment,payment-service,5,timeout,payment-provider-gw servisine yapilan cagri zaman asimina ugradi (74 ms),dc2,rack-A,prod
ALM-02594,2026-09-10T02:58:51,OBM,ao-009-auth,auth-service,1,network_flap,Arayuz eth1 link durumu 66 kez degisti,dc1,rack-A,prod
ALM-01497,2026-09-10T02:58:54,Prometheus,ao-038-cache,cache-cluster,2,log_rotate,"Log rotasyonu beklenenden uzun surdu, 63 saniye",dc2,rack-C,prod
ALM-01016,2026-09-10T02:58:55,AppDynamics,ao-028-order,order-service,4,timeout,payment-provider-gw servisine yapilan cagri zaman asimina ugradi (77 ms),dc2,rack-B,prod
ALM-01080,2026-09-10T02:58:59,AppDynamics,ao-005-mobile,mobile-bff,4,http_5xx,"HTTP 5xx hata orani esigi asti, oran yuzde 96",dc1,rack-C,prod
ALM-02017,2026-09-10T02:59:00,OBM,ao-045-dns,dns-resolver,1,cert_expiry,Sertifika 48 gun icinde suresi dolacak,dc1,rack-A,prod
ALM-01081,2026-09-10T02:59:02,SyslogNG,ao-005-mobile,mobile-bff,4,http_5xx,"HTTP 5xx hata orani esigi asti, oran yuzde 88",dc1,rack-C,prod
ALM-02359,2026-09-10T02:59:04,Prometheus,ao-046-dns,dns-resolver,1,cert_expiry,Sertifika 72 gun icinde suresi dolacak,dc2,rack-B,prod
ALM-01359,2026-09-10T02:59:05,OBM,ao-009-auth,auth-service,2,backup_warn,Yedekleme isi 47 dakika gecikmeli tamamlandi,dc1,rack-A,prod
ALM-01391,2026-09-10T02:59:06,AppDynamics,ao-002-api,api-gateway,2,disk_warn,"Disk kullanimi uyari seviyesinde, yuzde 49 dolu",dc2,rack-C,prod
ALM-01891,2026-09-10T02:59:07,Prometheus,ao-019-billing,billing-service,3,disk_warn,"Disk kullanimi uyari seviyesinde, yuzde 63 dolu",dc1,rack-B,prod
ALM-02100,2026-09-10T02:59:08,Zabbix,ao-002-api,api-gateway,2,latency_high,"Yanit suresi p99 esigi asti, 42 ms",dc2,rack-C,prod
ALM-02486,2026-09-10T02:59:12,Prometheus,ao-008-web,web-bff,3,cpu_high,CPU kullanimi yuzde 42,dc2,rack-C,prod
ALM-01048,2026-09-10T02:59:14,Prometheus,ao-004-mobile,mobile-bff,5,txn_fail,"Islem basarisiz, hata orani yuzde 90",dc2,rack-B,prod
ALM-01824,2026-09-10T02:59:14,OBM,ao-051-report,report-batch,1,ntp_drift,Saat sapmasi 35 ms,dc1,rack-A,prod
ALM-02496,2026-09-10T02:59:14,Zabbix,ao-029-catalog,catalog-service,2,network_flap,Arayuz eth1 link durumu 46 kez degisti,dc1,rack-C,prod
ALM-02989,2026-09-10T02:59:16,OBM,ao-047-ntp,ntp-service,1,mem_high,Bellek kullanimi yuzde 38 seviyesinde,dc1,rack-C,prod
ALM-01049,2026-09-10T02:59:22,OBM,ao-004-mobile,mobile-bff,4,timeout,payment-provider-gw servisine yapilan cagri zaman asimina ugradi (84 ms),dc2,rack-B,prod
ALM-01804,2026-09-10T02:59:23,OBM,ao-038-cache,cache-cluster,3,mem_high,Bellek kullanimi yuzde 21 seviyesinde,dc2,rack-C,prod
ALM-02688,2026-09-10T02:59:28,Zabbix,ao-042-load,load-balancer,2,cert_expiry,Sertifika 47 gun icinde suresi dolacak,dc2,rack-A,prod
ALM-01451,2026-09-10T02:59:29,Prometheus,ao-039-message,message-queue,2,log_rotate,"Log rotasyonu beklenenden uzun surdu, 86 saniye",dc1,rack-A,prod
ALM-01017,2026-09-10T02:59:35,Zabbix,ao-028-order,order-service,4,http_5xx,"HTTP 5xx hata orani esigi asti, oran yuzde 98",dc2,rack-B,prod
ALM-00904,2026-09-10T02:59:45,Prometheus,ao-024-payment,payment-service,4,http_5xx,"HTTP 5xx hata orani esigi asti, oran yuzde 89",dc2,rack-A,prod
ALM-01507,2026-09-10T02:59:48,Prometheus,ao-033-subscriber,subscriber-db,3,log_rotate,"Log rotasyonu beklenenden uzun surdu, 60 saniye",dc1,rack-A,prod
ALM-02710,2026-09-10T02:59:52,Zabbix,ao-030-notification,notification-service,2,cert_expiry,Sertifika 31 gun icinde suresi dolacak,dc2,rack-A,prod
ALM-01458,2026-09-10T02:59:56,OBM,ao-043-load,load-balancer,3,cert_expiry,Sertifika 21 gun icinde suresi dolacak,dc1,rack-B,prod
ALM-01323,2026-09-10T02:59:57,Prometheus,ao-005-mobile,mobile-bff,1,cpu_high,CPU kullanimi yuzde 88,dc1,rack-C,prod
ALM-00803,2026-09-10T03:00:01,Prometheus,ao-011-auth,auth-service,3,timeout,session-service servisine yapilan cagri zaman asimina ugradi (76 ms),dc1,rack-C,prod
ALM-01515,2026-09-10T03:00:01,Zabbix,ao-015-subscriber,subscriber-service,2,ntp_drift,Saat sapmasi 61 ms,dc1,rack-A,prod
ALM-02011,2026-09-10T03:00:01,Zabbix,ao-001-api,api-gateway,1,backup_warn,Yedekleme isi 47 dakika gecikmeli tamamlandi,dc1,rack-B,prod
ALM-02770,2026-09-10T03:00:01,Prometheus,ao-025-payment,payment-service,3,ntp_drift,Saat sapmasi 58 ms,dc1,rack-B,prod
ALM-02497,2026-09-10T03:00:04,AppDynamics,ao-045-dns,dns-resolver,1,cert_expiry,Sertifika 43 gun icinde suresi dolacak,dc1,rack-A,prod
ALM-01050,2026-09-10T03:00:06,OBM,ao-004-mobile,mobile-bff,4,http_5xx,"HTTP 5xx hata orani esigi asti, oran yuzde 91",dc2,rack-B,prod
ALM-00848,2026-09-10T03:00:10,SyslogNG,ao-008-web,web-bff,3,timeout,session-service servisine yapilan cagri zaman asimina ugradi (79 ms),dc2,rack-C,prod
ALM-01579,2026-09-10T03:00:10,SyslogNG,ao-036-billing,billing-db,1,backup_warn,Yedekleme isi 63 dakika gecikmeli tamamlandi,dc2,rack-A,prod
ALM-01018,2026-09-10T03:00:13,SyslogNG,ao-028-order,order-service,5,txn_fail,"Islem basarisiz, hata orani yuzde 72",dc2,rack-B,prod
ALM-00905,2026-09-10T03:00:17,Prometheus,ao-024-payment,payment-service,5,http_5xx,"HTTP 5xx hata orani esigi asti, oran yuzde 70",dc2,rack-A,prod
ALM-02896,2026-09-10T03:00:18,Prometheus,ao-006-mobile,mobile-bff,3,log_rotate,"Log rotasyonu beklenenden uzun surdu, 59 saniye",dc2,rack-A,prod
ALM-01712,2026-09-10T03:00:22,OBM,ao-043-load,load-balancer,1,mem_high,Bellek kullanimi yuzde 23 seviyesinde,dc1,rack-B,prod
ALM-02885,2026-09-10T03:00:22,SyslogNG,ao-006-mobile,mobile-bff,2,disk_warn,"Disk kullanimi uyari seviyesinde, yuzde 61 dolu",dc2,rack-A,prod
ALM-02413,2026-09-10T03:00:23,OBM,ao-045-dns,dns-resolver,2,network_flap,Arayuz eth1 link durumu 57 kez degisti,dc1,rack-A,prod
ALM-01270,2026-09-10T03:00:27,Prometheus,ao-055-sms,sms-gateway,1,disk_warn,"Disk kullanimi uyari seviyesinde, yuzde 41 dolu",dc1,rack-B,prod
ALM-00783,2026-09-10T03:00:29,OBM,ao-009-auth,auth-service,3,latency_high,"Yanit suresi p99 esigi asti, 92 ms",dc1,rack-A,prod
ALM-02397,2026-09-10T03:00:32,AppDynamics,ao-002-api,api-gateway,2,ntp_drift,Saat sapmasi 32 ms,dc2,rack-C,prod
ALM-01828,2026-09-10T03:00:40,OBM,ao-036-billing,billing-db,2,log_rotate,"Log rotasyonu beklenenden uzun surdu, 80 saniye",dc2,rack-A,prod
ALM-00906,2026-09-10T03:00:42,Zabbix,ao-024-payment,payment-service,5,timeout,payment-provider-gw servisine yapilan cagri zaman asimina ugradi (95 ms),dc2,rack-A,prod
ALM-02555,2026-09-10T03:00:46,OBM,ao-049-invoice,invoice-batch,1,log_rotate,"Log rotasyonu beklenenden uzun surdu, 25 saniye",dc1,rack-B,prod
ALM-02637,2026-09-10T03:00:47,Zabbix,ao-037-cache,cache-cluster,2,network_flap,Arayuz eth0 link durumu 84 kez degisti,dc1,rack-B,prod
ALM-02106,2026-09-10T03:00:54,AppDynamics,ao-014-session,session-service,1,network_flap,Arayuz eth0 link durumu 47 kez degisti,dc2,rack-C,prod
ALM-02992,2026-09-10T03:00:55,SyslogNG,ao-045-dns,dns-resolver,3,log_rotate,"Log rotasyonu beklenenden uzun surdu, 87 saniye",dc1,rack-A,prod
ALM-01377,2026-09-10T03:00:57,AppDynamics,ao-040-message,message-queue,1,cpu_high,CPU kullanimi yuzde 31,dc2,rack-B,prod
ALM-02932,2026-09-10T03:01:00,Zabbix,ao-024-payment,payment-service,1,cpu_high,CPU kullanimi yuzde 56,dc2,rack-A,prod
ALM-02982,2026-09-10T03:01:00,AppDynamics,ao-009-auth,auth-service,1,cpu_high,CPU kullanimi yuzde 54,dc1,rack-A,prod
ALM-02863,2026-09-10T03:01:11,SyslogNG,ao-033-subscriber,subscriber-db,3,log_rotate,"Log rotasyonu beklenenden uzun surdu, 75 saniye",dc1,rack-A,prod
ALM-00907,2026-09-10T03:01:16,Zabbix,ao-024-payment,payment-service,5,txn_fail,"Islem basarisiz, hata orani yuzde 90",dc2,rack-A,prod
ALM-02336,2026-09-10T03:01:18,Zabbix,ao-016-subscriber,subscriber-service,2,backup_warn,Yedekleme isi 46 dakika gecikmeli tamamlandi,dc2,rack-B,prod
ALM-02786,2026-09-10T03:01:20,OBM,ao-025-payment,payment-service,3,cert_expiry,Sertifika 65 gun icinde suresi dolacak,dc1,rack-B,prod
ALM-01290,2026-09-10T03:01:25,AppDynamics,ao-017-subscriber,subscriber-service,2,mem_high,Bellek kullanimi yuzde 24 seviyesinde,dc1,rack-C,prod
ALM-02148,2026-09-10T03:01:40,SyslogNG,ao-052-payment,payment-provider-gw,3,cert_expiry,Sertifika 77 gun icinde suresi dolacak,dc2,rack-B,prod
ALM-02002,2026-09-10T03:01:45,Prometheus,ao-054-payment,payment-provider-gw,2,ntp_drift,Saat sapmasi 34 ms,dc2,rack-A,prod
ALM-02894,2026-09-10T03:01:47,AppDynamics,ao-010-auth,auth-service,2,ntp_drift,Saat sapmasi 74 ms,dc2,rack-B,prod
ALM-01625,2026-09-10T03:01:49,OBM,ao-054-payment,payment-provider-gw,3,cert_expiry,Sertifika 27 gun icinde suresi dolacak,dc2,rack-A,prod
ALM-02891,2026-09-10T03:01:58,Prometheus,ao-030-notification,notification-service,3,cpu_high,CPU kullanimi yuzde 30,dc2,rack-A,prod
ALM-01468,2026-09-10T03:02:07,Prometheus,ao-028-order,order-service,1,disk_warn,"Disk kullanimi uyari seviyesinde, yuzde 81 dolu",dc2,rack-B,prod
ALM-02685,2026-09-10T03:02:08,Prometheus,ao-038-cache,cache-cluster,1,latency_high,"Yanit suresi p99 esigi asti, 54 ms",dc2,rack-C,prod
ALM-01537,2026-09-10T03:02:09,Zabbix,ao-041-object,object-store,3,latency_high,"Yanit suresi p99 esigi asti, 20 ms",dc1,rack-C,prod
ALM-01311,2026-09-10T03:02:10,Prometheus,ao-050-reconciliation,reconciliation-batch,1,ntp_drift,Saat sapmasi 83 ms,dc2,rack-C,prod
ALM-02540,2026-09-10T03:02:22,SyslogNG,ao-047-ntp,ntp-service,1,ntp_drift,Saat sapmasi 66 ms,dc1,rack-C,prod
ALM-02196,2026-09-10T03:02:27,Zabbix,ao-020-billing,billing-service,3,cpu_high,CPU kullanimi yuzde 64,dc2,rack-C,prod
ALM-01546,2026-09-10T03:02:35,SyslogNG,ao-014-session,session-service,1,network_flap,Arayuz eth1 link durumu 28 kez degisti,dc2,rack-C,prod
ALM-01934,2026-09-10T03:02:38,Prometheus,ao-042-load,load-balancer,3,cert_expiry,Sertifika 77 gun icinde suresi dolacak,dc2,rack-A,prod
ALM-02417,2026-09-10T03:02:38,Prometheus,ao-030-notification,notification-service,1,disk_warn,"Disk kullanimi uyari seviyesinde, yuzde 58 dolu",dc2,rack-A,prod
ALM-02521,2026-09-10T03:02:39,SyslogNG,ao-020-billing,billing-service,3,cert_expiry,Sertifika 63 gun icinde suresi dolacak,dc2,rack-C,prod
ALM-01449,2026-09-10T03:02:44,AppDynamics,ao-019-billing,billing-service,1,latency_high,"Yanit suresi p99 esigi asti, 28 ms",dc1,rack-B,prod
ALM-02472,2026-09-10T03:02:53,Prometheus,ao-028-order,order-service,2,disk_warn,"Disk kullanimi uyari seviyesinde, yuzde 31 dolu",dc2,rack-B,prod
ALM-01509,2026-09-10T03:02:59,OBM,ao-041-object,object-store,1,cert_expiry,Sertifika 33 gun icinde suresi dolacak,dc1,rack-C,prod
ALM-02607,2026-09-10T03:03:03,OBM,ao-019-billing,billing-service,1,latency_high,"Yanit suresi p99 esigi asti, 46 ms",dc1,rack-B,prod
ALM-02321,2026-09-10T03:03:04,SyslogNG,ao-039-message,message-queue,2,mem_high,Bellek kullanimi yuzde 34 seviyesinde,dc1,rack-A,prod
ALM-02690,2026-09-10T03:03:06,Zabbix,ao-001-api,api-gateway,4,log_rotate,"Log rotasyonu beklenenden uzun surdu, 76 saniye",dc1,rack-B,prod
ALM-01282,2026-09-10T03:03:08,OBM,ao-020-billing,billing-service,2,disk_warn,"Disk kullanimi uyari seviyesinde, yuzde 39 dolu",dc2,rack-C,prod
ALM-02546,2026-09-10T03:03:11,AppDynamics,ao-012-session,session-service,2,network_flap,Arayuz eth1 link durumu 73 kez degisti,dc2,rack-A,prod
ALM-01881,2026-09-10T03:03:17,Prometheus,ao-024-payment,payment-service,2,ntp_drift,Saat sapmasi 24 ms,dc2,rack-A,prod
ALM-00784,2026-09-10T03:03:22,Prometheus,ao-009-auth,auth-service,3,latency_high,"Yanit suresi p99 esigi asti, 92 ms",dc1,rack-A,prod
ALM-01642,2026-09-10T03:03:28,Prometheus,ao-042-load,load-balancer,4,backup_warn,Yedekleme isi 35 dakika gecikmeli tamamlandi,dc2,rack-A,prod
ALM-02306,2026-09-10T03:03:28,Zabbix,ao-026-payment,payment-service,3,log_rotate,"Log rotasyonu beklenenden uzun surdu, 77 saniye",dc2,rack-C,prod
ALM-01490,2026-09-10T03:03:29,OBM,ao-050-reconciliation,reconciliation-batch,3,network_flap,Arayuz eth0 link durumu 33 kez degisti,dc2,rack-C,prod
ALM-00849,2026-09-10T03:03:30,Prometheus,ao-008-web,web-bff,3,latency_high,"Yanit suresi p99 esigi asti, 88 ms",dc2,rack-C,prod
ALM-02821,2026-09-10T03:03:30,OBM,ao-009-auth,auth-service,3,network_flap,Arayuz ens192 link durumu 37 kez degisti,dc1,rack-A,prod
ALM-00804,2026-09-10T03:03:31,AppDynamics,ao-011-auth,auth-service,3,timeout,session-service servisine yapilan cagri zaman asimina ugradi (90 ms),dc1,rack-C,prod
ALM-01750,2026-09-10T03:03:31,AppDynamics,ao-052-payment,payment-provider-gw,1,backup_warn,Yedekleme isi 52 dakika gecikmeli tamamlandi,dc2,rack-B,prod
ALM-02138,2026-09-10T03:03:36,SyslogNG,ao-039-message,message-queue,2,mem_high,Bellek kullanimi yuzde 59 seviyesinde,dc1,rack-A,prod
ALM-02658,2026-09-10T03:03:37,Zabbix,ao-051-report,report-batch,3,disk_warn,"Disk kullanimi uyari seviyesinde, yuzde 49 dolu",dc1,rack-A,prod
ALM-01784,2026-09-10T03:03:48,OBM,ao-029-catalog,catalog-service,1,disk_warn,"Disk kullanimi uyari seviyesinde, yuzde 45 dolu",dc1,rack-C,prod
ALM-02027,2026-09-10T03:03:50,SyslogNG,ao-032-subscriber,subscriber-db,2,log_rotate,"Log rotasyonu beklenenden uzun surdu, 58 saniye",dc2,rack-C,prod
ALM-01931,2026-09-10T03:03:53,Prometheus,ao-002-api,api-gateway,2,ntp_drift,Saat sapmasi 64 ms,dc2,rack-C,prod
ALM-02827,2026-09-10T03:03:56,OBM,ao-012-session,session-service,1,cert_expiry,Sertifika 81 gun icinde suresi dolacak,dc2,rack-A,prod
ALM-01721,2026-09-10T03:03:57,Zabbix,ao-039-message,message-queue,1,cert_expiry,Sertifika 35 gun icinde suresi dolacak,dc1,rack-A,prod
ALM-02556,2026-09-10T03:03:58,Zabbix,ao-004-mobile,mobile-bff,2,disk_warn,"Disk kullanimi uyari seviyesinde, yuzde 34 dolu",dc2,rack-B,prod
ALM-01461,2026-09-10T03:04:02,SyslogNG,ao-018-billing,billing-service,1,latency_high,"Yanit suresi p99 esigi asti, 74 ms",dc2,rack-A,prod
ALM-02698,2026-09-10T03:04:02,AppDynamics,ao-044-load,load-balancer,3,disk_warn,"Disk kullanimi uyari seviyesinde, yuzde 61 dolu",dc2,rack-C,prod
ALM-01791,2026-09-10T03:04:06,SyslogNG,ao-026-payment,payment-service,2,latency_high,"Yanit suresi p99 esigi asti, 52 ms",dc2,rack-C,prod
ALM-01608,2026-09-10T03:04:08,SyslogNG,ao-010-auth,auth-service,4,backup_warn,Yedekleme isi 44 dakika gecikmeli tamamlandi,dc2,rack-B,prod
ALM-02705,2026-09-10T03:04:08,AppDynamics,ao-036-billing,billing-db,1,mem_high,Bellek kullanimi yuzde 58 seviyesinde,dc2,rack-A,prod
ALM-01955,2026-09-10T03:04:09,Zabbix,ao-049-invoice,invoice-batch,1,mem_high,Bellek kullanimi yuzde 24 seviyesinde,dc1,rack-B,prod
ALM-01383,2026-09-10T03:04:11,OBM,ao-027-order,order-service,2,cpu_high,CPU kullanimi yuzde 47,dc1,rack-A,prod
ALM-01785,2026-09-10T03:04:12,SyslogNG,ao-025-payment,payment-service,1,cpu_high,CPU kullanimi yuzde 22,dc1,rack-B,prod
ALM-01401,2026-09-10T03:04:18,SyslogNG,ao-037-cache,cache-cluster,2,latency_high,"Yanit suresi p99 esigi asti, 65 ms",dc1,rack-B,prod
ALM-02380,2026-09-10T03:04:24,SyslogNG,ao-039-message,message-queue,1,log_rotate,"Log rotasyonu beklenenden uzun surdu, 40 saniye",dc1,rack-A,prod
ALM-02293,2026-09-10T03:04:25,SyslogNG,ao-026-payment,payment-service,1,log_rotate,"Log rotasyonu beklenenden uzun surdu, 20 saniye",dc2,rack-C,prod
ALM-02168,2026-09-10T03:04:26,OBM,ao-013-session,session-service,2,ntp_drift,Saat sapmasi 65 ms,dc1,rack-B,prod
ALM-02108,2026-09-10T03:04:27,OBM,ao-002-api,api-gateway,3,latency_high,"Yanit suresi p99 esigi asti, 41 ms",dc2,rack-C,prod
ALM-01834,2026-09-10T03:04:30,Prometheus,ao-013-session,session-service,4,cpu_high,CPU kullanimi yuzde 36,dc1,rack-B,prod
ALM-01550,2026-09-10T03:04:41,SyslogNG,ao-021-charging,charging-service,4,mem_high,Bellek kullanimi yuzde 30 seviyesinde,dc1,rack-A,prod
ALM-02206,2026-09-10T03:04:42,Prometheus,ao-044-load,load-balancer,3,ntp_drift,Saat sapmasi 51 ms,dc2,rack-C,prod
ALM-02668,2026-09-10T03:04:43,Zabbix,ao-032-subscriber,subscriber-db,2,disk_warn,"Disk kullanimi uyari seviyesinde, yuzde 44 dolu",dc2,rack-C,prod
ALM-02632,2026-09-10T03:04:48,OBM,ao-003-api,api-gateway,3,cpu_high,CPU kullanimi yuzde 54,dc1,rack-A,prod
ALM-02798,2026-09-10T03:05:01,SyslogNG,ao-015-subscriber,subscriber-service,2,cert_expiry,Sertifika 73 gun icinde suresi dolacak,dc1,rack-A,prod
ALM-01858,2026-09-10T03:05:08,OBM,ao-005-mobile,mobile-bff,4,network_flap,Arayuz ens192 link durumu 44 kez degisti,dc1,rack-C,prod
ALM-02602,2026-09-10T03:05:08,SyslogNG,ao-003-api,api-gateway,1,ntp_drift,Saat sapmasi 50 ms,dc1,rack-A,prod
ALM-02024,2026-09-10T03:05:10,SyslogNG,ao-038-cache,cache-cluster,3,log_rotate,"Log rotasyonu beklenenden uzun surdu, 54 saniye",dc2,rack-C,prod
ALM-02163,2026-09-10T03:05:12,Zabbix,ao-023-charging,charging-service,2,cert_expiry,Sertifika 79 gun icinde suresi dolacak,dc1,rack-C,prod
ALM-02876,2026-09-10T03:05:18,Zabbix,ao-024-payment,payment-service,4,cpu_high,CPU kullanimi yuzde 20,dc2,rack-A,prod
ALM-01583,2026-09-10T03:05:20,AppDynamics,ao-016-subscriber,subscriber-service,2,disk_warn,"Disk kullanimi uyari seviyesinde, yuzde 76 dolu",dc2,rack-B,prod
ALM-01552,2026-09-10T03:05:26,Prometheus,ao-011-auth,auth-service,1,cpu_high,CPU kullanimi yuzde 24,dc1,rack-C,prod
ALM-01107,2026-09-10T03:05:28,Prometheus,ao-048-batch,batch-scheduler,4,batch_overlap,Toplu is penceresi cakismasi tespit edildi,dc2,rack-A,prod
ALM-02581,2026-09-10T03:05:36,SyslogNG,ao-022-charging,charging-service,3,cert_expiry,Sertifika 33 gun icinde suresi dolacak,dc2,rack-B,prod
ALM-02227,2026-09-10T03:05:40,AppDynamics,ao-018-billing,billing-service,3,latency_high,"Yanit suresi p99 esigi asti, 80 ms",dc2,rack-A,prod
ALM-02946,2026-09-10T03:05:40,Zabbix,ao-050-reconciliation,reconciliation-batch,4,latency_high,"Yanit suresi p99 esigi asti, 20 ms",dc2,rack-C,prod
ALM-01872,2026-09-10T03:05:42,AppDynamics,ao-053-payment,payment-provider-gw,3,cpu_high,CPU kullanimi yuzde 83,dc1,rack-C,prod
ALM-01783,2026-09-10T03:05:43,SyslogNG,ao-027-order,order-service,1,network_flap,Arayuz eth0 link durumu 24 kez degisti,dc1,rack-A,prod
ALM-02101,2026-09-10T03:05:48,SyslogNG,ao-042-load,load-balancer,1,log_rotate,"Log rotasyonu beklenenden uzun surdu, 29 saniye",dc2,rack-A,prod
ALM-01382,2026-09-10T03:05:50,Zabbix,ao-055-sms,sms-gateway,4,cpu_high,CPU kullanimi yuzde 32,dc1,rack-B,prod
ALM-01108,2026-09-10T03:06:06,OBM,ao-048-batch,batch-scheduler,4,batch_overlap,Toplu is penceresi cakismasi tespit edildi,dc2,rack-A,prod
ALM-02959,2026-09-10T03:06:09,SyslogNG,ao-055-sms,sms-gateway,1,network_flap,Arayuz eth0 link durumu 29 kez degisti,dc1,rack-B,prod
ALM-02846,2026-09-10T03:06:10,SyslogNG,ao-031-subscriber,subscriber-db,2,cpu_high,CPU kullanimi yuzde 40,dc1,rack-B,prod
ALM-02635,2026-09-10T03:06:12,OBM,ao-048-batch,batch-scheduler,1,latency_high,"Yanit suresi p99 esigi asti, 77 ms",dc2,rack-A,prod
ALM-01661,2026-09-10T03:06:13,SyslogNG,ao-031-subscriber,subscriber-db,2,ntp_drift,Saat sapmasi 74 ms,dc1,rack-B,prod
ALM-02866,2026-09-10T03:06:13,SyslogNG,ao-044-load,load-balancer,3,cert_expiry,Sertifika 70 gun icinde suresi dolacak,dc2,rack-C,prod
ALM-01353,2026-09-10T03:06:15,AppDynamics,ao-017-subscriber,subscriber-service,3,network_flap,Arayuz eth0 link durumu 43 kez degisti,dc1,rack-C,prod
ALM-01109,2026-09-10T03:06:18,OBM,ao-048-batch,batch-scheduler,4,batch_overlap,Toplu is penceresi cakismasi tespit edildi,dc2,rack-A,prod
ALM-02324,2026-09-10T03:06:24,Zabbix,ao-011-auth,auth-service,2,log_rotate,"Log rotasyonu beklenenden uzun surdu, 22 saniye",dc1,rack-C,prod
ALM-01554,2026-09-10T03:06:33,AppDynamics,ao-040-message,message-queue,1,cert_expiry,Sertifika 82 gun icinde suresi dolacak,dc2,rack-B,prod
ALM-02559,2026-09-10T03:06:33,SyslogNG,ao-051-report,report-batch,2,log_rotate,"Log rotasyonu beklenenden uzun surdu, 65 saniye",dc1,rack-A,prod
ALM-01245,2026-09-10T03:06:38,SyslogNG,ao-052-payment,payment-provider-gw,2,cert_expiry,Sertifika 86 gun icinde suresi dolacak,dc2,rack-B,prod
ALM-01743,2026-09-10T03:06:41,AppDynamics,ao-030-notification,notification-service,2,backup_warn,Yedekleme isi 49 dakika gecikmeli tamamlandi,dc2,rack-A,prod
ALM-02209,2026-09-10T03:06:41,Prometheus,ao-054-payment,payment-provider-gw,1,mem_high,Bellek kullanimi yuzde 48 seviyesinde,dc2,rack-A,prod
ALM-01110,2026-09-10T03:06:50,Zabbix,ao-048-batch,batch-scheduler,4,batch_overlap,Toplu is penceresi cakismasi tespit edildi,dc2,rack-A,prod
ALM-02005,2026-09-10T03:06:57,Prometheus,ao-044-load,load-balancer,1,log_rotate,"Log rotasyonu beklenenden uzun surdu, 78 saniye",dc2,rack-C,prod
ALM-02059,2026-09-10T03:07:01,SyslogNG,ao-029-catalog,catalog-service,1,mem_high,Bellek kullanimi yuzde 38 seviyesinde,dc1,rack-C,prod
ALM-02211,2026-09-10T03:07:03,AppDynamics,ao-016-subscriber,subscriber-service,3,cpu_high,CPU kullanimi yuzde 44,dc2,rack-B,prod
ALM-02376,2026-09-10T03:07:12,Prometheus,ao-010-auth,auth-service,3,log_rotate,"Log rotasyonu beklenenden uzun surdu, 74 saniye",dc2,rack-B,prod
ALM-02475,2026-09-10T03:07:14,OBM,ao-002-api,api-gateway,1,cpu_high,CPU kullanimi yuzde 53,dc2,rack-C,prod
ALM-01128,2026-09-10T03:07:18,OBM,ao-051-report,report-batch,3,db_conn_pool,"Baglanti havuzu tukendi, bekleyen istek sayisi 90",dc1,rack-A,prod
ALM-01455,2026-09-10T03:07:20,AppDynamics,ao-041-object,object-store,2,backup_warn,Yedekleme isi 58 dakika gecikmeli tamamlandi,dc1,rack-C,prod
ALM-01862,2026-09-10T03:07:26,OBM,ao-006-mobile,mobile-bff,3,backup_warn,Yedekleme isi 71 dakika gecikmeli tamamlandi,dc2,rack-A,prod
ALM-02139,2026-09-10T03:07:28,AppDynamics,ao-030-notification,notification-service,1,cpu_high,CPU kullanimi yuzde 26,dc2,rack-A,prod
ALM-01855,2026-09-10T03:07:29,Prometheus,ao-038-cache,cache-cluster,4,disk_warn,"Disk kullanimi uyari seviyesinde, yuzde 52 dolu",dc2,rack-C,prod
ALM-01453,2026-09-10T03:07:33,Zabbix,ao-013-session,session-service,2,log_rotate,"Log rotasyonu beklenenden uzun surdu, 21 saniye",dc1,rack-B,prod
ALM-02127,2026-09-10T03:07:36,AppDynamics,ao-039-message,message-queue,2,latency_high,"Yanit suresi p99 esigi asti, 45 ms",dc1,rack-A,prod
ALM-02904,2026-09-10T03:07:36,SyslogNG,ao-021-charging,charging-service,2,mem_high,Bellek kullanimi yuzde 79 seviyesinde,dc1,rack-A,prod
ALM-01522,2026-09-10T03:07:40,Prometheus,ao-017-subscriber,subscriber-service,2,cert_expiry,Sertifika 40 gun icinde suresi dolacak,dc1,rack-C,prod
ALM-01111,2026-09-10T03:07:47,AppDynamics,ao-050-reconciliation,reconciliation-batch,3,db_conn_pool,"Baglanti havuzu tukendi, bekleyen istek sayisi 81",dc2,rack-C,prod
ALM-02202,2026-09-10T03:08:00,AppDynamics,ao-018-billing,billing-service,2,mem_high,Bellek kullanimi yuzde 74 seviyesinde,dc2,rack-A,prod
ALM-01409,2026-09-10T03:08:01,SyslogNG,ao-034-billing,billing-db,1,log_rotate,"Log rotasyonu beklenenden uzun surdu, 72 saniye",dc2,rack-B,prod
ALM-01129,2026-09-10T03:08:08,Zabbix,ao-051-report,report-batch,3,db_conn_pool,"Baglanti havuzu tukendi, bekleyen istek sayisi 92",dc1,rack-A,prod
ALM-02588,2026-09-10T03:08:09,OBM,ao-021-charging,charging-service,1,cert_expiry,Sertifika 41 gun icinde suresi dolacak,dc1,rack-A,prod
ALM-02102,2026-09-10T03:08:11,AppDynamics,ao-029-catalog,catalog-service,3,log_rotate,"Log rotasyonu beklenenden uzun surdu, 63 saniye",dc1,rack-C,prod
ALM-02190,2026-09-10T03:08:11,OBM,ao-053-payment,payment-provider-gw,3,mem_high,Bellek kullanimi yuzde 43 seviyesinde,dc1,rack-C,prod
ALM-02501,2026-09-10T03:08:13,Prometheus,ao-016-subscriber,subscriber-service,3,backup_warn,Yedekleme isi 36 dakika gecikmeli tamamlandi,dc2,rack-B,prod
ALM-02601,2026-09-10T03:08:19,AppDynamics,ao-041-object,object-store,2,backup_warn,Yedekleme isi 33 dakika gecikmeli tamamlandi,dc1,rack-C,prod
ALM-02012,2026-09-10T03:08:22,AppDynamics,ao-034-billing,billing-db,1,backup_warn,Yedekleme isi 34 dakika gecikmeli tamamlandi,dc2,rack-B,prod
ALM-02605,2026-09-10T03:08:27,OBM,ao-025-payment,payment-service,3,latency_high,"Yanit suresi p99 esigi asti, 55 ms",dc1,rack-B,prod
ALM-01516,2026-09-10T03:08:32,AppDynamics,ao-017-subscriber,subscriber-service,2,mem_high,Bellek kullanimi yuzde 44 seviyesinde,dc1,rack-C,prod
ALM-02819,2026-09-10T03:08:36,Zabbix,ao-038-cache,cache-cluster,4,ntp_drift,Saat sapmasi 64 ms,dc2,rack-C,prod
ALM-02577,2026-09-10T03:08:41,Prometheus,ao-015-subscriber,subscriber-service,2,network_flap,Arayuz eth0 link durumu 34 kez degisti,dc1,rack-A,prod
ALM-01757,2026-09-10T03:08:54,Prometheus,ao-036-billing,billing-db,4,network_flap,Arayuz bond0 link durumu 76 kez degisti,dc2,rack-A,prod
ALM-01112,2026-09-10T03:08:58,Zabbix,ao-050-reconciliation,reconciliation-batch,4,batch_slow,Toplu is calisma suresi 73 dakikaya ulasti,dc2,rack-C,prod
ALM-02548,2026-09-10T03:08:59,SyslogNG,ao-027-order,order-service,3,backup_warn,Yedekleme isi 66 dakika gecikmeli tamamlandi,dc1,rack-A,prod
ALM-01192,2026-09-10T03:09:04,OBM,ao-015-subscriber,subscriber-service,4,latency_high,"Yanit suresi p99 esigi asti, 93 ms",dc1,rack-A,prod
ALM-02669,2026-09-10T03:09:05,OBM,ao-012-session,session-service,1,disk_warn,"Disk kullanimi uyari seviyesinde, yuzde 83 dolu",dc2,rack-A,prod
ALM-01943,2026-09-10T03:09:08,OBM,ao-032-subscriber,subscriber-db,1,cert_expiry,Sertifika 34 gun icinde suresi dolacak,dc2,rack-C,prod
ALM-02003,2026-09-10T03:09:12,OBM,ao-021-charging,charging-service,1,ntp_drift,Saat sapmasi 37 ms,dc1,rack-A,prod
ALM-01130,2026-09-10T03:09:13,SyslogNG,ao-051-report,report-batch,3,db_conn_pool,"Baglanti havuzu tukendi, bekleyen istek sayisi 83",dc1,rack-A,prod
ALM-01442,2026-09-10T03:09:13,OBM,ao-023-charging,charging-service,2,log_rotate,"Log rotasyonu beklenenden uzun surdu, 37 saniye",dc1,rack-C,prod
ALM-01145,2026-09-10T03:09:19,AppDynamics,ao-031-subscriber,subscriber-db,4,db_conn_pool,"Baglanti havuzu tukendi, bekleyen istek sayisi 88",dc1,rack-B,prod
ALM-01210,2026-09-10T03:09:20,Zabbix,ao-016-subscriber,subscriber-service,4,db_conn_pool,"Baglanti havuzu tukendi, bekleyen istek sayisi 71",dc2,rack-B,prod
ALM-02650,2026-09-10T03:09:21,SyslogNG,ao-013-session,session-service,3,cpu_high,CPU kullanimi yuzde 36,dc1,rack-B,prod
ALM-01223,2026-09-10T03:09:25,Prometheus,ao-017-subscriber,subscriber-service,4,latency_high,"Yanit suresi p99 esigi asti, 90 ms",dc1,rack-C,prod
ALM-01658,2026-09-10T03:09:25,Prometheus,ao-020-billing,billing-service,4,cert_expiry,Sertifika 87 gun icinde suresi dolacak,dc2,rack-C,prod
ALM-01319,2026-09-10T03:09:26,SyslogNG,ao-023-charging,charging-service,2,log_rotate,"Log rotasyonu beklenenden uzun surdu, 52 saniye",dc1,rack-C,prod
ALM-01635,2026-09-10T03:09:26,Zabbix,ao-037-cache,cache-cluster,1,cert_expiry,Sertifika 21 gun icinde suresi dolacak,dc1,rack-B,prod
ALM-01113,2026-09-10T03:09:30,Prometheus,ao-050-reconciliation,reconciliation-batch,3,batch_slow,Toplu is calisma suresi 80 dakikaya ulasti,dc2,rack-C,prod
ALM-02906,2026-09-10T03:09:32,AppDynamics,ao-008-web,web-bff,3,network_flap,Arayuz eth1 link durumu 85 kez degisti,dc2,rack-C,prod
ALM-01177,2026-09-10T03:09:33,OBM,ao-033-subscriber,subscriber-db,3,cpu_high,CPU kullanimi yuzde 83,dc1,rack-A,prod
ALM-01160,2026-09-10T03:09:40,OBM,ao-032-subscriber,subscriber-db,4,cpu_high,CPU kullanimi yuzde 98,dc2,rack-C,prod
ALM-02858,2026-09-10T03:09:42,Zabbix,ao-014-session,session-service,1,cert_expiry,Sertifika 30 gun icinde suresi dolacak,dc2,rack-C,prod
ALM-01868,2026-09-10T03:10:00,AppDynamics,ao-028-order,order-service,2,cert_expiry,Sertifika 21 gun icinde suresi dolacak,dc2,rack-B,prod
ALM-02655,2026-09-10T03:10:00,AppDynamics,ao-006-mobile,mobile-bff,2,backup_warn,Yedekleme isi 74 dakika gecikmeli tamamlandi,dc2,rack-A,prod
ALM-01719,2026-09-10T03:10:01,SyslogNG,ao-007-web,web-bff,2,mem_high,Bellek kullanimi yuzde 25 seviyesinde,dc1,rack-B,prod
ALM-02503,2026-09-10T03:10:01,Zabbix,ao-030-notification,notification-service,3,log_rotate,"Log rotasyonu beklenenden uzun surdu, 71 saniye",dc2,rack-A,prod
ALM-02864,2026-09-10T03:10:07,OBM,ao-046-dns,dns-resolver,2,mem_high,Bellek kullanimi yuzde 48 seviyesinde,dc2,rack-B,prod
ALM-02112,2026-09-10T03:10:13,Prometheus,ao-025-payment,payment-service,3,network_flap,Arayuz bond0 link durumu 80 kez degisti,dc1,rack-B,prod
ALM-02070,2026-09-10T03:10:16,SyslogNG,ao-001-api,api-gateway,2,latency_high,"Yanit suresi p99 esigi asti, 50 ms",dc1,rack-B,prod
ALM-01146,2026-09-10T03:10:22,AppDynamics,ao-031-subscriber,subscriber-db,4,latency_high,"Yanit suresi p99 esigi asti, 98 ms",dc1,rack-B,prod
ALM-01875,2026-09-10T03:10:29,AppDynamics,ao-002-api,api-gateway,2,latency_high,"Yanit suresi p99 esigi asti, 54 ms",dc2,rack-C,prod
ALM-01457,2026-09-10T03:10:31,Prometheus,ao-012-session,session-service,1,disk_warn,"Disk kullanimi uyari seviyesinde, yuzde 65 dolu",dc2,rack-A,prod
ALM-01224,2026-09-10T03:10:35,SyslogNG,ao-017-subscriber,subscriber-service,3,db_conn_pool,"Baglanti havuzu tukendi, bekleyen istek sayisi 76",dc1,rack-C,prod
ALM-01760,2026-09-10T03:10:37,SyslogNG,ao-018-billing,billing-service,2,network_flap,Arayuz bond0 link durumu 70 kez degisti,dc2,rack-A,prod
ALM-01114,2026-09-10T03:10:40,AppDynamics,ao-050-reconciliation,reconciliation-batch,3,batch_slow,Toplu is calisma suresi 74 dakikaya ulasti,dc2,rack-C,prod
ALM-02487,2026-09-10T03:10:46,AppDynamics,ao-004-mobile,mobile-bff,1,disk_warn,"Disk kullanimi uyari seviyesinde, yuzde 78 dolu",dc2,rack-B,prod
ALM-01211,2026-09-10T03:10:47,SyslogNG,ao-016-subscriber,subscriber-service,4,latency_high,"Yanit suresi p99 esigi asti, 82 ms",dc2,rack-B,prod
ALM-01533,2026-09-10T03:10:49,AppDynamics,ao-032-subscriber,subscriber-db,2,network_flap,Arayuz bond0 link durumu 82 kez degisti,dc2,rack-C,prod
ALM-01585,2026-09-10T03:10:49,OBM,ao-011-auth,auth-service,1,mem_high,Bellek kullanimi yuzde 60 seviyesinde,dc1,rack-C,prod
ALM-02156,2026-09-10T03:10:50,Zabbix,ao-056-kyc,kyc-provider-gw,3,backup_warn,Yedekleme isi 44 dakika gecikmeli tamamlandi,dc2,rack-C,prod
ALM-01779,2026-09-10T03:11:03,SyslogNG,ao-007-web,web-bff,1,disk_warn,"Disk kullanimi uyari seviyesinde, yuzde 69 dolu",dc1,rack-B,prod
ALM-01193,2026-09-10T03:11:05,OBM,ao-015-subscriber,subscriber-service,4,latency_high,"Yanit suresi p99 esigi asti, 71 ms",dc1,rack-A,prod
ALM-01178,2026-09-10T03:11:10,AppDynamics,ao-033-subscriber,subscriber-db,3,cpu_high,CPU kullanimi yuzde 89,dc1,rack-A,prod
ALM-01131,2026-09-10T03:11:11,Zabbix,ao-051-report,report-batch,4,batch_slow,Toplu is calisma suresi 92 dakikaya ulasti,dc1,rack-A,prod
ALM-01161,2026-09-10T03:11:11,SyslogNG,ao-032-subscriber,subscriber-db,4,db_conn_pool,"Baglanti havuzu tukendi, bekleyen istek sayisi 98",dc2,rack-C,prod
ALM-02014,2026-09-10T03:11:11,AppDynamics,ao-042-load,load-balancer,2,cpu_high,CPU kullanimi yuzde 49,dc2,rack-A,prod
ALM-02318,2026-09-10T03:11:12,Prometheus,ao-041-object,object-store,2,mem_high,Bellek kullanimi yuzde 62 seviyesinde,dc1,rack-C,prod
ALM-01853,2026-09-10T03:11:13,Prometheus,ao-054-payment,payment-provider-gw,1,ntp_drift,Saat sapmasi 65 ms,dc2,rack-A,prod
ALM-02197,2026-09-10T03:11:13,OBM,ao-037-cache,cache-cluster,2,mem_high,Bellek kullanimi yuzde 33 seviyesinde,dc1,rack-B,prod
ALM-02719,2026-09-10T03:11:16,OBM,ao-005-mobile,mobile-bff,2,cpu_high,CPU kullanimi yuzde 40,dc1,rack-C,prod
ALM-02453,2026-09-10T03:11:25,SyslogNG,ao-054-payment,payment-provider-gw,2,cpu_high,CPU kullanimi yuzde 48,dc2,rack-A,prod
ALM-01433,2026-09-10T03:11:26,AppDynamics,ao-038-cache,cache-cluster,2,cpu_high,CPU kullanimi yuzde 66,dc2,rack-C,prod
ALM-02309,2026-09-10T03:11:28,Prometheus,ao-011-auth,auth-service,1,mem_high,Bellek kullanimi yuzde 42 seviyesinde,dc1,rack-C,prod
ALM-01728,2026-09-10T03:11:29,AppDynamics,ao-040-message,message-queue,2,backup_warn,Yedekleme isi 74 dakika gecikmeli tamamlandi,dc2,rack-B,prod
ALM-01225,2026-09-10T03:11:36,AppDynamics,ao-017-subscriber,subscriber-service,4,cpu_high,CPU kullanimi yuzde 99,dc1,rack-C,prod
ALM-02925,2026-09-10T03:11:40,SyslogNG,ao-053-payment,payment-provider-gw,1,disk_warn,"Disk kullanimi uyari seviyesinde, yuzde 42 dolu",dc1,rack-C,prod
ALM-01322,2026-09-10T03:11:42,AppDynamics,ao-019-billing,billing-service,2,ntp_drift,Saat sapmasi 20 ms,dc1,rack-B,prod
ALM-01870,2026-09-10T03:11:43,Prometheus,ao-042-load,load-balancer,2,disk_warn,"Disk kullanimi uyari seviyesinde, yuzde 59 dolu",dc2,rack-A,prod
ALM-01877,2026-09-10T03:11:44,Prometheus,ao-050-reconciliation,reconciliation-batch,2,mem_high,Bellek kullanimi yuzde 21 seviyesinde,dc2,rack-C,prod
ALM-01132,2026-09-10T03:11:45,AppDynamics,ao-051-report,report-batch,3,cpu_high,CPU kullanimi yuzde 95,dc1,rack-A,prod
ALM-02640,2026-09-10T03:11:46,OBM,ao-037-cache,cache-cluster,2,cert_expiry,Sertifika 47 gun icinde suresi dolacak,dc1,rack-B,prod
ALM-01573,2026-09-10T03:11:48,Zabbix,ao-033-subscriber,subscriber-db,1,ntp_drift,Saat sapmasi 38 ms,dc1,rack-A,prod
ALM-01921,2026-09-10T03:11:48,SyslogNG,ao-030-notification,notification-service,1,log_rotate,"Log rotasyonu beklenenden uzun surdu, 78 saniye",dc2,rack-A,prod
ALM-02291,2026-09-10T03:11:49,AppDynamics,ao-024-payment,payment-service,2,backup_warn,Yedekleme isi 53 dakika gecikmeli tamamlandi,dc2,rack-A,prod
ALM-01147,2026-09-10T03:11:56,AppDynamics,ao-031-subscriber,subscriber-db,3,latency_high,"Yanit suresi p99 esigi asti, 94 ms",dc1,rack-B,prod
ALM-01969,2026-09-10T03:11:56,SyslogNG,ao-006-mobile,mobile-bff,1,disk_warn,"Disk kullanimi uyari seviyesinde, yuzde 23 dolu",dc2,rack-A,prod
ALM-01405,2026-09-10T03:11:59,OBM,ao-024-payment,payment-service,4,mem_high,Bellek kullanimi yuzde 49 seviyesinde,dc2,rack-A,prod
ALM-01179,2026-09-10T03:12:01,OBM,ao-033-subscriber,subscriber-db,4,db_conn_pool,"Baglanti havuzu tukendi, bekleyen istek sayisi 99",dc1,rack-A,prod
ALM-01162,2026-09-10T03:12:02,OBM,ao-032-subscriber,subscriber-db,4,cpu_high,CPU kullanimi yuzde 98,dc2,rack-C,prod
ALM-02019,2026-09-10T03:12:02,Prometheus,ao-052-payment,payment-provider-gw,2,ntp_drift,Saat sapmasi 62 ms,dc2,rack-B,prod
ALM-02405,2026-09-10T03:12:03,Zabbix,ao-031-subscriber,subscriber-db,2,latency_high,"Yanit suresi p99 esigi asti, 28 ms",dc1,rack-B,prod
ALM-01913,2026-09-10T03:12:06,OBM,ao-005-mobile,mobile-bff,2,mem_high,Bellek kullanimi yuzde 45 seviyesinde,dc1,rack-C,prod
ALM-01926,2026-09-10T03:12:07,OBM,ao-007-web,web-bff,1,network_flap,Arayuz ens192 link durumu 50 kez degisti,dc1,rack-B,prod
ALM-01194,2026-09-10T03:12:08,AppDynamics,ao-015-subscriber,subscriber-service,4,cpu_high,CPU kullanimi yuzde 80,dc1,rack-A,prod
ALM-01901,2026-09-10T03:12:10,Prometheus,ao-056-kyc,kyc-provider-gw,2,disk_warn,"Disk kullanimi uyari seviyesinde, yuzde 60 dolu",dc2,rack-C,prod
ALM-02385,2026-09-10T03:12:11,Prometheus,ao-001-api,api-gateway,1,cert_expiry,Sertifika 30 gun icinde suresi dolacak,dc1,rack-B,prod
ALM-02564,2026-09-10T03:12:11,Zabbix,ao-051-report,report-batch,2,ntp_drift,Saat sapmasi 67 ms,dc1,rack-A,prod
ALM-01115,2026-09-10T03:12:13,OBM,ao-050-reconciliation,reconciliation-batch,4,cpu_high,CPU kullanimi yuzde 96,dc2,rack-C,prod
ALM-01212,2026-09-10T03:12:19,SyslogNG,ao-016-subscriber,subscriber-service,4,latency_high,"Yanit suresi p99 esigi asti, 80 ms",dc2,rack-B,prod
ALM-01540,2026-09-10T03:12:28,Zabbix,ao-010-auth,auth-service,1,cert_expiry,Sertifika 24 gun icinde suresi dolacak,dc2,rack-B,prod
ALM-02490,2026-09-10T03:12:31,AppDynamics,ao-041-object,object-store,4,log_rotate,"Log rotasyonu beklenenden uzun surdu, 34 saniye",dc1,rack-C,prod
ALM-02937,2026-09-10T03:12:34,Zabbix,ao-023-charging,charging-service,1,latency_high,"Yanit suresi p99 esigi asti, 49 ms",dc1,rack-C,prod
ALM-01180,2026-09-10T03:12:36,Zabbix,ao-033-subscriber,subscriber-db,4,latency_high,"Yanit suresi p99 esigi asti, 92 ms",dc1,rack-A,prod
ALM-02630,2026-09-10T03:12:37,OBM,ao-043-load,load-balancer,3,cert_expiry,Sertifika 22 gun icinde suresi dolacak,dc1,rack-B,prod
ALM-01434,2026-09-10T03:12:45,SyslogNG,ao-010-auth,auth-service,2,disk_warn,"Disk kullanimi uyari seviyesinde, yuzde 85 dolu",dc2,rack-B,prod
ALM-02423,2026-09-10T03:12:45,OBM,ao-056-kyc,kyc-provider-gw,2,cpu_high,CPU kullanimi yuzde 86,dc2,rack-C,prod
ALM-02809,2026-09-10T03:12:45,Zabbix,ao-022-charging,charging-service,2,mem_high,Bellek kullanimi yuzde 59 seviyesinde,dc2,rack-B,prod
ALM-02180,2026-09-10T03:12:47,Zabbix,ao-035-billing,billing-db,3,cert_expiry,Sertifika 69 gun icinde suresi dolacak,dc1,rack-C,prod
ALM-02978,2026-09-10T03:12:49,Prometheus,ao-006-mobile,mobile-bff,1,network_flap,Arayuz eth0 link durumu 34 kez degisti,dc2,rack-A,prod
ALM-01633,2026-09-10T03:12:50,OBM,ao-004-mobile,mobile-bff,2,disk_warn,"Disk kullanimi uyari seviyesinde, yuzde 47 dolu",dc2,rack-B,prod
ALM-01163,2026-09-10T03:12:51,SyslogNG,ao-032-subscriber,subscriber-db,4,db_conn_pool,"Baglanti havuzu tukendi, bekleyen istek sayisi 98",dc2,rack-C,prod
ALM-02382,2026-09-10T03:12:51,Zabbix,ao-032-subscriber,subscriber-db,4,backup_warn,Yedekleme isi 73 dakika gecikmeli tamamlandi,dc2,rack-C,prod
ALM-02628,2026-09-10T03:12:52,Zabbix,ao-055-sms,sms-gateway,2,log_rotate,"Log rotasyonu beklenenden uzun surdu, 60 saniye",dc1,rack-B,prod
ALM-01226,2026-09-10T03:12:53,Prometheus,ao-017-subscriber,subscriber-service,4,cpu_high,CPU kullanimi yuzde 80,dc1,rack-C,prod
ALM-01454,2026-09-10T03:12:53,SyslogNG,ao-008-web,web-bff,1,mem_high,Bellek kullanimi yuzde 53 seviyesinde,dc2,rack-C,prod
ALM-01505,2026-09-10T03:12:56,Zabbix,ao-014-session,session-service,2,ntp_drift,Saat sapmasi 44 ms,dc2,rack-C,prod
ALM-01316,2026-09-10T03:13:00,OBM,ao-049-invoice,invoice-batch,2,network_flap,Arayuz bond0 link durumu 76 kez degisti,dc1,rack-B,prod
ALM-02128,2026-09-10T03:13:02,AppDynamics,ao-042-load,load-balancer,3,backup_warn,Yedekleme isi 55 dakika gecikmeli tamamlandi,dc2,rack-A,prod
ALM-01920,2026-09-10T03:13:06,Zabbix,ao-041-object,object-store,1,ntp_drift,Saat sapmasi 25 ms,dc1,rack-C,prod
ALM-01148,2026-09-10T03:13:08,AppDynamics,ao-031-subscriber,subscriber-db,3,db_conn_pool,"Baglanti havuzu tukendi, bekleyen istek sayisi 78",dc1,rack-B,prod
ALM-01975,2026-09-10T03:13:12,Prometheus,ao-055-sms,sms-gateway,1,mem_high,Bellek kullanimi yuzde 32 seviyesinde,dc1,rack-B,prod
ALM-01994,2026-09-10T03:13:12,OBM,ao-005-mobile,mobile-bff,2,cert_expiry,Sertifika 77 gun icinde suresi dolacak,dc1,rack-C,prod
ALM-02381,2026-09-10T03:13:12,Prometheus,ao-024-payment,payment-service,2,disk_warn,"Disk kullanimi uyari seviyesinde, yuzde 82 dolu",dc2,rack-A,prod
ALM-01213,2026-09-10T03:13:14,OBM,ao-016-subscriber,subscriber-service,3,latency_high,"Yanit suresi p99 esigi asti, 72 ms",dc2,rack-B,prod
ALM-01133,2026-09-10T03:13:15,Zabbix,ao-051-report,report-batch,3,batch_slow,Toplu is calisma suresi 85 dakikaya ulasti,dc1,rack-A,prod
ALM-01778,2026-09-10T03:13:16,OBM,ao-053-payment,payment-provider-gw,2,disk_warn,"Disk kullanimi uyari seviyesinde, yuzde 37 dolu",dc1,rack-C,prod
ALM-01116,2026-09-10T03:13:20,Prometheus,ao-050-reconciliation,reconciliation-batch,3,batch_slow,Toplu is calisma suresi 81 dakikaya ulasti,dc2,rack-C,prod
ALM-01647,2026-09-10T03:13:20,Zabbix,ao-004-mobile,mobile-bff,3,log_rotate,"Log rotasyonu beklenenden uzun surdu, 61 saniye",dc2,rack-B,prod
ALM-01195,2026-09-10T03:13:22,AppDynamics,ao-015-subscriber,subscriber-service,3,db_conn_pool,"Baglanti havuzu tukendi, bekleyen istek sayisi 83",dc1,rack-A,prod
ALM-01501,2026-09-10T03:13:24,OBM,ao-056-kyc,kyc-provider-gw,1,log_rotate,"Log rotasyonu beklenenden uzun surdu, 50 saniye",dc2,rack-C,prod
ALM-02045,2026-09-10T03:13:28,AppDynamics,ao-018-billing,billing-service,1,cert_expiry,Sertifika 36 gun icinde suresi dolacak,dc2,rack-A,prod
ALM-02315,2026-09-10T03:13:29,Zabbix,ao-022-charging,charging-service,1,network_flap,Arayuz eth1 link durumu 25 kez degisti,dc2,rack-B,prod
ALM-01511,2026-09-10T03:13:32,AppDynamics,ao-030-notification,notification-service,3,ntp_drift,Saat sapmasi 83 ms,dc2,rack-A,prod
ALM-01117,2026-09-10T03:13:36,OBM,ao-050-reconciliation,reconciliation-batch,3,batch_slow,Toplu is calisma suresi 96 dakikaya ulasti,dc2,rack-C,prod
ALM-01587,2026-09-10T03:13:36,AppDynamics,ao-045-dns,dns-resolver,3,cert_expiry,Sertifika 35 gun icinde suresi dolacak,dc1,rack-A,prod
ALM-02433,2026-09-10T03:13:36,SyslogNG,ao-048-batch,batch-scheduler,1,mem_high,Bellek kullanimi yuzde 33 seviyesinde,dc2,rack-A,prod
ALM-02779,2026-09-10T03:13:38,Zabbix,ao-044-load,load-balancer,2,latency_high,"Yanit suresi p99 esigi asti, 84 ms",dc2,rack-C,prod
ALM-01685,2026-09-10T03:13:41,SyslogNG,ao-050-reconciliation,reconciliation-batch,3,mem_high,Bellek kullanimi yuzde 75 seviyesinde,dc2,rack-C,prod
ALM-01903,2026-09-10T03:13:46,AppDynamics,ao-030-notification,notification-service,4,backup_warn,Yedekleme isi 58 dakika gecikmeli tamamlandi,dc2,rack-A,prod
ALM-01688,2026-09-10T03:13:51,AppDynamics,ao-050-reconciliation,reconciliation-batch,3,cpu_high,CPU kullanimi yuzde 26,dc2,rack-C,prod
ALM-01196,2026-09-10T03:13:56,Prometheus,ao-015-subscriber,subscriber-service,3,latency_high,"Yanit suresi p99 esigi asti, 78 ms",dc1,rack-A,prod
ALM-02910,2026-09-10T03:13:57,OBM,ao-017-subscriber,subscriber-service,3,ntp_drift,Saat sapmasi 65 ms,dc1,rack-C,prod
ALM-02030,2026-09-10T03:13:58,Zabbix,ao-049-invoice,invoice-batch,1,backup_warn,Yedekleme isi 20 dakika gecikmeli tamamlandi,dc1,rack-B,prod
ALM-02682,2026-09-10T03:14:01,AppDynamics,ao-040-message,message-queue,2,disk_warn,"Disk kullanimi uyari seviyesinde, yuzde 76 dolu",dc2,rack-B,prod
ALM-01134,2026-09-10T03:14:02,AppDynamics,ao-051-report,report-batch,3,batch_slow,Toplu is calisma suresi 79 dakikaya ulasti,dc1,rack-A,prod
ALM-01695,2026-09-10T03:14:11,SyslogNG,ao-040-message,message-queue,1,cert_expiry,Sertifika 53 gun icinde suresi dolacak,dc2,rack-B,prod
ALM-01214,2026-09-10T03:14:14,SyslogNG,ao-016-subscriber,subscriber-service,4,db_conn_pool,"Baglanti havuzu tukendi, bekleyen istek sayisi 79",dc2,rack-B,prod
ALM-02783,2026-09-10T03:14:14,Zabbix,ao-012-session,session-service,2,disk_warn,"Disk kullanimi uyari seviyesinde, yuzde 38 dolu",dc2,rack-A,prod
ALM-01181,2026-09-10T03:14:17,AppDynamics,ao-033-subscriber,subscriber-db,3,latency_high,"Yanit suresi p99 esigi asti, 72 ms",dc1,rack-A,prod
ALM-01164,2026-09-10T03:14:23,Prometheus,ao-032-subscriber,subscriber-db,3,db_conn_pool,"Baglanti havuzu tukendi, bekleyen istek sayisi 99",dc2,rack-C,prod
ALM-01227,2026-09-10T03:14:25,OBM,ao-017-subscriber,subscriber-service,3,cpu_high,CPU kullanimi yuzde 94,dc1,rack-C,prod
ALM-01149,2026-09-10T03:14:28,SyslogNG,ao-031-subscriber,subscriber-db,4,latency_high,"Yanit suresi p99 esigi asti, 79 ms",dc1,rack-B,prod
ALM-02569,2026-09-10T03:14:46,SyslogNG,ao-037-cache,cache-cluster,2,ntp_drift,Saat sapmasi 26 ms,dc1,rack-B,prod
ALM-01118,2026-09-10T03:14:48,AppDynamics,ao-050-reconciliation,reconciliation-batch,4,db_conn_pool,"Baglanti havuzu tukendi, bekleyen istek sayisi 98",dc2,rack-C,prod
ALM-02493,2026-09-10T03:14:55,Zabbix,ao-049-invoice,invoice-batch,3,log_rotate,"Log rotasyonu beklenenden uzun surdu, 66 saniye",dc1,rack-B,prod
ALM-01586,2026-09-10T03:14:56,OBM,ao-056-kyc,kyc-provider-gw,1,cert_expiry,Sertifika 37 gun icinde suresi dolacak,dc2,rack-C,prod
ALM-02494,2026-09-10T03:14:58,Zabbix,ao-056-kyc,kyc-provider-gw,2,backup_warn,Yedekleme isi 86 dakika gecikmeli tamamlandi,dc2,rack-C,prod
ALM-02544,2026-09-10T03:14:59,OBM,ao-003-api,api-gateway,2,disk_warn,"Disk kullanimi uyari seviyesinde, yuzde 23 dolu",dc1,rack-A,prod
ALM-02549,2026-09-10T03:15:00,Prometheus,ao-029-catalog,catalog-service,1,log_rotate,"Log rotasyonu beklenenden uzun surdu, 23 saniye",dc1,rack-C,prod
ALM-02845,2026-09-10T03:15:02,OBM,ao-041-object,object-store,4,network_flap,Arayuz ens192 link durumu 81 kez degisti,dc1,rack-C,prod
ALM-01957,2026-09-10T03:15:03,AppDynamics,ao-047-ntp,ntp-service,2,network_flap,Arayuz ens192 link durumu 30 kez degisti,dc1,rack-C,prod
ALM-02580,2026-09-10T03:15:03,AppDynamics,ao-042-load,load-balancer,2,latency_high,"Yanit suresi p99 esigi asti, 71 ms",dc2,rack-A,prod
ALM-02795,2026-09-10T03:15:05,Zabbix,ao-021-charging,charging-service,2,cpu_high,CPU kullanimi yuzde 39,dc1,rack-A,prod
ALM-01354,2026-09-10T03:15:07,Zabbix,ao-001-api,api-gateway,3,disk_warn,"Disk kullanimi uyari seviyesinde, yuzde 48 dolu",dc1,rack-B,prod
ALM-02881,2026-09-10T03:15:07,OBM,ao-001-api,api-gateway,1,mem_high,Bellek kullanimi yuzde 21 seviyesinde,dc1,rack-B,prod
ALM-01150,2026-09-10T03:15:11,Zabbix,ao-031-subscriber,subscriber-db,3,db_conn_pool,"Baglanti havuzu tukendi, bekleyen istek sayisi 98",dc1,rack-B,prod
ALM-02357,2026-09-10T03:15:12,SyslogNG,ao-025-payment,payment-service,1,mem_high,Bellek kullanimi yuzde 41 seviyesinde,dc1,rack-B,prod
ALM-01349,2026-09-10T03:15:18,SyslogNG,ao-055-sms,sms-gateway,1,cpu_high,CPU kullanimi yuzde 46,dc1,rack-B,prod
ALM-01544,2026-09-10T03:15:20,Zabbix,ao-005-mobile,mobile-bff,1,backup_warn,Yedekleme isi 44 dakika gecikmeli tamamlandi,dc1,rack-C,prod
ALM-02714,2026-09-10T03:15:20,SyslogNG,ao-044-load,load-balancer,3,cert_expiry,Sertifika 83 gun icinde suresi dolacak,dc2,rack-C,prod
ALM-01827,2026-09-10T03:15:26,Prometheus,ao-048-batch,batch-scheduler,1,cert_expiry,Sertifika 61 gun icinde suresi dolacak,dc2,rack-A,prod
ALM-01410,2026-09-10T03:15:32,Prometheus,ao-022-charging,charging-service,2,cpu_high,CPU kullanimi yuzde 60,dc2,rack-B,prod
ALM-02888,2026-09-10T03:15:32,Zabbix,ao-017-subscriber,subscriber-service,2,disk_warn,"Disk kullanimi uyari seviyesinde, yuzde 63 dolu",dc1,rack-C,prod
ALM-02279,2026-09-10T03:15:34,AppDynamics,ao-035-billing,billing-db,2,latency_high,"Yanit suresi p99 esigi asti, 87 ms",dc1,rack-C,prod
ALM-02687,2026-09-10T03:15:34,Prometheus,ao-056-kyc,kyc-provider-gw,2,mem_high,Bellek kullanimi yuzde 61 seviyesinde,dc2,rack-C,prod
ALM-01182,2026-09-10T03:15:37,SyslogNG,ao-033-subscriber,subscriber-db,3,db_conn_pool,"Baglanti havuzu tukendi, bekleyen istek sayisi 86",dc1,rack-A,prod
ALM-01197,2026-09-10T03:15:37,SyslogNG,ao-015-subscriber,subscriber-service,4,cpu_high,CPU kullanimi yuzde 79,dc1,rack-A,prod
ALM-01135,2026-09-10T03:15:39,AppDynamics,ao-051-report,report-batch,3,cpu_high,CPU kullanimi yuzde 72,dc1,rack-A,prod
ALM-02449,2026-09-10T03:15:43,AppDynamics,ao-020-billing,billing-service,1,mem_high,Bellek kullanimi yuzde 77 seviyesinde,dc2,rack-C,prod
ALM-01228,2026-09-10T03:15:45,SyslogNG,ao-017-subscriber,subscriber-service,4,latency_high,"Yanit suresi p99 esigi asti, 81 ms",dc1,rack-C,prod
ALM-01165,2026-09-10T03:15:46,AppDynamics,ao-032-subscriber,subscriber-db,3,latency_high,"Yanit suresi p99 esigi asti, 80 ms",dc2,rack-C,prod
ALM-01215,2026-09-10T03:15:47,OBM,ao-016-subscriber,subscriber-service,3,db_conn_pool,"Baglanti havuzu tukendi, bekleyen istek sayisi 75",dc2,rack-B,prod
ALM-02624,2026-09-10T03:15:51,OBM,ao-036-billing,billing-db,2,disk_warn,"Disk kullanimi uyari seviyesinde, yuzde 28 dolu",dc2,rack-A,prod
ALM-01465,2026-09-10T03:16:02,OBM,ao-028-order,order-service,2,ntp_drift,Saat sapmasi 84 ms,dc2,rack-B,prod
ALM-01646,2026-09-10T03:16:04,AppDynamics,ao-013-session,session-service,1,disk_warn,"Disk kullanimi uyari seviyesinde, yuzde 35 dolu",dc1,rack-B,prod
ALM-01980,2026-09-10T03:16:15,AppDynamics,ao-023-charging,charging-service,2,backup_warn,Yedekleme isi 21 dakika gecikmeli tamamlandi,dc1,rack-C,prod
ALM-01183,2026-09-10T03:16:17,OBM,ao-033-subscriber,subscriber-db,4,latency_high,"Yanit suresi p99 esigi asti, 99 ms",dc1,rack-A,prod
ALM-01198,2026-09-10T03:16:17,SyslogNG,ao-015-subscriber,subscriber-service,4,db_conn_pool,"Baglanti havuzu tukendi, bekleyen istek sayisi 71",dc1,rack-A,prod
ALM-01267,2026-09-10T03:16:19,SyslogNG,ao-055-sms,sms-gateway,2,log_rotate,"Log rotasyonu beklenenden uzun surdu, 30 saniye",dc1,rack-B,prod
ALM-01549,2026-09-10T03:16:29,SyslogNG,ao-028-order,order-service,4,backup_warn,Yedekleme isi 53 dakika gecikmeli tamamlandi,dc2,rack-B,prod
ALM-01229,2026-09-10T03:16:31,SyslogNG,ao-017-subscriber,subscriber-service,4,latency_high,"Yanit suresi p99 esigi asti, 76 ms",dc1,rack-C,prod
ALM-01928,2026-09-10T03:16:31,OBM,ao-026-payment,payment-service,2,mem_high,Bellek kullanimi yuzde 60 seviyesinde,dc2,rack-C,prod
ALM-01216,2026-09-10T03:16:32,AppDynamics,ao-016-subscriber,subscriber-service,4,latency_high,"Yanit suresi p99 esigi asti, 88 ms",dc2,rack-B,prod
ALM-01407,2026-09-10T03:16:33,OBM,ao-008-web,web-bff,1,latency_high,"Yanit suresi p99 esigi asti, 70 ms",dc2,rack-C,prod
ALM-01166,2026-09-10T03:16:42,OBM,ao-032-subscriber,subscriber-db,3,cpu_high,CPU kullanimi yuzde 73,dc2,rack-C,prod
ALM-02774,2026-09-10T03:16:42,Zabbix,ao-001-api,api-gateway,2,network_flap,Arayuz eth0 link durumu 78 kez degisti,dc1,rack-B,prod
ALM-01136,2026-09-10T03:16:43,Zabbix,ao-051-report,report-batch,3,db_conn_pool,"Baglanti havuzu tukendi, bekleyen istek sayisi 89",dc1,rack-A,prod
ALM-02478,2026-09-10T03:16:45,OBM,ao-004-mobile,mobile-bff,1,latency_high,"Yanit suresi p99 esigi asti, 59 ms",dc2,rack-B,prod
ALM-01119,2026-09-10T03:16:46,Prometheus,ao-050-reconciliation,reconciliation-batch,3,db_conn_pool,"Baglanti havuzu tukendi, bekleyen istek sayisi 88",dc2,rack-C,prod
ALM-02757,2026-09-10T03:16:46,SyslogNG,ao-024-payment,payment-service,3,network_flap,Arayuz ens192 link durumu 77 kez degisti,dc2,rack-A,prod
ALM-01722,2026-09-10T03:16:51,SyslogNG,ao-038-cache,cache-cluster,2,ntp_drift,Saat sapmasi 36 ms,dc2,rack-C,prod
ALM-01151,2026-09-10T03:17:06,Zabbix,ao-031-subscriber,subscriber-db,4,cpu_high,CPU kullanimi yuzde 96,dc1,rack-B,prod
ALM-02022,2026-09-10T03:17:08,AppDynamics,ao-009-auth,auth-service,2,cert_expiry,Sertifika 43 gun icinde suresi dolacak,dc1,rack-A,prod
ALM-02214,2026-09-10T03:17:09,OBM,ao-025-payment,payment-service,2,mem_high,Bellek kullanimi yuzde 32 seviyesinde,dc1,rack-B,prod
ALM-02240,2026-09-10T03:17:09,OBM,ao-010-auth,auth-service,2,cpu_high,CPU kullanimi yuzde 36,dc2,rack-B,prod
ALM-01137,2026-09-10T03:17:17,SyslogNG,ao-051-report,report-batch,3,cpu_high,CPU kullanimi yuzde 85,dc1,rack-A,prod
ALM-01184,2026-09-10T03:17:26,AppDynamics,ao-033-subscriber,subscriber-db,4,latency_high,"Yanit suresi p99 esigi asti, 80 ms",dc1,rack-A,prod
ALM-01217,2026-09-10T03:17:26,Zabbix,ao-016-subscriber,subscriber-service,3,latency_high,"Yanit suresi p99 esigi asti, 79 ms",dc2,rack-B,prod
ALM-01355,2026-09-10T03:17:26,Prometheus,ao-056-kyc,kyc-provider-gw,1,disk_warn,"Disk kullanimi uyari seviyesinde, yuzde 37 dolu",dc2,rack-C,prod
ALM-01462,2026-09-10T03:17:26,Zabbix,ao-023-charging,charging-service,1,cpu_high,CPU kullanimi yuzde 85,dc1,rack-C,prod
ALM-01152,2026-09-10T03:17:29,AppDynamics,ao-031-subscriber,subscriber-db,4,db_conn_pool,"Baglanti havuzu tukendi, bekleyen istek sayisi 90",dc1,rack-B,prod
ALM-01912,2026-09-10T03:17:29,SyslogNG,ao-035-billing,billing-db,3,latency_high,"Yanit suresi p99 esigi asti, 65 ms",dc1,rack-C,prod
ALM-01345,2026-09-10T03:17:30,Zabbix,ao-051-report,report-batch,2,cert_expiry,Sertifika 81 gun icinde suresi dolacak,dc1,rack-A,prod
ALM-01591,2026-09-10T03:17:30,SyslogNG,ao-014-session,session-service,3,mem_high,Bellek kullanimi yuzde 24 seviyesinde,dc2,rack-C,prod
ALM-01167,2026-09-10T03:17:33,OBM,ao-032-subscriber,subscriber-db,3,db_conn_pool,"Baglanti havuzu tukendi, bekleyen istek sayisi 71",dc2,rack-C,prod
ALM-02442,2026-09-10T03:17:37,OBM,ao-041-object,object-store,1,log_rotate,"Log rotasyonu beklenenden uzun surdu, 32 saniye",dc1,rack-C,prod
ALM-01120,2026-09-10T03:17:38,AppDynamics,ao-050-reconciliation,reconciliation-batch,4,batch_slow,Toplu is calisma suresi 71 dakikaya ulasti,dc2,rack-C,prod
ALM-01199,2026-09-10T03:17:40,OBM,ao-015-subscriber,subscriber-service,3,cpu_high,CPU kullanimi yuzde 86,dc1,rack-A,prod
ALM-01473,2026-09-10T03:17:44,Prometheus,ao-022-charging,charging-service,1,mem_high,Bellek kullanimi yuzde 82 seviyesinde,dc2,rack-B,prod
ALM-01944,2026-09-10T03:17:45,Zabbix,ao-026-payment,payment-service,1,backup_warn,Yedekleme isi 77 dakika gecikmeli tamamlandi,dc2,rack-C,prod
ALM-01996,2026-09-10T03:17:46,AppDynamics,ao-019-billing,billing-service,1,log_rotate,"Log rotasyonu beklenenden uzun surdu, 27 saniye",dc1,rack-B,prod
ALM-01850,2026-09-10T03:17:47,Prometheus,ao-045-dns,dns-resolver,2,cpu_high,CPU kullanimi yuzde 21,dc1,rack-A,prod
ALM-02090,2026-09-10T03:17:49,AppDynamics,ao-029-catalog,catalog-service,2,mem_high,Bellek kullanimi yuzde 59 seviyesinde,dc1,rack-C,prod
ALM-01939,2026-09-10T03:17:50,SyslogNG,ao-030-notification,notification-service,1,backup_warn,Yedekleme isi 69 dakika gecikmeli tamamlandi,dc2,rack-A,prod
ALM-02926,2026-09-10T03:17:56,Prometheus,ao-036-billing,billing-db,4,mem_high,Bellek kullanimi yuzde 65 seviyesinde,dc2,rack-A,prod
ALM-01280,2026-09-10T03:17:57,Prometheus,ao-025-payment,payment-service,1,cert_expiry,Sertifika 39 gun icinde suresi dolacak,dc1,rack-B,prod
ALM-02841,2026-09-10T03:17:57,AppDynamics,ao-006-mobile,mobile-bff,3,cpu_high,CPU kullanimi yuzde 81,dc2,rack-A,prod
ALM-01121,2026-09-10T03:18:05,SyslogNG,ao-050-reconciliation,reconciliation-batch,4,cpu_high,CPU kullanimi yuzde 91,dc2,rack-C,prod
ALM-01614,2026-09-10T03:18:10,OBM,ao-017-subscriber,subscriber-service,1,cert_expiry,Sertifika 76 gun icinde suresi dolacak,dc1,rack-C,prod
ALM-02313,2026-09-10T03:18:13,OBM,ao-056-kyc,kyc-provider-gw,1,cpu_high,CPU kullanimi yuzde 85,dc2,rack-C,prod
ALM-01771,2026-09-10T03:18:16,Prometheus,ao-035-billing,billing-db,1,log_rotate,"Log rotasyonu beklenenden uzun surdu, 39 saniye",dc1,rack-C,prod
ALM-02657,2026-09-10T03:18:17,SyslogNG,ao-015-subscriber,subscriber-service,3,backup_warn,Yedekleme isi 49 dakika gecikmeli tamamlandi,dc1,rack-A,prod
ALM-02671,2026-09-10T03:18:17,OBM,ao-040-message,message-queue,3,cert_expiry,Sertifika 32 gun icinde suresi dolacak,dc2,rack-B,prod
ALM-01230,2026-09-10T03:18:18,SyslogNG,ao-017-subscriber,subscriber-service,3,latency_high,"Yanit suresi p99 esigi asti, 77 ms",dc1,rack-C,prod
ALM-02484,2026-09-10T03:18:18,Zabbix,ao-055-sms,sms-gateway,2,backup_warn,Yedekleme isi 57 dakika gecikmeli tamamlandi,dc1,rack-B,prod
ALM-01703,2026-09-10T03:18:23,Zabbix,ao-043-load,load-balancer,2,latency_high,"Yanit suresi p99 esigi asti, 82 ms",dc1,rack-B,prod
ALM-02828,2026-09-10T03:18:40,AppDynamics,ao-023-charging,charging-service,2,network_flap,Arayuz eth0 link durumu 52 kez degisti,dc1,rack-C,prod
ALM-01854,2026-09-10T03:18:41,OBM,ao-033-subscriber,subscriber-db,1,disk_warn,"Disk kullanimi uyari seviyesinde, yuzde 44 dolu",dc1,rack-A,prod
ALM-01185,2026-09-10T03:18:44,AppDynamics,ao-033-subscriber,subscriber-db,3,latency_high,"Yanit suresi p99 esigi asti, 97 ms",dc1,rack-A,prod
ALM-02082,2026-09-10T03:18:45,Prometheus,ao-010-auth,auth-service,4,latency_high,"Yanit suresi p99 esigi asti, 41 ms",dc2,rack-B,prod
ALM-01385,2026-09-10T03:18:46,Prometheus,ao-030-notification,notification-service,3,disk_warn,"Disk kullanimi uyari seviyesinde, yuzde 68 dolu",dc2,rack-A,prod
ALM-01547,2026-09-10T03:18:46,OBM,ao-041-object,object-store,2,log_rotate,"Log rotasyonu beklenenden uzun surdu, 52 saniye",dc1,rack-C,prod
ALM-01577,2026-09-10T03:18:48,OBM,ao-044-load,load-balancer,1,log_rotate,"Log rotasyonu beklenenden uzun surdu, 86 saniye",dc2,rack-C,prod
ALM-01794,2026-09-10T03:18:48,Prometheus,ao-047-ntp,ntp-service,2,log_rotate,"Log rotasyonu beklenenden uzun surdu, 65 saniye",dc1,rack-C,prod
ALM-01168,2026-09-10T03:18:49,AppDynamics,ao-032-subscriber,subscriber-db,3,latency_high,"Yanit suresi p99 esigi asti, 86 ms",dc2,rack-C,prod
ALM-01138,2026-09-10T03:18:55,SyslogNG,ao-051-report,report-batch,3,cpu_high,CPU kullanimi yuzde 71,dc1,rack-A,prod
ALM-01153,2026-09-10T03:18:56,Zabbix,ao-031-subscriber,subscriber-db,4,db_conn_pool,"Baglanti havuzu tukendi, bekleyen istek sayisi 76",dc1,rack-B,prod
ALM-01200,2026-09-10T03:19:04,Zabbix,ao-015-subscriber,subscriber-service,4,cpu_high,CPU kullanimi yuzde 83,dc1,rack-A,prod
ALM-02537,2026-09-10T03:19:05,OBM,ao-046-dns,dns-resolver,2,cpu_high,CPU kullanimi yuzde 76,dc2,rack-B,prod
ALM-02861,2026-09-10T03:19:07,OBM,ao-024-payment,payment-service,2,mem_high,Bellek kullanimi yuzde 77 seviyesinde,dc2,rack-A,prod
ALM-01581,2026-09-10T03:19:09,AppDynamics,ao-014-session,session-service,2,network_flap,Arayuz eth1 link durumu 75 kez degisti,dc2,rack-C,prod
ALM-01993,2026-09-10T03:19:13,Zabbix,ao-015-subscriber,subscriber-service,2,disk_warn,"Disk kullanimi uyari seviyesinde, yuzde 34 dolu",dc1,rack-A,prod
ALM-01231,2026-09-10T03:19:16,Prometheus,ao-017-subscriber,subscriber-service,3,db_conn_pool,"Baglanti havuzu tukendi, bekleyen istek sayisi 73",dc1,rack-C,prod
ALM-01122,2026-09-10T03:19:18,Zabbix,ao-050-reconciliation,reconciliation-batch,3,cpu_high,CPU kullanimi yuzde 96,dc2,rack-C,prod
ALM-02212,2026-09-10T03:19:19,Prometheus,ao-048-batch,batch-scheduler,3,ntp_drift,Saat sapmasi 33 ms,dc2,rack-A,prod
ALM-02235,2026-09-10T03:19:22,Prometheus,ao-003-api,api-gateway,2,cert_expiry,Sertifika 41 gun icinde suresi dolacak,dc1,rack-A,prod
ALM-02820,2026-09-10T03:19:22,OBM,ao-050-reconciliation,reconciliation-batch,2,disk_warn,"Disk kullanimi uyari seviyesinde, yuzde 72 dolu",dc2,rack-C,prod
ALM-01139,2026-09-10T03:19:25,Zabbix,ao-051-report,report-batch,3,cpu_high,CPU kullanimi yuzde 94,dc1,rack-A,prod
ALM-01218,2026-09-10T03:19:29,SyslogNG,ao-016-subscriber,subscriber-service,3,db_conn_pool,"Baglanti havuzu tukendi, bekleyen istek sayisi 87",dc2,rack-B,prod
ALM-01725,2026-09-10T03:19:35,Zabbix,ao-011-auth,auth-service,2,log_rotate,"Log rotasyonu beklenenden uzun surdu, 35 saniye",dc1,rack-C,prod
ALM-02788,2026-09-10T03:19:40,Prometheus,ao-031-subscriber,subscriber-db,3,disk_warn,"Disk kullanimi uyari seviyesinde, yuzde 76 dolu",dc1,rack-B,prod
ALM-02029,2026-09-10T03:19:45,AppDynamics,ao-051-report,report-batch,1,log_rotate,"Log rotasyonu beklenenden uzun surdu, 37 saniye",dc1,rack-A,prod
ALM-02174,2026-09-10T03:19:46,OBM,ao-003-api,api-gateway,2,disk_warn,"Disk kullanimi uyari seviyesinde, yuzde 36 dolu",dc1,rack-A,prod
ALM-02683,2026-09-10T03:19:49,Zabbix,ao-002-api,api-gateway,1,mem_high,Bellek kullanimi yuzde 48 seviyesinde,dc2,rack-C,prod
ALM-01232,2026-09-10T03:19:50,Prometheus,ao-017-subscriber,subscriber-service,3,latency_high,"Yanit suresi p99 esigi asti, 76 ms",dc1,rack-C,prod
ALM-01545,2026-09-10T03:19:50,SyslogNG,ao-042-load,load-balancer,3,cert_expiry,Sertifika 46 gun icinde suresi dolacak,dc2,rack-A,prod
ALM-02955,2026-09-10T03:19:51,Prometheus,ao-017-subscriber,subscriber-service,3,network_flap,Arayuz eth1 link durumu 87 kez degisti,dc1,rack-C,prod
ALM-02233,2026-09-10T03:19:53,Prometheus,ao-045-dns,dns-resolver,1,backup_warn,Yedekleme isi 38 dakika gecikmeli tamamlandi,dc1,rack-A,prod
ALM-01201,2026-09-10T03:20:01,Zabbix,ao-015-subscriber,subscriber-service,4,latency_high,"Yanit suresi p99 esigi asti, 84 ms",dc1,rack-A,prod
ALM-02800,2026-09-10T03:20:14,Zabbix,ao-036-billing,billing-db,2,ntp_drift,Saat sapmasi 31 ms,dc2,rack-A,prod
ALM-02140,2026-09-10T03:20:15,OBM,ao-008-web,web-bff,1,log_rotate,"Log rotasyonu beklenenden uzun surdu, 36 saniye",dc2,rack-C,prod
ALM-01140,2026-09-10T03:20:24,OBM,ao-051-report,report-batch,3,batch_slow,Toplu is calisma suresi 80 dakikaya ulasti,dc1,rack-A,prod
ALM-01730,2026-09-10T03:20:24,SyslogNG,ao-018-billing,billing-service,2,latency_high,"Yanit suresi p99 esigi asti, 59 ms",dc2,rack-A,prod
ALM-01219,2026-09-10T03:20:29,AppDynamics,ao-016-subscriber,subscriber-service,3,db_conn_pool,"Baglanti havuzu tukendi, bekleyen istek sayisi 86",dc2,rack-B,prod
ALM-01693,2026-09-10T03:20:33,OBM,ao-034-billing,billing-db,2,latency_high,"Yanit suresi p99 esigi asti, 74 ms",dc2,rack-B,prod
ALM-01395,2026-09-10T03:20:35,AppDynamics,ao-023-charging,charging-service,2,backup_warn,Yedekleme isi 88 dakika gecikmeli tamamlandi,dc1,rack-C,prod
ALM-01990,2026-09-10T03:20:35,OBM,ao-048-batch,batch-scheduler,2,latency_high,"Yanit suresi p99 esigi asti, 64 ms",dc2,rack-A,prod
ALM-01397,2026-09-10T03:20:36,SyslogNG,ao-043-load,load-balancer,2,latency_high,"Yanit suresi p99 esigi asti, 54 ms",dc1,rack-B,prod
ALM-01154,2026-09-10T03:20:39,SyslogNG,ao-031-subscriber,subscriber-db,3,cpu_high,CPU kullanimi yuzde 92,dc1,rack-B,prod
ALM-01169,2026-09-10T03:20:39,SyslogNG,ao-032-subscriber,subscriber-db,3,latency_high,"Yanit suresi p99 esigi asti, 80 ms",dc2,rack-C,prod
ALM-01186,2026-09-10T03:20:39,OBM,ao-033-subscriber,subscriber-db,3,db_conn_pool,"Baglanti havuzu tukendi, bekleyen istek sayisi 77",dc1,rack-A,prod
ALM-01723,2026-09-10T03:20:42,OBM,ao-032-subscriber,subscriber-db,4,network_flap,Arayuz bond0 link durumu 26 kez degisti,dc2,rack-C,prod
ALM-02973,2026-09-10T03:20:45,SyslogNG,ao-052-payment,payment-provider-gw,3,mem_high,Bellek kullanimi yuzde 59 seviyesinde,dc2,rack-B,prod
ALM-02343,2026-09-10T03:20:51,Zabbix,ao-015-subscriber,subscriber-service,1,network_flap,Arayuz eth1 link durumu 84 kez degisti,dc1,rack-A,prod
ALM-02947,2026-09-10T03:20:51,AppDynamics,ao-031-subscriber,subscriber-db,2,mem_high,Bellek kullanimi yuzde 81 seviyesinde,dc1,rack-B,prod
ALM-02856,2026-09-10T03:20:55,AppDynamics,ao-042-load,load-balancer,1,cert_expiry,Sertifika 38 gun icinde suresi dolacak,dc2,rack-A,prod
ALM-01123,2026-09-10T03:20:58,Prometheus,ao-050-reconciliation,reconciliation-batch,3,db_conn_pool,"Baglanti havuzu tukendi, bekleyen istek sayisi 83",dc2,rack-C,prod
ALM-01702,2026-09-10T03:20:59,Zabbix,ao-031-subscriber,subscriber-db,2,cert_expiry,Sertifika 50 gun icinde suresi dolacak,dc1,rack-B,prod
ALM-02508,2026-09-10T03:21:02,AppDynamics,ao-011-auth,auth-service,3,disk_warn,"Disk kullanimi uyari seviyesinde, yuzde 70 dolu",dc1,rack-C,prod
ALM-02793,2026-09-10T03:21:02,SyslogNG,ao-005-mobile,mobile-bff,1,log_rotate,"Log rotasyonu beklenenden uzun surdu, 47 saniye",dc1,rack-C,prod
ALM-02051,2026-09-10T03:21:10,OBM,ao-052-payment,payment-provider-gw,2,mem_high,Bellek kullanimi yuzde 56 seviyesinde,dc2,rack-B,prod
ALM-01220,2026-09-10T03:21:11,OBM,ao-016-subscriber,subscriber-service,3,latency_high,"Yanit suresi p99 esigi asti, 80 ms",dc2,rack-B,prod
ALM-02286,2026-09-10T03:21:11,Zabbix,ao-025-payment,payment-service,1,cert_expiry,Sertifika 40 gun icinde suresi dolacak,dc1,rack-B,prod
ALM-01869,2026-09-10T03:21:15,Prometheus,ao-005-mobile,mobile-bff,2,cert_expiry,Sertifika 72 gun icinde suresi dolacak,dc1,rack-C,prod
ALM-02103,2026-09-10T03:21:19,Prometheus,ao-014-session,session-service,3,mem_high,Bellek kullanimi yuzde 50 seviyesinde,dc2,rack-C,prod
ALM-01623,2026-09-10T03:21:20,Zabbix,ao-018-billing,billing-service,1,disk_warn,"Disk kullanimi uyari seviyesinde, yuzde 45 dolu",dc2,rack-A,prod
ALM-02256,2026-09-10T03:21:22,OBM,ao-009-auth,auth-service,4,ntp_drift,Saat sapmasi 53 ms,dc1,rack-A,prod
ALM-01233,2026-09-10T03:21:25,OBM,ao-017-subscriber,subscriber-service,4,cpu_high,CPU kullanimi yuzde 79,dc1,rack-C,prod
ALM-01548,2026-09-10T03:21:27,SyslogNG,ao-006-mobile,mobile-bff,1,mem_high,Bellek kullanimi yuzde 73 seviyesinde,dc2,rack-A,prod
ALM-01187,2026-09-10T03:21:38,OBM,ao-033-subscriber,subscriber-db,3,db_conn_pool,"Baglanti havuzu tukendi, bekleyen istek sayisi 90",dc1,rack-A,prod
ALM-01141,2026-09-10T03:21:41,Zabbix,ao-051-report,report-batch,3,db_conn_pool,"Baglanti havuzu tukendi, bekleyen istek sayisi 71",dc1,rack-A,prod
ALM-01155,2026-09-10T03:21:41,Zabbix,ao-031-subscriber,subscriber-db,4,cpu_high,CPU kullanimi yuzde 88,dc1,rack-B,prod
ALM-01202,2026-09-10T03:21:44,OBM,ao-015-subscriber,subscriber-service,3,cpu_high,CPU kullanimi yuzde 96,dc1,rack-A,prod
ALM-02576,2026-09-10T03:21:44,Zabbix,ao-028-order,order-service,2,cpu_high,CPU kullanimi yuzde 51,dc2,rack-B,prod
ALM-01974,2026-09-10T03:21:45,OBM,ao-017-subscriber,subscriber-service,2,latency_high,"Yanit suresi p99 esigi asti, 64 ms",dc1,rack-C,prod
ALM-02425,2026-09-10T03:21:48,Zabbix,ao-040-message,message-queue,2,cpu_high,CPU kullanimi yuzde 31,dc2,rack-B,prod
ALM-01124,2026-09-10T03:21:54,AppDynamics,ao-050-reconciliation,reconciliation-batch,4,db_conn_pool,"Baglanti havuzu tukendi, bekleyen istek sayisi 99",dc2,rack-C,prod
ALM-01170,2026-09-10T03:21:55,SyslogNG,ao-032-subscriber,subscriber-db,4,db_conn_pool,"Baglanti havuzu tukendi, bekleyen istek sayisi 83",dc2,rack-C,prod
ALM-02920,2026-09-10T03:22:06,Zabbix,ao-048-batch,batch-scheduler,4,mem_high,Bellek kullanimi yuzde 68 seviyesinde,dc2,rack-A,prod
ALM-02470,2026-09-10T03:22:20,Prometheus,ao-008-web,web-bff,2,mem_high,Bellek kullanimi yuzde 32 seviyesinde,dc2,rack-C,prod
ALM-01171,2026-09-10T03:22:23,SyslogNG,ao-032-subscriber,subscriber-db,3,latency_high,"Yanit suresi p99 esigi asti, 99 ms",dc2,rack-C,prod
ALM-02018,2026-09-10T03:22:23,Zabbix,ao-012-session,session-service,2,cpu_high,CPU kullanimi yuzde 28,dc2,rack-A,prod
ALM-02999,2026-09-10T03:22:24,Zabbix,ao-026-payment,payment-service,1,mem_high,Bellek kullanimi yuzde 76 seviyesinde,dc2,rack-C,prod
ALM-01156,2026-09-10T03:22:25,Prometheus,ao-031-subscriber,subscriber-db,3,cpu_high,CPU kullanimi yuzde 70,dc1,rack-B,prod
ALM-01203,2026-09-10T03:22:25,Prometheus,ao-015-subscriber,subscriber-service,4,latency_high,"Yanit suresi p99 esigi asti, 79 ms",dc1,rack-A,prod
ALM-02835,2026-09-10T03:22:29,SyslogNG,ao-054-payment,payment-provider-gw,3,ntp_drift,Saat sapmasi 70 ms,dc2,rack-A,prod
ALM-01125,2026-09-10T03:22:33,SyslogNG,ao-050-reconciliation,reconciliation-batch,4,batch_slow,Toplu is calisma suresi 97 dakikaya ulasti,dc2,rack-C,prod
ALM-01234,2026-09-10T03:22:38,Prometheus,ao-017-subscriber,subscriber-service,3,db_conn_pool,"Baglanti havuzu tukendi, bekleyen istek sayisi 94",dc1,rack-C,prod
ALM-01188,2026-09-10T03:22:44,OBM,ao-033-subscriber,subscriber-db,3,cpu_high,CPU kullanimi yuzde 82,dc1,rack-A,prod
ALM-01221,2026-09-10T03:22:45,SyslogNG,ao-016-subscriber,subscriber-service,4,db_conn_pool,"Baglanti havuzu tukendi, bekleyen istek sayisi 92",dc2,rack-B,prod
ALM-02500,2026-09-10T03:22:53,Zabbix,ao-014-session,session-service,1,log_rotate,"Log rotasyonu beklenenden uzun surdu, 71 saniye",dc2,rack-C,prod
ALM-01866,2026-09-10T03:22:55,SyslogNG,ao-035-billing,billing-db,4,cert_expiry,Sertifika 83 gun icinde suresi dolacak,dc1,rack-C,prod
ALM-01517,2026-09-10T03:23:05,SyslogNG,ao-031-subscriber,subscriber-db,2,cert_expiry,Sertifika 63 gun icinde suresi dolacak,dc1,rack-B,prod
ALM-01628,2026-09-10T03:23:05,Prometheus,ao-021-charging,charging-service,2,log_rotate,"Log rotasyonu beklenenden uzun surdu, 66 saniye",dc1,rack-A,prod
ALM-02061,2026-09-10T03:23:12,SyslogNG,ao-022-charging,charging-service,1,latency_high,"Yanit suresi p99 esigi asti, 74 ms",dc2,rack-B,prod
ALM-01142,2026-09-10T03:23:13,AppDynamics,ao-051-report,report-batch,4,cpu_high,CPU kullanimi yuzde 78,dc1,rack-A,prod
ALM-01418,2026-09-10T03:23:21,OBM,ao-043-load,load-balancer,2,disk_warn,"Disk kullanimi uyari seviyesinde, yuzde 47 dolu",dc1,rack-B,prod
ALM-02996,2026-09-10T03:23:24,Prometheus,ao-048-batch,batch-scheduler,1,mem_high,Bellek kullanimi yuzde 78 seviyesinde,dc2,rack-A,prod
ALM-01305,2026-09-10T03:23:25,Zabbix,ao-053-payment,payment-provider-gw,1,cert_expiry,Sertifika 66 gun icinde suresi dolacak,dc1,rack-C,prod
ALM-01204,2026-09-10T03:23:26,SyslogNG,ao-015-subscriber,subscriber-service,3,db_conn_pool,"Baglanti havuzu tukendi, bekleyen istek sayisi 91",dc1,rack-A,prod
ALM-01580,2026-09-10T03:23:28,Zabbix,ao-034-billing,billing-db,1,disk_warn,"Disk kullanimi uyari seviyesinde, yuzde 65 dolu",dc2,rack-B,prod
ALM-01222,2026-09-10T03:23:29,SyslogNG,ao-016-subscriber,subscriber-service,4,latency_high,"Yanit suresi p99 esigi asti, 81 ms",dc2,rack-B,prod
ALM-01126,2026-09-10T03:23:31,OBM,ao-050-reconciliation,reconciliation-batch,3,db_conn_pool,"Baglanti havuzu tukendi, bekleyen istek sayisi 82",dc2,rack-C,prod
ALM-01255,2026-09-10T03:23:33,Prometheus,ao-012-session,session-service,2,mem_high,Bellek kullanimi yuzde 85 seviyesinde,dc2,rack-A,prod
ALM-01443,2026-09-10T03:23:39,OBM,ao-041-object,object-store,2,disk_warn,"Disk kullanimi uyari seviyesinde, yuzde 79 dolu",dc1,rack-C,prod
ALM-01235,2026-09-10T03:23:40,Prometheus,ao-017-subscriber,subscriber-service,4,db_conn_pool,"Baglanti havuzu tukendi, bekleyen istek sayisi 78",dc1,rack-C,prod
ALM-02734,2026-09-10T03:23:43,AppDynamics,ao-022-charging,charging-service,2,log_rotate,"Log rotasyonu beklenenden uzun surdu, 73 saniye",dc2,rack-B,prod
ALM-02679,2026-09-10T03:23:47,SyslogNG,ao-056-kyc,kyc-provider-gw,2,cert_expiry,Sertifika 20 gun icinde suresi dolacak,dc2,rack-C,prod
ALM-01667,2026-09-10T03:23:48,Prometheus,ao-056-kyc,kyc-provider-gw,2,mem_high,Bellek kullanimi yuzde 40 seviyesinde,dc2,rack-C,prod
ALM-01498,2026-09-10T03:23:50,AppDynamics,ao-029-catalog,catalog-service,1,cpu_high,CPU kullanimi yuzde 44,dc1,rack-C,prod
ALM-02674,2026-09-10T03:23:59,Zabbix,ao-007-web,web-bff,1,log_rotate,"Log rotasyonu beklenenden uzun surdu, 82 saniye",dc1,rack-B,prod
ALM-02983,2026-09-10T03:23:59,SyslogNG,ao-030-notification,notification-service,2,ntp_drift,Saat sapmasi 66 ms,dc2,rack-A,prod
ALM-01412,2026-09-10T03:24:00,Zabbix,ao-004-mobile,mobile-bff,2,latency_high,"Yanit suresi p99 esigi asti, 34 ms",dc2,rack-B,prod
ALM-01607,2026-09-10T03:24:00,AppDynamics,ao-029-catalog,catalog-service,2,latency_high,"Yanit suresi p99 esigi asti, 24 ms",dc1,rack-C,prod
ALM-02697,2026-09-10T03:24:03,Zabbix,ao-022-charging,charging-service,3,log_rotate,"Log rotasyonu beklenenden uzun surdu, 52 saniye",dc2,rack-B,prod
ALM-02901,2026-09-10T03:24:05,Zabbix,ao-024-payment,payment-service,1,log_rotate,"Log rotasyonu beklenenden uzun surdu, 29 saniye",dc2,rack-A,prod
ALM-01157,2026-09-10T03:24:07,Prometheus,ao-031-subscriber,subscriber-db,4,db_conn_pool,"Baglanti havuzu tukendi, bekleyen istek sayisi 73",dc1,rack-B,prod
ALM-02192,2026-09-10T03:24:07,Zabbix,ao-035-billing,billing-db,2,cpu_high,CPU kullanimi yuzde 23,dc1,rack-C,prod
ALM-01634,2026-09-10T03:24:09,AppDynamics,ao-005-mobile,mobile-bff,1,latency_high,"Yanit suresi p99 esigi asti, 76 ms",dc1,rack-C,prod
ALM-01172,2026-09-10T03:24:14,Prometheus,ao-032-subscriber,subscriber-db,4,db_conn_pool,"Baglanti havuzu tukendi, bekleyen istek sayisi 83",dc2,rack-C,prod
ALM-02092,2026-09-10T03:24:14,OBM,ao-029-catalog,catalog-service,1,cpu_high,CPU kullanimi yuzde 43,dc1,rack-C,prod
ALM-01189,2026-09-10T03:24:15,AppDynamics,ao-033-subscriber,subscriber-db,4,db_conn_pool,"Baglanti havuzu tukendi, bekleyen istek sayisi 98",dc1,rack-A,prod
ALM-01574,2026-09-10T03:24:15,SyslogNG,ao-045-dns,dns-resolver,3,cpu_high,CPU kullanimi yuzde 79,dc1,rack-A,prod
ALM-01330,2026-09-10T03:24:20,OBM,ao-022-charging,charging-service,4,mem_high,Bellek kullanimi yuzde 34 seviyesinde,dc2,rack-B,prod
ALM-01143,2026-09-10T03:24:23,Prometheus,ao-051-report,report-batch,3,batch_slow,Toplu is calisma suresi 86 dakikaya ulasti,dc1,rack-A,prod
ALM-02159,2026-09-10T03:24:23,AppDynamics,ao-035-billing,billing-db,1,ntp_drift,Saat sapmasi 51 ms,dc1,rack-C,prod
ALM-02403,2026-09-10T03:24:29,Prometheus,ao-011-auth,auth-service,1,log_rotate,"Log rotasyonu beklenenden uzun surdu, 46 saniye",dc1,rack-C,prod
ALM-01265,2026-09-10T03:24:33,OBM,ao-020-billing,billing-service,1,backup_warn,Yedekleme isi 57 dakika gecikmeli tamamlandi,dc2,rack-C,prod
ALM-01671,2026-09-10T03:24:39,Prometheus,ao-020-billing,billing-service,3,log_rotate,"Log rotasyonu beklenenden uzun surdu, 57 saniye",dc2,rack-C,prod
ALM-01190,2026-09-10T03:24:43,Prometheus,ao-033-subscriber,subscriber-db,4,cpu_high,CPU kullanimi yuzde 99,dc1,rack-A,prod
ALM-02437,2026-09-10T03:24:44,Prometheus,ao-001-api,api-gateway,1,cert_expiry,Sertifika 31 gun icinde suresi dolacak,dc1,rack-B,prod
ALM-01158,2026-09-10T03:24:46,OBM,ao-031-subscriber,subscriber-db,4,cpu_high,CPU kullanimi yuzde 88,dc1,rack-B,prod
ALM-01205,2026-09-10T03:24:47,OBM,ao-015-subscriber,subscriber-service,4,latency_high,"Yanit suresi p99 esigi asti, 93 ms",dc1,rack-A,prod
ALM-01269,2026-09-10T03:24:52,Zabbix,ao-012-session,session-service,2,log_rotate,"Log rotasyonu beklenenden uzun surdu, 80 saniye",dc2,rack-A,prod
ALM-01236,2026-09-10T03:24:53,SyslogNG,ao-017-subscriber,subscriber-service,3,cpu_high,CPU kullanimi yuzde 95,dc1,rack-C,prod
ALM-01127,2026-09-10T03:24:54,SyslogNG,ao-050-reconciliation,reconciliation-batch,4,cpu_high,CPU kullanimi yuzde 90,dc2,rack-C,prod
ALM-01362,2026-09-10T03:24:59,Prometheus,ao-048-batch,batch-scheduler,2,cpu_high,CPU kullanimi yuzde 32,dc2,rack-A,prod
ALM-02353,2026-09-10T03:25:08,OBM,ao-026-payment,payment-service,1,cert_expiry,Sertifika 47 gun icinde suresi dolacak,dc2,rack-C,prod
ALM-02598,2026-09-10T03:25:12,SyslogNG,ao-032-subscriber,subscriber-db,1,ntp_drift,Saat sapmasi 43 ms,dc2,rack-C,prod
ALM-01754,2026-09-10T03:25:18,SyslogNG,ao-043-load,load-balancer,2,backup_warn,Yedekleme isi 54 dakika gecikmeli tamamlandi,dc1,rack-B,prod
ALM-01841,2026-09-10T03:25:23,SyslogNG,ao-026-payment,payment-service,1,latency_high,"Yanit suresi p99 esigi asti, 46 ms",dc2,rack-C,prod
ALM-01173,2026-09-10T03:25:25,Prometheus,ao-032-subscriber,subscriber-db,4,cpu_high,CPU kullanimi yuzde 84,dc2,rack-C,prod
ALM-01144,2026-09-10T03:25:29,OBM,ao-051-report,report-batch,3,db_conn_pool,"Baglanti havuzu tukendi, bekleyen istek sayisi 85",dc1,rack-A,prod
ALM-02859,2026-09-10T03:25:35,Zabbix,ao-018-billing,billing-service,2,network_flap,Arayuz ens192 link durumu 53 kez degisti,dc2,rack-A,prod
ALM-01564,2026-09-10T03:25:39,Zabbix,ao-043-load,load-balancer,1,latency_high,"Yanit suresi p99 esigi asti, 21 ms",dc1,rack-B,prod
ALM-01258,2026-09-10T03:25:45,Zabbix,ao-047-ntp,ntp-service,1,latency_high,"Yanit suresi p99 esigi asti, 68 ms",dc1,rack-C,prod
ALM-01276,2026-09-10T03:25:46,Zabbix,ao-037-cache,cache-cluster,2,backup_warn,Yedekleme isi 85 dakika gecikmeli tamamlandi,dc1,rack-B,prod
ALM-01898,2026-09-10T03:25:47,OBM,ao-008-web,web-bff,1,cert_expiry,Sertifika 71 gun icinde suresi dolacak,dc2,rack-C,prod
ALM-02647,2026-09-10T03:25:48,SyslogNG,ao-040-message,message-queue,3,backup_warn,Yedekleme isi 57 dakika gecikmeli tamamlandi,dc2,rack-B,prod
ALM-02721,2026-09-10T03:25:57,OBM,ao-014-session,session-service,1,backup_warn,Yedekleme isi 21 dakika gecikmeli tamamlandi,dc2,rack-C,prod
ALM-02832,2026-09-10T03:25:57,Zabbix,ao-005-mobile,mobile-bff,3,latency_high,"Yanit suresi p99 esigi asti, 28 ms",dc1,rack-C,prod
ALM-02083,2026-09-10T03:25:58,Zabbix,ao-054-payment,payment-provider-gw,2,ntp_drift,Saat sapmasi 46 ms,dc2,rack-A,prod
ALM-01174,2026-09-10T03:25:59,OBM,ao-032-subscriber,subscriber-db,3,cpu_high,CPU kullanimi yuzde 91,dc2,rack-C,prod
ALM-02903,2026-09-10T03:26:04,AppDynamics,ao-029-catalog,catalog-service,3,mem_high,Bellek kullanimi yuzde 33 seviyesinde,dc1,rack-C,prod
ALM-02404,2026-09-10T03:26:13,Zabbix,ao-052-payment,payment-provider-gw,3,mem_high,Bellek kullanimi yuzde 88 seviyesinde,dc2,rack-B,prod
ALM-01508,2026-09-10T03:26:22,SyslogNG,ao-043-load,load-balancer,1,network_flap,Arayuz eth1 link durumu 25 kez degisti,dc1,rack-B,prod
ALM-02592,2026-09-10T03:26:25,AppDynamics,ao-046-dns,dns-resolver,1,backup_warn,Yedekleme isi 63 dakika gecikmeli tamamlandi,dc2,rack-B,prod
ALM-02995,2026-09-10T03:26:27,Prometheus,ao-051-report,report-batch,2,latency_high,"Yanit suresi p99 esigi asti, 45 ms",dc1,rack-A,prod
ALM-01293,2026-09-10T03:26:28,AppDynamics,ao-032-subscriber,subscriber-db,1,disk_warn,"Disk kullanimi uyari seviyesinde, yuzde 58 dolu",dc2,rack-C,prod
ALM-02008,2026-09-10T03:26:28,Prometheus,ao-056-kyc,kyc-provider-gw,1,ntp_drift,Saat sapmasi 37 ms,dc2,rack-C,prod
ALM-01191,2026-09-10T03:26:29,OBM,ao-033-subscriber,subscriber-db,4,db_conn_pool,"Baglanti havuzu tukendi, bekleyen istek sayisi 86",dc1,rack-A,prod
ALM-02435,2026-09-10T03:26:32,Zabbix,ao-016-subscriber,subscriber-service,1,ntp_drift,Saat sapmasi 39 ms,dc2,rack-B,prod
ALM-01424,2026-09-10T03:26:34,Prometheus,ao-019-billing,billing-service,1,disk_warn,"Disk kullanimi uyari seviyesinde, yuzde 55 dolu",dc1,rack-B,prod
ALM-01206,2026-09-10T03:26:36,SyslogNG,ao-015-subscriber,subscriber-service,4,db_conn_pool,"Baglanti havuzu tukendi, bekleyen istek sayisi 78",dc1,rack-A,prod
ALM-01159,2026-09-10T03:26:45,Prometheus,ao-031-subscriber,subscriber-db,3,cpu_high,CPU kullanimi yuzde 89,dc1,rack-B,prod
ALM-01237,2026-09-10T03:26:46,OBM,ao-017-subscriber,subscriber-service,4,db_conn_pool,"Baglanti havuzu tukendi, bekleyen istek sayisi 91",dc1,rack-C,prod
ALM-01631,2026-09-10T03:26:49,Zabbix,ao-055-sms,sms-gateway,1,mem_high,Bellek kullanimi yuzde 39 seviyesinde,dc1,rack-B,prod
ALM-01880,2026-09-10T03:26:51,OBM,ao-047-ntp,ntp-service,3,mem_high,Bellek kullanimi yuzde 38 seviyesinde,dc1,rack-C,prod
ALM-02410,2026-09-10T03:26:54,Zabbix,ao-035-billing,billing-db,2,cert_expiry,Sertifika 49 gun icinde suresi dolacak,dc1,rack-C,prod
ALM-01238,2026-09-10T03:27:01,Zabbix,ao-017-subscriber,subscriber-service,4,db_conn_pool,"Baglanti havuzu tukendi, bekleyen istek sayisi 77",dc1,rack-C,prod
ALM-02633,2026-09-10T03:27:01,AppDynamics,ao-027-order,order-service,1,latency_high,"Yanit suresi p99 esigi asti, 40 ms",dc1,rack-A,prod
ALM-01175,2026-09-10T03:27:14,Prometheus,ao-032-subscriber,subscriber-db,3,db_conn_pool,"Baglanti havuzu tukendi, bekleyen istek sayisi 98",dc2,rack-C,prod
ALM-01207,2026-09-10T03:27:14,SyslogNG,ao-015-subscriber,subscriber-service,4,cpu_high,CPU kullanimi yuzde 77,dc1,rack-A,prod
ALM-02204,2026-09-10T03:27:21,OBM,ao-008-web,web-bff,3,mem_high,Bellek kullanimi yuzde 34 seviyesinde,dc2,rack-C,prod
ALM-02460,2026-09-10T03:27:21,AppDynamics,ao-001-api,api-gateway,2,cpu_high,CPU kullanimi yuzde 78,dc1,rack-B,prod
ALM-01467,2026-09-10T03:27:28,AppDynamics,ao-052-payment,payment-provider-gw,2,network_flap,Arayuz bond0 link durumu 60 kez degisti,dc2,rack-B,prod
ALM-02745,2026-09-10T03:27:30,SyslogNG,ao-039-message,message-queue,1,latency_high,"Yanit suresi p99 esigi asti, 39 ms",dc1,rack-A,prod
ALM-02386,2026-09-10T03:27:31,OBM,ao-023-charging,charging-service,2,cpu_high,CPU kullanimi yuzde 39,dc1,rack-C,prod
ALM-02852,2026-09-10T03:27:31,AppDynamics,ao-007-web,web-bff,1,mem_high,Bellek kullanimi yuzde 55 seviyesinde,dc1,rack-B,prod
ALM-02715,2026-09-10T03:27:34,AppDynamics,ao-017-subscriber,subscriber-service,2,latency_high,"Yanit suresi p99 esigi asti, 59 ms",dc1,rack-C,prod
ALM-01662,2026-09-10T03:27:41,OBM,ao-025-payment,payment-service,1,cert_expiry,Sertifika 36 gun icinde suresi dolacak,dc1,rack-B,prod
ALM-02009,2026-09-10T03:27:45,Prometheus,ao-010-auth,auth-service,3,latency_high,"Yanit suresi p99 esigi asti, 38 ms",dc2,rack-B,prod
ALM-01742,2026-09-10T03:27:48,AppDynamics,ao-006-mobile,mobile-bff,2,disk_warn,"Disk kullanimi uyari seviyesinde, yuzde 65 dolu",dc2,rack-A,prod
ALM-01972,2026-09-10T03:28:10,OBM,ao-001-api,api-gateway,2,disk_warn,"Disk kullanimi uyari seviyesinde, yuzde 81 dolu",dc1,rack-B,prod
ALM-02923,2026-09-10T03:28:18,SyslogNG,ao-044-load,load-balancer,1,mem_high,Bellek kullanimi yuzde 42 seviyesinde,dc2,rack-C,prod
ALM-01734,2026-09-10T03:28:19,Zabbix,ao-007-web,web-bff,3,mem_high,Bellek kullanimi yuzde 84 seviyesinde,dc1,rack-B,prod
ALM-02911,2026-09-10T03:28:19,SyslogNG,ao-019-billing,billing-service,1,ntp_drift,Saat sapmasi 78 ms,dc1,rack-B,prod
ALM-01176,2026-09-10T03:28:28,SyslogNG,ao-032-subscriber,subscriber-db,3,cpu_high,CPU kullanimi yuzde 74,dc2,rack-C,prod
ALM-01665,2026-09-10T03:28:33,Zabbix,ao-034-billing,billing-db,2,disk_warn,"Disk kullanimi uyari seviyesinde, yuzde 30 dolu",dc2,rack-B,prod
ALM-01247,2026-09-10T03:28:34,Zabbix,ao-031-subscriber,subscriber-db,1,disk_warn,"Disk kullanimi uyari seviyesinde, yuzde 39 dolu",dc1,rack-B,prod
ALM-01208,2026-09-10T03:28:40,Zabbix,ao-015-subscriber,subscriber-service,3,db_conn_pool,"Baglanti havuzu tukendi, bekleyen istek sayisi 98",dc1,rack-A,prod
ALM-02303,2026-09-10T03:28:54,Zabbix,ao-008-web,web-bff,2,ntp_drift,Saat sapmasi 35 ms,dc2,rack-C,prod
ALM-02892,2026-09-10T03:28:59,Zabbix,ao-046-dns,dns-resolver,1,disk_warn,"Disk kullanimi uyari seviyesinde, yuzde 26 dolu",dc2,rack-B,prod
ALM-02468,2026-09-10T03:29:10,Prometheus,ao-051-report,report-batch,3,cpu_high,CPU kullanimi yuzde 36,dc1,rack-A,prod
ALM-01530,2026-09-10T03:29:19,AppDynamics,ao-031-subscriber,subscriber-db,1,disk_warn,"Disk kullanimi uyari seviyesinde, yuzde 51 dolu",dc1,rack-B,prod
ALM-01338,2026-09-10T03:29:20,SyslogNG,ao-043-load,load-balancer,1,backup_warn,Yedekleme isi 68 dakika gecikmeli tamamlandi,dc1,rack-B,prod
ALM-02287,2026-09-10T03:29:23,SyslogNG,ao-021-charging,charging-service,1,cert_expiry,Sertifika 39 gun icinde suresi dolacak,dc1,rack-A,prod
ALM-02095,2026-09-10T03:29:25,AppDynamics,ao-003-api,api-gateway,3,log_rotate,"Log rotasyonu beklenenden uzun surdu, 41 saniye",dc1,rack-A,prod
ALM-02278,2026-09-10T03:29:29,Zabbix,ao-005-mobile,mobile-bff,2,backup_warn,Yedekleme isi 26 dakika gecikmeli tamamlandi,dc1,rack-C,prod
ALM-02320,2026-09-10T03:29:29,OBM,ao-010-auth,auth-service,3,disk_warn,"Disk kullanimi uyari seviyesinde, yuzde 50 dolu",dc2,rack-B,prod
ALM-02976,2026-09-10T03:29:29,OBM,ao-045-dns,dns-resolver,2,backup_warn,Yedekleme isi 60 dakika gecikmeli tamamlandi,dc1,rack-A,prod
ALM-02025,2026-09-10T03:29:32,Zabbix,ao-022-charging,charging-service,2,cpu_high,CPU kullanimi yuzde 40,dc2,rack-B,prod
ALM-01768,2026-09-10T03:29:33,Zabbix,ao-022-charging,charging-service,3,ntp_drift,Saat sapmasi 84 ms,dc2,rack-B,prod
ALM-02084,2026-09-10T03:29:34,Prometheus,ao-017-subscriber,subscriber-service,2,cpu_high,CPU kullanimi yuzde 87,dc1,rack-C,prod
ALM-02208,2026-09-10T03:29:39,SyslogNG,ao-011-auth,auth-service,1,disk_warn,"Disk kullanimi uyari seviyesinde, yuzde 52 dolu",dc1,rack-C,prod
ALM-02097,2026-09-10T03:29:41,SyslogNG,ao-029-catalog,catalog-service,2,backup_warn,Yedekleme isi 59 dakika gecikmeli tamamlandi,dc1,rack-C,prod
ALM-01365,2026-09-10T03:29:45,OBM,ao-027-order,order-service,1,ntp_drift,Saat sapmasi 35 ms,dc1,rack-A,prod
ALM-02218,2026-09-10T03:29:49,SyslogNG,ao-055-sms,sms-gateway,2,mem_high,Bellek kullanimi yuzde 31 seviyesinde,dc1,rack-B,prod
ALM-02477,2026-09-10T03:29:50,OBM,ao-031-subscriber,subscriber-db,1,log_rotate,"Log rotasyonu beklenenden uzun surdu, 46 saniye",dc1,rack-B,prod
ALM-02571,2026-09-10T03:29:53,OBM,ao-029-catalog,catalog-service,2,disk_warn,"Disk kullanimi uyari seviyesinde, yuzde 82 dolu",dc1,rack-C,prod
ALM-02217,2026-09-10T03:30:01,SyslogNG,ao-014-session,session-service,1,mem_high,Bellek kullanimi yuzde 42 seviyesinde,dc2,rack-C,prod
ALM-01209,2026-09-10T03:30:06,OBM,ao-015-subscriber,subscriber-service,4,cpu_high,CPU kullanimi yuzde 99,dc1,rack-A,prod
ALM-02488,2026-09-10T03:30:07,SyslogNG,ao-056-kyc,kyc-provider-gw,2,mem_high,Bellek kullanimi yuzde 68 seviyesinde,dc2,rack-C,prod
ALM-02782,2026-09-10T03:30:12,AppDynamics,ao-046-dns,dns-resolver,2,mem_high,Bellek kullanimi yuzde 24 seviyesinde,dc2,rack-B,prod
ALM-01456,2026-09-10T03:30:13,AppDynamics,ao-013-session,session-service,1,latency_high,"Yanit suresi p99 esigi asti, 39 ms",dc1,rack-B,prod
ALM-02829,2026-09-10T03:30:18,Prometheus,ao-026-payment,payment-service,1,cert_expiry,Sertifika 28 gun icinde suresi dolacak,dc2,rack-C,prod
ALM-02759,2026-09-10T03:30:19,Prometheus,ao-027-order,order-service,4,cert_expiry,Sertifika 22 gun icinde suresi dolacak,dc1,rack-A,prod
ALM-02990,2026-09-10T03:30:20,OBM,ao-039-message,message-queue,2,ntp_drift,Saat sapmasi 20 ms,dc1,rack-A,prod
